# Blender 5.0.1
# www.blender.org
mtllib Wieselburger Model.mtl
o Line001
v -0.015297 -0.004108 0.372780
v -0.014718 -0.003953 0.372897
v -0.015238 -0.000008 0.372897
v -0.015837 -0.000008 0.372780
v -0.015870 -0.004261 0.372638
v -0.016430 -0.000008 0.372638
v -0.016428 -0.004411 0.372446
v -0.017008 -0.000008 0.372446
v -0.016967 -0.004555 0.372179
v -0.017566 -0.000008 0.372179
v -0.017480 -0.004693 0.371811
v -0.018096 -0.000008 0.371811
v -0.017958 -0.004821 0.371319
v -0.018592 -0.000008 0.371319
v -0.018397 -0.004939 0.370677
v -0.019046 -0.000008 0.370677
v -0.021616 -0.005801 0.323611
v -0.022379 -0.000008 0.323611
v -0.021532 -0.005778 0.323424
v -0.022292 -0.000008 0.323424
v -0.021268 -0.005708 0.323317
v -0.022019 -0.000008 0.323317
v -0.020882 -0.005604 0.323255
v -0.021619 -0.000008 0.323255
v -0.020432 -0.005484 0.323201
v -0.021153 -0.000008 0.323201
v -0.019973 -0.005361 0.323118
v -0.020678 -0.000008 0.323118
v -0.019565 -0.005251 0.322970
v -0.020255 -0.000008 0.322970
v -0.019263 -0.005170 0.322721
v -0.019942 -0.000008 0.322721
v -0.019184 -0.005149 0.318689
v -0.019861 -0.000008 0.318689
v -0.019141 -0.005138 0.314707
v -0.019816 -0.000008 0.314707
v -0.019170 -0.005145 0.310824
v -0.019846 -0.000008 0.310824
v -0.019306 -0.005182 0.307089
v -0.019988 -0.000008 0.307089
v -0.019587 -0.005257 0.303552
v -0.020278 -0.000008 0.303552
v -0.020048 -0.005381 0.300261
v -0.020755 -0.000008 0.300261
v -0.020725 -0.005562 0.297268
v -0.021456 -0.000008 0.297268
v -0.021970 -0.005896 0.292710
v -0.022745 -0.000008 0.292710
v -0.022983 -0.006167 0.286866
v -0.023794 -0.000008 0.286866
v -0.023803 -0.006387 0.279950
v -0.024642 -0.000008 0.279950
v -0.024467 -0.006565 0.272178
v -0.025330 -0.000008 0.272178
v -0.025015 -0.006712 0.263762
v -0.025898 -0.000008 0.263762
v -0.025486 -0.006838 0.254918
v -0.026385 -0.000008 0.254918
v -0.025918 -0.006954 0.245860
v -0.026832 -0.000008 0.245860
v -0.026010 -0.006978 0.243457
v -0.026928 -0.000008 0.243457
v -0.026341 -0.007067 0.240993
v -0.027270 -0.000008 0.240993
v -0.027150 -0.007284 0.238405
v -0.028108 -0.000008 0.238405
v -0.028678 -0.007693 0.235633
v -0.029689 -0.000008 0.235633
v -0.031162 -0.008359 0.232614
v -0.032261 -0.000008 0.232614
v -0.034842 -0.009345 0.229288
v -0.036071 -0.000008 0.229288
v -0.039957 -0.010715 0.225592
v -0.041367 -0.000008 0.225592
v -0.042664 -0.011441 0.223143
v -0.044169 -0.000008 0.223143
v -0.045370 -0.012166 0.220541
v -0.046971 -0.000008 0.220541
v -0.047918 -0.012849 0.217505
v -0.049609 -0.000008 0.217505
v -0.050150 -0.013447 0.213759
v -0.051919 -0.000008 0.213759
v -0.051907 -0.013917 0.209022
v -0.053738 -0.000008 0.209022
v -0.053031 -0.014219 0.203018
v -0.054902 -0.000008 0.203018
v -0.053366 -0.014308 0.195466
v -0.055249 -0.000008 0.195466
v -0.052939 -0.014194 -0.011918
v -0.054806 -0.000008 -0.011918
v -0.052903 -0.014184 -0.012062
v -0.054769 -0.000008 -0.012062
v -0.052830 -0.014165 -0.012218
v -0.054694 -0.000008 -0.012218
v -0.052686 -0.014126 -0.012400
v -0.054544 -0.000008 -0.012400
v -0.052433 -0.014058 -0.012620
v -0.054282 -0.000008 -0.012620
v -0.052035 -0.013952 -0.012891
v -0.053871 -0.000008 -0.012891
v -0.051457 -0.013797 -0.013227
v -0.053273 -0.000008 -0.013227
v -0.050663 -0.013584 -0.013639
v -0.052450 -0.000008 -0.013639
v -0.013715 -0.007929 0.372780
v -0.013195 -0.007629 0.372897
v -0.014228 -0.008225 0.372638
v -0.014729 -0.008514 0.372446
v -0.015212 -0.008793 0.372179
v -0.015671 -0.009058 0.371811
v -0.016101 -0.009306 0.371319
v -0.016494 -0.009533 0.370677
v -0.019380 -0.011200 0.323611
v -0.019305 -0.011156 0.323424
v -0.019068 -0.011019 0.323317
v -0.018722 -0.010820 0.323255
v -0.018318 -0.010586 0.323201
v -0.017907 -0.010349 0.323118
v -0.017541 -0.010138 0.322970
v -0.017270 -0.009981 0.322721
v -0.017199 -0.009940 0.318689
v -0.017161 -0.009918 0.314707
v -0.017186 -0.009933 0.310824
v -0.017309 -0.010004 0.307089
v -0.017561 -0.010149 0.303552
v -0.017974 -0.010388 0.300261
v -0.018581 -0.010738 0.297268
v -0.019697 -0.011383 0.292710
v -0.020606 -0.011907 0.286866
v -0.021340 -0.012331 0.279950
v -0.021936 -0.012675 0.272178
v -0.022428 -0.012959 0.263762
v -0.022850 -0.013203 0.254918
v -0.023237 -0.013426 0.245860
v -0.023319 -0.013474 0.243457
v -0.023616 -0.013645 0.240993
v -0.024342 -0.014064 0.238405
v -0.025711 -0.014855 0.235633
v -0.027938 -0.016141 0.232614
v -0.031238 -0.018046 0.229288
v -0.035824 -0.020693 0.225592
v -0.038251 -0.022095 0.223143
v -0.040678 -0.023496 0.220541
v -0.042962 -0.024814 0.217505
v -0.044962 -0.025970 0.213759
v -0.046538 -0.026879 0.209022
v -0.047546 -0.027461 0.203018
v -0.047846 -0.027635 0.195466
v -0.047463 -0.027413 -0.011918
v -0.047431 -0.027395 -0.012062
v -0.047366 -0.027357 -0.012218
v -0.047236 -0.027282 -0.012400
v -0.047009 -0.027151 -0.012620
v -0.046653 -0.026946 -0.012891
v -0.046135 -0.026646 -0.013227
v -0.045422 -0.026235 -0.013639
v -0.011197 -0.011210 0.372780
v -0.010773 -0.010786 0.372897
v -0.011616 -0.011629 0.372638
v -0.012025 -0.012038 0.372446
v -0.012420 -0.012432 0.372179
v -0.012795 -0.012807 0.371811
v -0.013145 -0.013158 0.371319
v -0.013466 -0.013479 0.370677
v -0.015823 -0.015835 0.323611
v -0.015761 -0.015774 0.323424
v -0.015568 -0.015581 0.323317
v -0.015286 -0.015298 0.323255
v -0.014956 -0.014968 0.323201
v -0.014620 -0.014633 0.323118
v -0.014321 -0.014334 0.322970
v -0.014100 -0.014113 0.322721
v -0.014042 -0.014055 0.318689
v -0.014011 -0.014023 0.314707
v -0.014032 -0.014044 0.310824
v -0.014132 -0.014144 0.307089
v -0.014338 -0.014350 0.303552
v -0.014675 -0.014687 0.300261
v -0.015170 -0.015183 0.297268
v -0.016082 -0.016095 0.292710
v -0.016824 -0.016836 0.286866
v -0.017423 -0.017436 0.279950
v -0.017910 -0.017922 0.272178
v -0.018311 -0.018324 0.263762
v -0.018656 -0.018668 0.254918
v -0.018972 -0.018984 0.245860
v -0.019039 -0.019052 0.243457
v -0.019282 -0.019294 0.240993
v -0.019874 -0.019887 0.238405
v -0.020992 -0.021005 0.235633
v -0.022811 -0.022823 0.232614
v -0.025505 -0.025517 0.229288
v -0.029249 -0.029262 0.225592
v -0.031231 -0.031243 0.223143
v -0.033212 -0.033225 0.220541
v -0.035077 -0.035090 0.217505
v -0.036711 -0.036723 0.213759
v -0.037997 -0.038010 0.209022
v -0.038820 -0.038833 0.203018
v -0.039066 -0.039078 0.195466
v -0.038753 -0.038765 -0.011918
v -0.038726 -0.038739 -0.012062
v -0.038673 -0.038686 -0.012218
v -0.038567 -0.038580 -0.012400
v -0.038382 -0.038395 -0.012620
v -0.038091 -0.038104 -0.012891
v -0.037668 -0.037680 -0.013227
v -0.037086 -0.037099 -0.013639
v -0.007916 -0.013727 0.372780
v -0.007616 -0.013208 0.372897
v -0.008212 -0.014240 0.372638
v -0.008502 -0.014741 0.372446
v -0.008781 -0.015225 0.372179
v -0.009046 -0.015684 0.371811
v -0.009294 -0.016113 0.371319
v -0.009521 -0.016506 0.370677
v -0.011187 -0.019393 0.323611
v -0.011143 -0.019317 0.323424
v -0.011007 -0.019081 0.323317
v -0.010807 -0.018735 0.323255
v -0.010574 -0.018331 0.323201
v -0.010337 -0.017920 0.323118
v -0.010125 -0.017553 0.322970
v -0.009969 -0.017283 0.322721
v -0.009928 -0.017212 0.318689
v -0.009906 -0.017173 0.314707
v -0.009921 -0.017199 0.310824
v -0.009991 -0.017322 0.307089
v -0.010137 -0.017573 0.303552
v -0.010375 -0.017987 0.300261
v -0.010726 -0.018593 0.297268
v -0.011370 -0.019710 0.292710
v -0.011895 -0.020618 0.286866
v -0.012319 -0.021353 0.279950
v -0.012663 -0.021949 0.272178
v -0.012947 -0.022440 0.263762
v -0.013190 -0.022862 0.254918
v -0.013414 -0.023249 0.245860
v -0.013461 -0.023332 0.243457
v -0.013633 -0.023629 0.240993
v -0.014052 -0.024354 0.238405
v -0.014842 -0.025724 0.235633
v -0.016128 -0.027951 0.232614
v -0.018033 -0.031250 0.229288
v -0.020681 -0.035836 0.225592
v -0.022082 -0.038263 0.223143
v -0.023483 -0.040690 0.220541
v -0.024802 -0.042974 0.217505
v -0.025957 -0.044975 0.213759
v -0.026867 -0.046550 0.209022
v -0.027449 -0.047559 0.203018
v -0.027622 -0.047859 0.195466
v -0.027401 -0.047476 -0.011918
v -0.027382 -0.047443 -0.012062
v -0.027345 -0.047378 -0.012218
v -0.027270 -0.047249 -0.012400
v -0.027139 -0.047022 -0.012620
v -0.026933 -0.046665 -0.012891
v -0.026634 -0.046147 -0.013227
v -0.026223 -0.045435 -0.013639
v -0.004095 -0.015310 0.372780
v -0.003940 -0.014731 0.372897
v -0.004249 -0.015882 0.372638
v -0.004399 -0.016441 0.372446
v -0.004543 -0.016980 0.372179
v -0.004680 -0.017492 0.371811
v -0.004808 -0.017971 0.371319
v -0.004926 -0.018410 0.370677
v -0.005789 -0.021629 0.323611
v -0.005766 -0.021544 0.323424
v -0.005695 -0.021281 0.323317
v -0.005592 -0.020895 0.323255
v -0.005471 -0.020444 0.323201
v -0.005348 -0.019986 0.323118
v -0.005239 -0.019577 0.322970
v -0.005158 -0.019275 0.322721
v -0.005137 -0.019196 0.318689
v -0.005125 -0.019153 0.314707
v -0.005133 -0.019182 0.310824
v -0.005170 -0.019319 0.307089
v -0.005245 -0.019600 0.303552
v -0.005368 -0.020061 0.300261
v -0.005550 -0.020737 0.297268
v -0.005883 -0.021983 0.292710
v -0.006155 -0.022996 0.286866
v -0.006374 -0.023815 0.279950
v -0.006552 -0.024480 0.272178
v -0.006699 -0.025028 0.263762
v -0.006825 -0.025498 0.254918
v -0.006941 -0.025930 0.245860
v -0.006966 -0.026022 0.243457
v -0.007055 -0.026353 0.240993
v -0.007271 -0.027163 0.238405
v -0.007681 -0.028690 0.235633
v -0.008346 -0.031174 0.232614
v -0.009332 -0.034854 0.229288
v -0.010703 -0.039969 0.225592
v -0.011428 -0.042676 0.223143
v -0.012154 -0.045383 0.220541
v -0.012836 -0.047931 0.217505
v -0.013434 -0.050162 0.213759
v -0.013905 -0.051919 0.209022
v -0.014206 -0.053044 0.203018
v -0.014296 -0.053379 0.195466
v -0.014181 -0.052951 -0.011918
v -0.014172 -0.052915 -0.012062
v -0.014152 -0.052843 -0.012218
v -0.014114 -0.052698 -0.012400
v -0.014046 -0.052445 -0.012620
v -0.013939 -0.052048 -0.012891
v -0.013785 -0.051470 -0.013227
v -0.013572 -0.050675 -0.013639
v 0.000005 -0.015849 0.372780
v 0.000005 -0.015250 0.372897
v 0.000005 -0.016442 0.372638
v 0.000005 -0.017021 0.372446
v 0.000005 -0.017579 0.372179
v 0.000005 -0.018109 0.371811
v 0.000005 -0.018605 0.371319
v 0.000005 -0.019059 0.370677
v 0.000005 -0.022391 0.323611
v 0.000005 -0.022304 0.323424
v 0.000005 -0.022031 0.323317
v 0.000005 -0.021632 0.323255
v 0.000005 -0.021165 0.323201
v 0.000005 -0.020691 0.323118
v 0.000005 -0.020268 0.322970
v 0.000005 -0.019955 0.322721
v 0.000005 -0.019873 0.318689
v 0.000005 -0.019828 0.314707
v 0.000005 -0.019858 0.310824
v 0.000005 -0.020000 0.307089
v 0.000005 -0.020291 0.303552
v 0.000005 -0.020768 0.300261
v 0.000005 -0.021469 0.297268
v 0.000005 -0.022758 0.292710
v 0.000005 -0.023807 0.286866
v 0.000005 -0.024655 0.279950
v 0.000005 -0.025343 0.272178
v 0.000005 -0.025910 0.263762
v 0.000005 -0.026398 0.254918
v 0.000005 -0.026845 0.245860
v 0.000005 -0.026940 0.243457
v 0.000005 -0.027283 0.240993
v 0.000005 -0.028121 0.238405
v 0.000005 -0.029702 0.235633
v 0.000005 -0.032273 0.232614
v 0.000005 -0.036083 0.229288
v 0.000005 -0.041379 0.225592
v 0.000005 -0.044182 0.223143
v 0.000005 -0.046984 0.220541
v 0.000005 -0.049621 0.217505
v 0.000005 -0.051931 0.213759
v 0.000005 -0.053750 0.209022
v 0.000005 -0.054915 0.203018
v 0.000005 -0.055261 0.195466
v 0.000005 -0.054819 -0.011918
v 0.000005 -0.054781 -0.012062
v 0.000005 -0.054706 -0.012218
v 0.000005 -0.054557 -0.012400
v 0.000005 -0.054295 -0.012620
v 0.000005 -0.053884 -0.012891
v 0.000005 -0.053285 -0.013227
v 0.000005 -0.052462 -0.013639
v 0.004105 -0.015310 0.372780
v 0.003950 -0.014731 0.372897
v 0.004258 -0.015882 0.372638
v 0.004408 -0.016441 0.372446
v 0.004552 -0.016980 0.372179
v 0.004690 -0.017492 0.371811
v 0.004818 -0.017971 0.371319
v 0.004936 -0.018410 0.370677
v 0.005798 -0.021629 0.323611
v 0.005775 -0.021544 0.323424
v 0.005705 -0.021281 0.323317
v 0.005601 -0.020895 0.323255
v 0.005481 -0.020444 0.323201
v 0.005358 -0.019986 0.323118
v 0.005248 -0.019577 0.322970
v 0.005167 -0.019275 0.322721
v 0.005146 -0.019196 0.318689
v 0.005135 -0.019153 0.314707
v 0.005142 -0.019182 0.310824
v 0.005179 -0.019319 0.307089
v 0.005254 -0.019600 0.303552
v 0.005378 -0.020061 0.300261
v 0.005559 -0.020737 0.297268
v 0.005893 -0.021983 0.292710
v 0.006164 -0.022996 0.286866
v 0.006384 -0.023815 0.279950
v 0.006562 -0.024480 0.272178
v 0.006709 -0.025028 0.263762
v 0.006835 -0.025498 0.254918
v 0.006951 -0.025930 0.245860
v 0.006975 -0.026022 0.243457
v 0.007064 -0.026353 0.240993
v 0.007281 -0.027163 0.238405
v 0.007690 -0.028690 0.235633
v 0.008356 -0.031174 0.232614
v 0.009342 -0.034854 0.229288
v 0.010712 -0.039969 0.225592
v 0.011438 -0.042676 0.223143
v 0.012163 -0.045383 0.220541
v 0.012846 -0.047931 0.217505
v 0.013444 -0.050162 0.213759
v 0.013914 -0.051919 0.209022
v 0.014216 -0.053044 0.203018
v 0.014305 -0.053379 0.195466
v 0.014191 -0.052951 -0.011918
v 0.014181 -0.052915 -0.012062
v 0.014162 -0.052843 -0.012218
v 0.014123 -0.052698 -0.012400
v 0.014055 -0.052445 -0.012620
v 0.013949 -0.052048 -0.012891
v 0.013794 -0.051470 -0.013227
v 0.013581 -0.050675 -0.013639
v 0.007926 -0.013727 0.372780
v 0.007626 -0.013208 0.372897
v 0.008222 -0.014240 0.372638
v 0.008511 -0.014741 0.372446
v 0.008790 -0.015225 0.372179
v 0.009055 -0.015684 0.371811
v 0.009303 -0.016113 0.371319
v 0.009530 -0.016506 0.370677
v 0.011197 -0.019393 0.323611
v 0.011153 -0.019317 0.323424
v 0.011016 -0.019081 0.323317
v 0.010817 -0.018735 0.323255
v 0.010583 -0.018331 0.323201
v 0.010346 -0.017920 0.323118
v 0.010135 -0.017553 0.322970
v 0.009978 -0.017283 0.322721
v 0.009937 -0.017212 0.318689
v 0.009915 -0.017173 0.314707
v 0.009930 -0.017199 0.310824
v 0.010001 -0.017322 0.307089
v 0.010146 -0.017573 0.303552
v 0.010385 -0.017987 0.300261
v 0.010735 -0.018593 0.297268
v 0.011380 -0.019710 0.292710
v 0.011904 -0.020618 0.286866
v 0.012328 -0.021353 0.279950
v 0.012672 -0.021949 0.272178
v 0.012956 -0.022440 0.263762
v 0.013200 -0.022862 0.254918
v 0.013423 -0.023249 0.245860
v 0.013471 -0.023332 0.243457
v 0.013642 -0.023629 0.240993
v 0.014061 -0.024354 0.238405
v 0.014852 -0.025724 0.235633
v 0.016138 -0.027951 0.232614
v 0.018043 -0.031250 0.229288
v 0.020690 -0.035836 0.225592
v 0.022092 -0.038263 0.223143
v 0.023493 -0.040690 0.220541
v 0.024812 -0.042974 0.217505
v 0.025967 -0.044975 0.213759
v 0.026876 -0.046550 0.209022
v 0.027458 -0.047559 0.203018
v 0.027632 -0.047859 0.195466
v 0.027410 -0.047476 -0.011918
v 0.027392 -0.047443 -0.012062
v 0.027354 -0.047378 -0.012218
v 0.027279 -0.047249 -0.012400
v 0.027148 -0.047022 -0.012620
v 0.026943 -0.046666 -0.012891
v 0.026643 -0.046147 -0.013227
v 0.026232 -0.045435 -0.013639
v 0.011207 -0.011210 0.372780
v 0.010783 -0.010786 0.372897
v 0.011626 -0.011629 0.372638
v 0.012035 -0.012038 0.372446
v 0.012429 -0.012432 0.372179
v 0.012804 -0.012807 0.371811
v 0.013155 -0.013158 0.371319
v 0.013476 -0.013479 0.370677
v 0.015832 -0.015835 0.323611
v 0.015771 -0.015774 0.323424
v 0.015578 -0.015581 0.323317
v 0.015295 -0.015298 0.323255
v 0.014965 -0.014968 0.323201
v 0.014630 -0.014633 0.323118
v 0.014331 -0.014334 0.322970
v 0.014110 -0.014113 0.322721
v 0.014052 -0.014055 0.318689
v 0.014020 -0.014023 0.314707
v 0.014041 -0.014044 0.310824
v 0.014141 -0.014144 0.307089
v 0.014347 -0.014350 0.303552
v 0.014684 -0.014687 0.300261
v 0.015180 -0.015183 0.297268
v 0.016092 -0.016095 0.292710
v 0.016833 -0.016836 0.286866
v 0.017433 -0.017436 0.279950
v 0.017919 -0.017922 0.272178
v 0.018321 -0.018324 0.263762
v 0.018665 -0.018668 0.254918
v 0.018981 -0.018985 0.245860
v 0.019049 -0.019052 0.243457
v 0.019291 -0.019294 0.240993
v 0.019884 -0.019887 0.238405
v 0.021002 -0.021005 0.235633
v 0.022820 -0.022823 0.232614
v 0.025514 -0.025517 0.229288
v 0.029259 -0.029262 0.225592
v 0.031240 -0.031243 0.223143
v 0.033222 -0.033225 0.220541
v 0.035087 -0.035090 0.217505
v 0.036720 -0.036723 0.213759
v 0.038007 -0.038010 0.209022
v 0.038830 -0.038833 0.203018
v 0.039075 -0.039078 0.195466
v 0.038762 -0.038765 -0.011918
v 0.038736 -0.038739 -0.012062
v 0.038683 -0.038686 -0.012218
v 0.038577 -0.038580 -0.012400
v 0.038392 -0.038395 -0.012620
v 0.038101 -0.038104 -0.012891
v 0.037677 -0.037681 -0.013227
v 0.037096 -0.037099 -0.013639
v 0.013724 -0.007929 0.372780
v 0.013205 -0.007629 0.372897
v 0.014237 -0.008225 0.372638
v 0.014738 -0.008514 0.372446
v 0.015222 -0.008793 0.372179
v 0.015681 -0.009058 0.371811
v 0.016110 -0.009306 0.371319
v 0.016503 -0.009533 0.370677
v 0.019390 -0.011200 0.323611
v 0.019314 -0.011156 0.323424
v 0.019078 -0.011019 0.323317
v 0.018732 -0.010820 0.323255
v 0.018328 -0.010586 0.323201
v 0.017917 -0.010349 0.323118
v 0.017550 -0.010138 0.322970
v 0.017280 -0.009981 0.322721
v 0.017209 -0.009940 0.318689
v 0.017170 -0.009918 0.314707
v 0.017196 -0.009933 0.310824
v 0.017319 -0.010004 0.307089
v 0.017570 -0.010149 0.303552
v 0.017984 -0.010388 0.300261
v 0.018590 -0.010738 0.297268
v 0.019707 -0.011383 0.292710
v 0.020615 -0.011907 0.286866
v 0.021350 -0.012331 0.279950
v 0.021946 -0.012675 0.272178
v 0.022437 -0.012959 0.263762
v 0.022859 -0.013203 0.254918
v 0.023246 -0.013426 0.245860
v 0.023329 -0.013474 0.243457
v 0.023626 -0.013645 0.240993
v 0.024351 -0.014064 0.238405
v 0.025721 -0.014855 0.235633
v 0.027948 -0.016141 0.232614
v 0.031247 -0.018046 0.229288
v 0.035833 -0.020693 0.225592
v 0.038260 -0.022095 0.223143
v 0.040687 -0.023496 0.220541
v 0.042971 -0.024815 0.217505
v 0.044972 -0.025970 0.213759
v 0.046547 -0.026879 0.209022
v 0.047556 -0.027461 0.203018
v 0.047856 -0.027635 0.195466
v 0.047473 -0.027413 -0.011918
v 0.047440 -0.027395 -0.012062
v 0.047375 -0.027357 -0.012218
v 0.047246 -0.027282 -0.012400
v 0.047019 -0.027151 -0.012620
v 0.046662 -0.026946 -0.012891
v 0.046144 -0.026646 -0.013227
v 0.045432 -0.026235 -0.013639
v 0.015307 -0.004108 0.372780
v 0.014728 -0.003953 0.372897
v 0.015879 -0.004261 0.372638
v 0.016438 -0.004411 0.372446
v 0.016977 -0.004555 0.372179
v 0.017489 -0.004693 0.371811
v 0.017968 -0.004821 0.371319
v 0.018407 -0.004939 0.370677
v 0.021626 -0.005801 0.323611
v 0.021541 -0.005778 0.323424
v 0.021278 -0.005708 0.323317
v 0.020892 -0.005604 0.323255
v 0.020441 -0.005484 0.323201
v 0.019983 -0.005361 0.323118
v 0.019574 -0.005251 0.322970
v 0.019272 -0.005170 0.322721
v 0.019193 -0.005149 0.318689
v 0.019150 -0.005138 0.314707
v 0.019179 -0.005145 0.310824
v 0.019316 -0.005182 0.307089
v 0.019597 -0.005257 0.303552
v 0.020058 -0.005381 0.300261
v 0.020734 -0.005562 0.297268
v 0.021980 -0.005896 0.292710
v 0.022993 -0.006167 0.286866
v 0.023812 -0.006387 0.279950
v 0.024477 -0.006565 0.272178
v 0.025025 -0.006712 0.263762
v 0.025495 -0.006838 0.254918
v 0.025927 -0.006954 0.245860
v 0.026019 -0.006978 0.243457
v 0.026350 -0.007067 0.240993
v 0.027160 -0.007284 0.238405
v 0.028687 -0.007693 0.235633
v 0.031171 -0.008359 0.232614
v 0.034851 -0.009345 0.229288
v 0.039966 -0.010715 0.225592
v 0.042673 -0.011441 0.223143
v 0.045380 -0.012166 0.220541
v 0.047928 -0.012849 0.217505
v 0.050159 -0.013447 0.213759
v 0.051916 -0.013917 0.209022
v 0.053041 -0.014219 0.203018
v 0.053376 -0.014308 0.195466
v 0.052948 -0.014194 -0.011918
v 0.052912 -0.014184 -0.012062
v 0.052840 -0.014165 -0.012218
v 0.052695 -0.014126 -0.012400
v 0.052442 -0.014058 -0.012620
v 0.052045 -0.013952 -0.012891
v 0.051467 -0.013797 -0.013227
v 0.050672 -0.013584 -0.013639
v 0.015847 -0.000008 0.372780
v 0.015247 -0.000008 0.372897
v 0.016439 -0.000008 0.372638
v 0.017018 -0.000008 0.372446
v 0.017576 -0.000008 0.372179
v 0.018106 -0.000008 0.371811
v 0.018602 -0.000008 0.371319
v 0.019056 -0.000008 0.370677
v 0.022388 -0.000008 0.323611
v 0.022301 -0.000008 0.323424
v 0.022028 -0.000008 0.323317
v 0.021629 -0.000008 0.323255
v 0.021162 -0.000008 0.323201
v 0.020688 -0.000008 0.323118
v 0.020265 -0.000008 0.322970
v 0.019952 -0.000008 0.322721
v 0.019870 -0.000008 0.318689
v 0.019825 -0.000008 0.314707
v 0.019855 -0.000008 0.310824
v 0.019997 -0.000008 0.307089
v 0.020288 -0.000008 0.303552
v 0.020765 -0.000008 0.300261
v 0.021466 -0.000008 0.297268
v 0.022755 -0.000008 0.292710
v 0.023804 -0.000008 0.286866
v 0.024652 -0.000008 0.279950
v 0.025340 -0.000008 0.272178
v 0.025907 -0.000008 0.263762
v 0.026395 -0.000008 0.254918
v 0.026842 -0.000008 0.245860
v 0.026937 -0.000008 0.243457
v 0.027280 -0.000008 0.240993
v 0.028118 -0.000008 0.238405
v 0.029699 -0.000008 0.235633
v 0.032270 -0.000008 0.232614
v 0.036080 -0.000008 0.229288
v 0.041376 -0.000008 0.225592
v 0.044179 -0.000008 0.223143
v 0.046981 -0.000008 0.220541
v 0.049618 -0.000008 0.217505
v 0.051928 -0.000008 0.213759
v 0.053747 -0.000008 0.209022
v 0.054912 -0.000008 0.203018
v 0.055258 -0.000008 0.195466
v 0.054816 -0.000008 -0.011918
v 0.054778 -0.000008 -0.012062
v 0.054703 -0.000008 -0.012218
v 0.054554 -0.000008 -0.012400
v 0.054292 -0.000008 -0.012620
v 0.053881 -0.000008 -0.012891
v 0.053282 -0.000008 -0.013227
v 0.052459 -0.000008 -0.013639
v 0.015307 0.004092 0.372780
v 0.014728 0.003937 0.372897
v 0.015879 0.004246 0.372638
v 0.016438 0.004396 0.372446
v 0.016977 0.004540 0.372179
v 0.017489 0.004677 0.371811
v 0.017968 0.004805 0.371319
v 0.018407 0.004923 0.370677
v 0.021626 0.005786 0.323611
v 0.021541 0.005763 0.323424
v 0.021278 0.005692 0.323317
v 0.020892 0.005589 0.323255
v 0.020441 0.005468 0.323201
v 0.019983 0.005345 0.323118
v 0.019574 0.005236 0.322970
v 0.019272 0.005155 0.322721
v 0.019193 0.005134 0.318689
v 0.019150 0.005122 0.314707
v 0.019179 0.005130 0.310824
v 0.019316 0.005167 0.307089
v 0.019597 0.005242 0.303552
v 0.020058 0.005365 0.300261
v 0.020734 0.005547 0.297268
v 0.021980 0.005880 0.292710
v 0.022993 0.006152 0.286866
v 0.023812 0.006371 0.279950
v 0.024477 0.006549 0.272178
v 0.025025 0.006696 0.263762
v 0.025495 0.006822 0.254918
v 0.025927 0.006938 0.245860
v 0.026019 0.006963 0.243457
v 0.026350 0.007052 0.240993
v 0.027160 0.007268 0.238405
v 0.028687 0.007678 0.235633
v 0.031171 0.008343 0.232614
v 0.034851 0.009329 0.229288
v 0.039966 0.010700 0.225592
v 0.042673 0.011425 0.223143
v 0.045380 0.012150 0.220541
v 0.047928 0.012833 0.217505
v 0.050159 0.013431 0.213759
v 0.051916 0.013902 0.209022
v 0.053041 0.014203 0.203018
v 0.053376 0.014293 0.195466
v 0.052948 0.014178 -0.011918
v 0.052912 0.014169 -0.012062
v 0.052840 0.014149 -0.012218
v 0.052695 0.014111 -0.012400
v 0.052442 0.014043 -0.012620
v 0.052045 0.013936 -0.012891
v 0.051467 0.013781 -0.013227
v 0.050672 0.013568 -0.013639
v 0.013724 0.007913 0.372780
v 0.013205 0.007613 0.372897
v 0.014237 0.008209 0.372638
v 0.014738 0.008499 0.372446
v 0.015222 0.008778 0.372179
v 0.015681 0.009043 0.371811
v 0.016110 0.009291 0.371319
v 0.016503 0.009518 0.370677
v 0.019390 0.011184 0.323611
v 0.019314 0.011140 0.323424
v 0.019078 0.011004 0.323317
v 0.018732 0.010804 0.323255
v 0.018328 0.010571 0.323201
v 0.017917 0.010334 0.323118
v 0.017550 0.010122 0.322970
v 0.017280 0.009966 0.322721
v 0.017209 0.009925 0.318689
v 0.017170 0.009903 0.314707
v 0.017196 0.009918 0.310824
v 0.017319 0.009988 0.307089
v 0.017570 0.010134 0.303552
v 0.017984 0.010372 0.300261
v 0.018590 0.010723 0.297268
v 0.019707 0.011367 0.292710
v 0.020615 0.011892 0.286866
v 0.021350 0.012316 0.279950
v 0.021946 0.012660 0.272178
v 0.022437 0.012944 0.263762
v 0.022859 0.013187 0.254918
v 0.023246 0.013411 0.245860
v 0.023329 0.013458 0.243457
v 0.023626 0.013630 0.240993
v 0.024351 0.014049 0.238405
v 0.025721 0.014839 0.235633
v 0.027948 0.016125 0.232614
v 0.031247 0.018030 0.229288
v 0.035833 0.020678 0.225592
v 0.038261 0.022079 0.223143
v 0.040687 0.023480 0.220541
v 0.042971 0.024799 0.217505
v 0.044972 0.025954 0.213759
v 0.046547 0.026864 0.209022
v 0.047556 0.027446 0.203018
v 0.047856 0.027619 0.195466
v 0.047473 0.027398 -0.011918
v 0.047440 0.027379 -0.012062
v 0.047375 0.027342 -0.012218
v 0.047246 0.027267 -0.012400
v 0.047019 0.027136 -0.012620
v 0.046663 0.026930 -0.012891
v 0.046144 0.026631 -0.013227
v 0.045432 0.026219 -0.013639
v 0.011207 0.011194 0.372780
v 0.010783 0.010770 0.372897
v 0.011626 0.011613 0.372638
v 0.012035 0.012022 0.372446
v 0.012429 0.012417 0.372179
v 0.012804 0.012792 0.371811
v 0.013155 0.013142 0.371319
v 0.013476 0.013463 0.370677
v 0.015832 0.015820 0.323611
v 0.015771 0.015758 0.323424
v 0.015578 0.015565 0.323317
v 0.015295 0.015283 0.323255
v 0.014965 0.014953 0.323201
v 0.014630 0.014617 0.323118
v 0.014331 0.014318 0.322970
v 0.014110 0.014097 0.322721
v 0.014052 0.014039 0.318689
v 0.014020 0.014008 0.314707
v 0.014041 0.014029 0.310824
v 0.014141 0.014129 0.307089
v 0.014347 0.014335 0.303552
v 0.014684 0.014672 0.300261
v 0.015180 0.015167 0.297268
v 0.016092 0.016079 0.292710
v 0.016833 0.016821 0.286866
v 0.017433 0.017420 0.279950
v 0.017919 0.017907 0.272178
v 0.018321 0.018308 0.263762
v 0.018665 0.018653 0.254918
v 0.018982 0.018969 0.245860
v 0.019049 0.019036 0.243457
v 0.019291 0.019279 0.240993
v 0.019884 0.019871 0.238405
v 0.021002 0.020989 0.235633
v 0.022820 0.022808 0.232614
v 0.025514 0.025502 0.229288
v 0.029259 0.029246 0.225592
v 0.031240 0.031228 0.223143
v 0.033222 0.033209 0.220541
v 0.035087 0.035074 0.217505
v 0.036720 0.036708 0.213759
v 0.038007 0.037994 0.209022
v 0.038830 0.038817 0.203018
v 0.039075 0.039063 0.195466
v 0.038762 0.038750 -0.011918
v 0.038736 0.038723 -0.012062
v 0.038683 0.038670 -0.012218
v 0.038577 0.038564 -0.012400
v 0.038392 0.038379 -0.012620
v 0.038101 0.038088 -0.012891
v 0.037678 0.037665 -0.013227
v 0.037096 0.037083 -0.013639
v 0.007926 0.013712 0.372780
v 0.007626 0.013193 0.372897
v 0.008222 0.014225 0.372638
v 0.008511 0.014726 0.372446
v 0.008790 0.015209 0.372179
v 0.009055 0.015668 0.371811
v 0.009303 0.016098 0.371319
v 0.009530 0.016491 0.370677
v 0.011197 0.019377 0.323611
v 0.011153 0.019302 0.323424
v 0.011016 0.019065 0.323317
v 0.010817 0.018719 0.323255
v 0.010583 0.018315 0.323201
v 0.010346 0.017904 0.323118
v 0.010135 0.017538 0.322970
v 0.009978 0.017267 0.322721
v 0.009937 0.017196 0.318689
v 0.009915 0.017158 0.314707
v 0.009930 0.017183 0.310824
v 0.010001 0.017306 0.307089
v 0.010146 0.017558 0.303552
v 0.010385 0.017971 0.300261
v 0.010735 0.018578 0.297268
v 0.011380 0.019695 0.292710
v 0.011904 0.020603 0.286866
v 0.012328 0.021337 0.279950
v 0.012672 0.021933 0.272178
v 0.012956 0.022425 0.263762
v 0.013200 0.022847 0.254918
v 0.013423 0.023234 0.245860
v 0.013471 0.023316 0.243457
v 0.013642 0.023613 0.240993
v 0.014061 0.024339 0.238405
v 0.014852 0.025708 0.235633
v 0.016138 0.027935 0.232614
v 0.018043 0.031235 0.229288
v 0.020690 0.035821 0.225592
v 0.022092 0.038248 0.223143
v 0.023493 0.040675 0.220541
v 0.024812 0.042959 0.217505
v 0.025967 0.044959 0.213759
v 0.026876 0.046535 0.209022
v 0.027458 0.047543 0.203018
v 0.027632 0.047843 0.195466
v 0.027410 0.047460 -0.011918
v 0.027392 0.047428 -0.012062
v 0.027354 0.047363 -0.012218
v 0.027279 0.047233 -0.012400
v 0.027148 0.047006 -0.012620
v 0.026943 0.046650 -0.012891
v 0.026643 0.046132 -0.013227
v 0.026232 0.045419 -0.013639
v 0.004105 0.015294 0.372780
v 0.003950 0.014715 0.372897
v 0.004258 0.015867 0.372638
v 0.004408 0.016425 0.372446
v 0.004552 0.016964 0.372179
v 0.004690 0.017477 0.371811
v 0.004818 0.017955 0.371319
v 0.004936 0.018394 0.370677
v 0.005798 0.021613 0.323611
v 0.005775 0.021529 0.323424
v 0.005705 0.021265 0.323317
v 0.005601 0.020880 0.323255
v 0.005481 0.020429 0.323201
v 0.005358 0.019970 0.323118
v 0.005248 0.019562 0.322970
v 0.005167 0.019260 0.322721
v 0.005146 0.019181 0.318689
v 0.005135 0.019138 0.314707
v 0.005142 0.019167 0.310824
v 0.005179 0.019303 0.307089
v 0.005254 0.019584 0.303552
v 0.005378 0.020045 0.300261
v 0.005559 0.020722 0.297268
v 0.005893 0.021967 0.292710
v 0.006164 0.022980 0.286866
v 0.006384 0.023800 0.279950
v 0.006562 0.024464 0.272178
v 0.006709 0.025012 0.263762
v 0.006835 0.025483 0.254918
v 0.006951 0.025915 0.245860
v 0.006975 0.026007 0.243457
v 0.007064 0.026338 0.240993
v 0.007281 0.027147 0.238405
v 0.007690 0.028675 0.235633
v 0.008356 0.031159 0.232614
v 0.009342 0.034839 0.229288
v 0.010712 0.039954 0.225592
v 0.011438 0.042661 0.223143
v 0.012163 0.045367 0.220541
v 0.012846 0.047915 0.217505
v 0.013444 0.050147 0.213759
v 0.013914 0.051904 0.209022
v 0.014216 0.053028 0.203018
v 0.014305 0.053363 0.195466
v 0.014191 0.052936 -0.011918
v 0.014181 0.052900 -0.012062
v 0.014162 0.052827 -0.012218
v 0.014123 0.052683 -0.012400
v 0.014055 0.052430 -0.012620
v 0.013949 0.052032 -0.012891
v 0.013794 0.051454 -0.013227
v 0.013581 0.050659 -0.013639
v 0.000005 0.015834 0.372780
v 0.000005 0.015235 0.372897
v 0.000005 0.016427 0.372638
v 0.000005 0.017005 0.372446
v 0.000005 0.017563 0.372179
v 0.000005 0.018093 0.371811
v 0.000005 0.018589 0.371319
v 0.000005 0.019043 0.370677
v 0.000005 0.022376 0.323611
v 0.000005 0.022289 0.323424
v 0.000005 0.022016 0.323317
v 0.000005 0.021616 0.323255
v 0.000005 0.021150 0.323201
v 0.000005 0.020675 0.323118
v 0.000005 0.020252 0.322970
v 0.000005 0.019940 0.322721
v 0.000005 0.019858 0.318689
v 0.000005 0.019813 0.314707
v 0.000005 0.019843 0.310824
v 0.000005 0.019985 0.307089
v 0.000005 0.020275 0.303552
v 0.000005 0.020752 0.300261
v 0.000005 0.021453 0.297268
v 0.000005 0.022742 0.292710
v 0.000005 0.023791 0.286866
v 0.000005 0.024639 0.279950
v 0.000005 0.025327 0.272178
v 0.000005 0.025895 0.263762
v 0.000005 0.026382 0.254918
v 0.000005 0.026829 0.245860
v 0.000005 0.026925 0.243457
v 0.000005 0.027267 0.240993
v 0.000005 0.028105 0.238405
v 0.000005 0.029686 0.235633
v 0.000005 0.032258 0.232614
v 0.000005 0.036068 0.229288
v 0.000005 0.041364 0.225592
v 0.000005 0.044166 0.223143
v 0.000005 0.046968 0.220541
v 0.000005 0.049606 0.217505
v 0.000005 0.051916 0.213759
v 0.000005 0.053735 0.209022
v 0.000005 0.054899 0.203018
v 0.000005 0.055246 0.195466
v 0.000005 0.054803 -0.011918
v 0.000005 0.054766 -0.012062
v 0.000005 0.054691 -0.012218
v 0.000005 0.054541 -0.012400
v 0.000005 0.054279 -0.012620
v 0.000005 0.053868 -0.012891
v 0.000005 0.053270 -0.013227
v 0.000005 0.052447 -0.013639
v -0.004095 0.015294 0.372780
v -0.003940 0.014715 0.372897
v -0.004249 0.015867 0.372638
v -0.004399 0.016425 0.372446
v -0.004543 0.016964 0.372179
v -0.004680 0.017477 0.371811
v -0.004808 0.017955 0.371319
v -0.004926 0.018394 0.370677
v -0.005789 0.021613 0.323611
v -0.005766 0.021529 0.323424
v -0.005695 0.021265 0.323317
v -0.005592 0.020880 0.323255
v -0.005471 0.020429 0.323201
v -0.005348 0.019970 0.323118
v -0.005239 0.019562 0.322970
v -0.005158 0.019260 0.322721
v -0.005137 0.019181 0.318689
v -0.005125 0.019138 0.314707
v -0.005133 0.019167 0.310824
v -0.005170 0.019303 0.307089
v -0.005245 0.019584 0.303552
v -0.005368 0.020045 0.300261
v -0.005550 0.020722 0.297268
v -0.005883 0.021967 0.292710
v -0.006155 0.022980 0.286866
v -0.006374 0.023800 0.279950
v -0.006552 0.024464 0.272178
v -0.006699 0.025012 0.263762
v -0.006825 0.025483 0.254918
v -0.006941 0.025915 0.245860
v -0.006966 0.026007 0.243457
v -0.007055 0.026338 0.240993
v -0.007271 0.027147 0.238405
v -0.007681 0.028675 0.235633
v -0.008346 0.031159 0.232614
v -0.009332 0.034839 0.229288
v -0.010703 0.039954 0.225592
v -0.011428 0.042661 0.223143
v -0.012153 0.045367 0.220541
v -0.012836 0.047915 0.217505
v -0.013434 0.050147 0.213759
v -0.013905 0.051904 0.209022
v -0.014206 0.053028 0.203018
v -0.014296 0.053363 0.195466
v -0.014181 0.052936 -0.011918
v -0.014172 0.052900 -0.012062
v -0.014152 0.052827 -0.012218
v -0.014114 0.052683 -0.012400
v -0.014046 0.052430 -0.012620
v -0.013939 0.052032 -0.012891
v -0.013784 0.051454 -0.013227
v -0.013571 0.050660 -0.013639
v -0.007916 0.013712 0.372780
v -0.007616 0.013193 0.372897
v -0.008212 0.014225 0.372638
v -0.008502 0.014726 0.372446
v -0.008781 0.015209 0.372179
v -0.009046 0.015668 0.371811
v -0.009294 0.016098 0.371319
v -0.009521 0.016491 0.370677
v -0.011187 0.019377 0.323611
v -0.011143 0.019302 0.323424
v -0.011007 0.019065 0.323317
v -0.010807 0.018719 0.323255
v -0.010574 0.018315 0.323201
v -0.010337 0.017904 0.323118
v -0.010125 0.017538 0.322970
v -0.009969 0.017267 0.322721
v -0.009928 0.017196 0.318689
v -0.009906 0.017158 0.314707
v -0.009921 0.017183 0.310824
v -0.009991 0.017306 0.307089
v -0.010137 0.017558 0.303552
v -0.010375 0.017971 0.300261
v -0.010726 0.018578 0.297268
v -0.011370 0.019695 0.292710
v -0.011895 0.020603 0.286866
v -0.012319 0.021337 0.279950
v -0.012663 0.021933 0.272178
v -0.012947 0.022425 0.263762
v -0.013190 0.022847 0.254918
v -0.013414 0.023234 0.245860
v -0.013461 0.023316 0.243457
v -0.013633 0.023613 0.240993
v -0.014052 0.024339 0.238405
v -0.014842 0.025708 0.235633
v -0.016128 0.027935 0.232614
v -0.018033 0.031235 0.229288
v -0.020681 0.035821 0.225592
v -0.022082 0.038248 0.223143
v -0.023483 0.040675 0.220541
v -0.024802 0.042959 0.217505
v -0.025957 0.044959 0.213759
v -0.026867 0.046535 0.209022
v -0.027449 0.047543 0.203018
v -0.027622 0.047843 0.195466
v -0.027401 0.047460 -0.011918
v -0.027382 0.047428 -0.012062
v -0.027345 0.047363 -0.012218
v -0.027270 0.047233 -0.012400
v -0.027139 0.047006 -0.012620
v -0.026933 0.046650 -0.012891
v -0.026634 0.046132 -0.013227
v -0.026222 0.045419 -0.013639
v -0.011197 0.011194 0.372780
v -0.010773 0.010770 0.372897
v -0.011616 0.011613 0.372638
v -0.012025 0.012022 0.372446
v -0.012420 0.012417 0.372179
v -0.012795 0.012792 0.371811
v -0.013145 0.013142 0.371319
v -0.013466 0.013463 0.370677
v -0.015823 0.015820 0.323611
v -0.015761 0.015758 0.323424
v -0.015568 0.015565 0.323317
v -0.015286 0.015283 0.323255
v -0.014956 0.014953 0.323201
v -0.014620 0.014617 0.323118
v -0.014321 0.014318 0.322970
v -0.014100 0.014097 0.322721
v -0.014042 0.014039 0.318689
v -0.014011 0.014008 0.314707
v -0.014032 0.014029 0.310824
v -0.014132 0.014129 0.307089
v -0.014338 0.014335 0.303552
v -0.014675 0.014672 0.300261
v -0.015170 0.015167 0.297268
v -0.016082 0.016079 0.292710
v -0.016824 0.016821 0.286866
v -0.017423 0.017420 0.279950
v -0.017910 0.017907 0.272178
v -0.018311 0.018308 0.263762
v -0.018656 0.018653 0.254918
v -0.018972 0.018969 0.245860
v -0.019039 0.019036 0.243457
v -0.019282 0.019279 0.240993
v -0.019874 0.019871 0.238405
v -0.020992 0.020989 0.235633
v -0.022811 0.022808 0.232614
v -0.025505 0.025502 0.229288
v -0.029249 0.029246 0.225592
v -0.031231 0.031228 0.223143
v -0.033212 0.033209 0.220541
v -0.035077 0.035074 0.217505
v -0.036711 0.036708 0.213759
v -0.037997 0.037994 0.209022
v -0.038820 0.038817 0.203018
v -0.039066 0.039063 0.195466
v -0.038753 0.038750 -0.011918
v -0.038726 0.038723 -0.012062
v -0.038673 0.038670 -0.012218
v -0.038567 0.038564 -0.012400
v -0.038382 0.038379 -0.012620
v -0.038091 0.038088 -0.012891
v -0.037668 0.037665 -0.013227
v -0.037086 0.037083 -0.013639
v -0.013715 0.007913 0.372780
v -0.013195 0.007613 0.372897
v -0.014228 0.008209 0.372638
v -0.014729 0.008499 0.372446
v -0.015212 0.008778 0.372179
v -0.015671 0.009043 0.371811
v -0.016101 0.009291 0.371319
v -0.016494 0.009518 0.370677
v -0.019380 0.011184 0.323611
v -0.019305 0.011140 0.323424
v -0.019068 0.011004 0.323317
v -0.018722 0.010804 0.323255
v -0.018318 0.010571 0.323201
v -0.017907 0.010334 0.323118
v -0.017541 0.010122 0.322970
v -0.017270 0.009966 0.322721
v -0.017199 0.009925 0.318689
v -0.017161 0.009903 0.314707
v -0.017186 0.009918 0.310824
v -0.017309 0.009988 0.307089
v -0.017561 0.010134 0.303552
v -0.017974 0.010372 0.300261
v -0.018581 0.010723 0.297268
v -0.019697 0.011367 0.292710
v -0.020606 0.011892 0.286866
v -0.021340 0.012316 0.279950
v -0.021936 0.012660 0.272178
v -0.022428 0.012944 0.263762
v -0.022850 0.013187 0.254918
v -0.023237 0.013411 0.245860
v -0.023319 0.013458 0.243457
v -0.023616 0.013630 0.240993
v -0.024342 0.014049 0.238405
v -0.025711 0.014839 0.235633
v -0.027938 0.016125 0.232614
v -0.031238 0.018030 0.229288
v -0.035824 0.020678 0.225592
v -0.038251 0.022079 0.223143
v -0.040678 0.023480 0.220541
v -0.042962 0.024799 0.217505
v -0.044962 0.025954 0.213759
v -0.046538 0.026864 0.209022
v -0.047546 0.027446 0.203018
v -0.047846 0.027619 0.195466
v -0.047463 0.027398 -0.011918
v -0.047431 0.027379 -0.012062
v -0.047366 0.027342 -0.012218
v -0.047236 0.027267 -0.012400
v -0.047009 0.027136 -0.012620
v -0.046653 0.026930 -0.012891
v -0.046135 0.026631 -0.013227
v -0.045422 0.026220 -0.013639
v -0.015297 0.004092 0.372780
v -0.014718 0.003937 0.372897
v -0.015870 0.004246 0.372638
v -0.016428 0.004396 0.372446
v -0.016967 0.004540 0.372179
v -0.017480 0.004677 0.371811
v -0.017958 0.004805 0.371319
v -0.018397 0.004923 0.370677
v -0.021616 0.005786 0.323611
v -0.021532 0.005763 0.323424
v -0.021268 0.005692 0.323317
v -0.020882 0.005589 0.323255
v -0.020432 0.005468 0.323201
v -0.019973 0.005345 0.323118
v -0.019565 0.005236 0.322970
v -0.019263 0.005155 0.322721
v -0.019184 0.005134 0.318689
v -0.019141 0.005122 0.314707
v -0.019170 0.005130 0.310824
v -0.019306 0.005167 0.307089
v -0.019587 0.005242 0.303552
v -0.020048 0.005365 0.300261
v -0.020725 0.005547 0.297268
v -0.021970 0.005880 0.292710
v -0.022983 0.006152 0.286866
v -0.023803 0.006371 0.279950
v -0.024467 0.006549 0.272178
v -0.025015 0.006696 0.263762
v -0.025486 0.006822 0.254918
v -0.025918 0.006938 0.245860
v -0.026010 0.006963 0.243457
v -0.026341 0.007052 0.240993
v -0.027150 0.007268 0.238405
v -0.028678 0.007678 0.235633
v -0.031162 0.008343 0.232614
v -0.034842 0.009329 0.229288
v -0.039957 0.010700 0.225592
v -0.042664 0.011425 0.223143
v -0.045370 0.012151 0.220541
v -0.047918 0.012833 0.217505
v -0.050150 0.013431 0.213759
v -0.051907 0.013902 0.209022
v -0.053031 0.014203 0.203018
v -0.053366 0.014293 0.195466
v -0.052939 0.014178 -0.011918
v -0.052902 0.014169 -0.012062
v -0.052830 0.014149 -0.012218
v -0.052686 0.014111 -0.012400
v -0.052433 0.014043 -0.012620
v -0.052035 0.013936 -0.012891
v -0.051457 0.013782 -0.013227
v -0.050662 0.013569 -0.013639
v -0.048165 0.012899 -0.012767
v -0.043183 0.024927 -0.012767
v -0.035258 0.035255 -0.012767
v -0.024930 0.043180 -0.012767
v -0.012902 0.048162 -0.012767
v 0.000005 0.049861 -0.012767
v 0.012912 0.048162 -0.012767
v 0.024939 0.043180 -0.012767
v 0.035267 0.035255 -0.012767
v 0.043192 0.024927 -0.012767
v 0.048174 0.012899 -0.012767
v 0.049874 -0.000008 -0.012767
v 0.048174 -0.012915 -0.012767
v 0.043192 -0.024942 -0.012767
v 0.035267 -0.035270 -0.012767
v 0.024939 -0.043195 -0.012767
v 0.012912 -0.048177 -0.012767
v 0.000005 -0.049877 -0.012767
v -0.012902 -0.048177 -0.012767
v -0.024930 -0.043195 -0.012767
v -0.035258 -0.035270 -0.012767
v -0.043183 -0.024942 -0.012767
v -0.048165 -0.012915 -0.012767
v -0.049864 -0.000008 -0.012767
v -0.011645 -0.006734 0.370138
v -0.009507 -0.009520 0.370138
v -0.006721 -0.011658 0.370138
v -0.003477 -0.013002 0.370138
v 0.000005 -0.013460 0.370138
v 0.003486 -0.013002 0.370138
v 0.006731 -0.011658 0.370138
v 0.009517 -0.009520 0.370138
v 0.011655 -0.006734 0.370138
v 0.012999 -0.003489 0.370138
v 0.013457 -0.000008 0.370138
v 0.012999 0.003474 0.370138
v 0.011655 0.006718 0.370138
v 0.009517 0.009504 0.370138
v 0.006731 0.011642 0.370138
v 0.003486 0.012986 0.370138
v 0.000005 0.013444 0.370138
v -0.003477 0.012986 0.370138
v -0.006721 0.011642 0.370138
v -0.009507 0.009504 0.370138
v -0.011645 0.006718 0.370138
v -0.012989 0.003474 0.370138
v -0.013447 -0.000008 0.370138
v -0.012989 -0.003489 0.370138
v -0.051058 -0.000008 -0.013061
v -0.049318 -0.013224 -0.013061
v -0.049318 0.013208 -0.013061
v -0.044216 0.025523 -0.013061
v -0.036102 0.036099 -0.013061
v -0.025526 0.044213 -0.013061
v -0.013211 0.049315 -0.013061
v 0.000005 0.051055 -0.013061
v 0.013221 0.049315 -0.013061
v 0.025536 0.044213 -0.013061
v 0.036111 0.036099 -0.013061
v 0.044226 0.025523 -0.013061
v 0.049327 0.013208 -0.013061
v 0.051067 -0.000008 -0.013061
v 0.049327 -0.013224 -0.013061
v 0.044226 -0.025539 -0.013061
v 0.036111 -0.036114 -0.013061
v 0.025536 -0.044229 -0.013061
v 0.013221 -0.049330 -0.013061
v 0.000005 -0.051070 -0.013061
v -0.013211 -0.049330 -0.013061
v -0.025526 -0.044229 -0.013061
v -0.036102 -0.036114 -0.013061
v -0.044216 -0.025539 -0.013061
vn -0.2069 -0.0554 0.9768
vn 0.3240 0.0868 0.9421
vn 0.3354 -0.0000 0.9421
vn -0.2142 -0.0000 0.9768
vn -0.2681 -0.0718 0.9607
vn -0.2776 -0.0000 0.9607
vn -0.3656 -0.0980 0.9256
vn -0.3785 -0.0000 0.9256
vn -0.4894 -0.1311 0.8622
vn -0.5066 -0.0000 0.8622
vn -0.6213 -0.1665 0.7657
vn -0.6432 -0.0000 0.7657
vn -0.7398 -0.1982 0.6429
vn -0.7659 -0.0000 0.6429
vn -0.9109 -0.2441 0.3328
vn -0.9430 -0.0000 0.3328
vn -0.9502 -0.2546 -0.1798
vn -0.9837 -0.0000 -0.1798
vn -0.6688 -0.1792 -0.7215
vn -0.6924 -0.0000 -0.7215
vn -0.2587 -0.0693 -0.9635
vn -0.2678 -0.0000 -0.9635
vn -0.1315 -0.0352 -0.9907
vn -0.1361 -0.0000 -0.9907
vn -0.1366 -0.0366 -0.9900
vn -0.1414 -0.0000 -0.9900
vn -0.2368 -0.0635 -0.9695
vn -0.2452 -0.0000 -0.9695
vn -0.4555 -0.1220 -0.8819
vn -0.4715 -0.0000 -0.8819
vn -0.8548 -0.2290 -0.4656
vn -0.8850 -0.0000 -0.4656
vn -0.9658 -0.2588 -0.0158
vn -0.9999 -0.0000 -0.0158
vn -0.9659 -0.2588 -0.0018
vn -1.0000 -0.0000 -0.0018
vn -0.9657 -0.2588 0.0228
vn -0.9997 -0.0000 0.0228
vn -0.9642 -0.2584 0.0600
vn -0.9982 -0.0000 0.0600
vn -0.9597 -0.2572 0.1130
vn -0.9936 -0.0000 0.1130
vn -0.9490 -0.2543 0.1865
vn -0.9825 -0.0000 0.1865
vn -0.9351 -0.2506 0.2506
vn -0.9681 -0.0000 0.2506
vn -0.9414 -0.2522 0.2239
vn -0.9746 -0.0000 0.2239
vn -0.9552 -0.2559 0.1489
vn -0.9888 -0.0000 0.1489
vn -0.9606 -0.2574 0.1048
vn -0.9945 -0.0000 0.1048
vn -0.9630 -0.2580 0.0777
vn -0.9970 -0.0000 0.0777
vn -0.9641 -0.2583 0.0611
vn -0.9981 -0.0000 0.0611
vn -0.9646 -0.2585 0.0522
vn -0.9986 -0.0000 0.0522
vn -0.9650 -0.2586 0.0444
vn -0.9990 -0.0000 0.0444
vn -0.9621 -0.2578 0.0891
vn -0.9960 -0.0000 0.0891
vn -0.9410 -0.2522 0.2255
vn -0.9742 -0.0000 0.2255
vn -0.8822 -0.2364 0.4074
vn -0.9133 -0.0000 0.4074
vn -0.7879 -0.2111 0.5784
vn -0.8157 -0.0000 0.5784
vn -0.6840 -0.1833 0.7060
vn -0.7082 -0.0000 0.7060
vn -0.5921 -0.1587 0.7901
vn -0.6130 -0.0000 0.7901
vn -0.5975 -0.1601 0.7857
vn -0.6186 -0.0000 0.7857
vn -0.6472 -0.1734 0.7424
vn -0.6700 -0.0000 0.7424
vn -0.6961 -0.1865 0.6933
vn -0.7206 -0.0000 0.6933
vn -0.7802 -0.2090 0.5896
vn -0.8077 -0.0000 0.5896
vn -0.8669 -0.2323 0.4411
vn -0.8974 -0.0000 0.4411
vn -0.9290 -0.2489 0.2740
vn -0.9617 -0.0000 0.2740
vn -0.9592 -0.2570 0.1178
vn -0.9930 -0.0000 0.1178
vn -0.9657 -0.2588 0.0218
vn -0.9998 -0.0000 0.0218
vn -0.9580 -0.2567 -0.1276
vn -0.9918 -0.0000 -0.1276
vn -0.9076 -0.2432 -0.3422
vn -0.9396 -0.0000 -0.3422
vn -0.8164 -0.2187 -0.5344
vn -0.8452 -0.0000 -0.5344
vn -0.6897 -0.1848 -0.7002
vn -0.7140 -0.0000 -0.7002
vn -0.5806 -0.1555 -0.7992
vn -0.6011 -0.0000 -0.7992
vn -0.5045 -0.1352 -0.8527
vn -0.5223 -0.0000 -0.8527
vn -0.4542 -0.1217 -0.8826
vn -0.4702 -0.0000 -0.8826
vn -0.0664 -0.0178 -0.9976
vn -0.0688 -0.0000 -0.9976
vn -0.1855 -0.1071 0.9768
vn 0.2905 0.1677 0.9421
vn -0.2404 -0.1388 0.9607
vn -0.3278 -0.1892 0.9256
vn -0.4388 -0.2533 0.8622
vn -0.5570 -0.3216 0.7657
vn -0.6633 -0.3830 0.6429
vn -0.8167 -0.4715 0.3328
vn -0.8519 -0.4918 -0.1798
vn -0.5996 -0.3462 -0.7215
vn -0.2320 -0.1339 -0.9635
vn -0.1179 -0.0681 -0.9907
vn -0.1225 -0.0707 -0.9900
vn -0.2124 -0.1226 -0.9695
vn -0.4084 -0.2358 -0.8819
vn -0.7664 -0.4425 -0.4656
vn -0.8659 -0.4999 -0.0158
vn -0.8660 -0.5000 -0.0018
vn -0.8658 -0.4999 0.0228
vn -0.8645 -0.4991 0.0600
vn -0.8605 -0.4968 0.1130
vn -0.8508 -0.4912 0.1865
vn -0.8384 -0.4841 0.2506
vn -0.8440 -0.4873 0.2239
vn -0.8564 -0.4944 0.1489
vn -0.8613 -0.4972 0.1048
vn -0.8634 -0.4985 0.0777
vn -0.8644 -0.4991 0.0611
vn -0.8648 -0.4993 0.0522
vn -0.8652 -0.4995 0.0444
vn -0.8626 -0.4980 0.0891
vn -0.8437 -0.4871 0.2255
vn -0.7909 -0.4566 0.4074
vn -0.7064 -0.4079 0.5784
vn -0.6133 -0.3541 0.7060
vn -0.5309 -0.3065 0.7901
vn -0.5357 -0.3093 0.7857
vn -0.5802 -0.3350 0.7424
vn -0.6241 -0.3603 0.6933
vn -0.6995 -0.4038 0.5896
vn -0.7772 -0.4487 0.4411
vn -0.8329 -0.4809 0.2740
vn -0.8600 -0.4965 0.1178
vn -0.8658 -0.4999 0.0218
vn -0.8590 -0.4959 -0.1276
vn -0.8137 -0.4698 -0.3422
vn -0.7320 -0.4226 -0.5344
vn -0.6183 -0.3570 -0.7002
vn -0.5205 -0.3005 -0.7992
vn -0.4524 -0.2612 -0.8527
vn -0.4072 -0.2351 -0.8826
vn -0.0595 -0.0344 -0.9976
vn -0.1515 -0.1515 0.9768
vn 0.2372 0.2372 0.9421
vn -0.1963 -0.1963 0.9607
vn -0.2676 -0.2676 0.9256
vn -0.3582 -0.3582 0.8622
vn -0.4548 -0.4548 0.7657
vn -0.5416 -0.5416 0.6429
vn -0.6668 -0.6668 0.3328
vn -0.6956 -0.6956 -0.1798
vn -0.4896 -0.4896 -0.7215
vn -0.1894 -0.1894 -0.9635
vn -0.0962 -0.0962 -0.9907
vn -0.1000 -0.1000 -0.9900
vn -0.1734 -0.1734 -0.9695
vn -0.3334 -0.3334 -0.8818
vn -0.6258 -0.6258 -0.4656
vn -0.7070 -0.7070 -0.0158
vn -0.7071 -0.7071 -0.0018
vn -0.7069 -0.7069 0.0228
vn -0.7058 -0.7058 0.0600
vn -0.7026 -0.7026 0.1130
vn -0.6947 -0.6947 0.1865
vn -0.6846 -0.6846 0.2506
vn -0.6892 -0.6892 0.2239
vn -0.6992 -0.6992 0.1489
vn -0.7032 -0.7032 0.1048
vn -0.7050 -0.7050 0.0777
vn -0.7058 -0.7058 0.0611
vn -0.7061 -0.7061 0.0522
vn -0.7064 -0.7064 0.0444
vn -0.7043 -0.7043 0.0891
vn -0.6889 -0.6889 0.2255
vn -0.6458 -0.6458 0.4074
vn -0.5768 -0.5768 0.5784
vn -0.5008 -0.5008 0.7060
vn -0.4335 -0.4335 0.7901
vn -0.4374 -0.4374 0.7857
vn -0.4738 -0.4738 0.7424
vn -0.5096 -0.5096 0.6933
vn -0.5711 -0.5711 0.5896
vn -0.6346 -0.6346 0.4411
vn -0.6801 -0.6801 0.2740
vn -0.7022 -0.7022 0.1178
vn -0.7069 -0.7069 0.0218
vn -0.7014 -0.7013 -0.1276
vn -0.6644 -0.6644 -0.3422
vn -0.5977 -0.5976 -0.5344
vn -0.5049 -0.5049 -0.7002
vn -0.4250 -0.4250 -0.7992
vn -0.3694 -0.3693 -0.8528
vn -0.3325 -0.3325 -0.8826
vn -0.0486 -0.0486 -0.9976
vn -0.1071 -0.1855 0.9768
vn 0.1677 0.2905 0.9421
vn -0.1388 -0.2404 0.9607
vn -0.1892 -0.3278 0.9256
vn -0.2533 -0.4388 0.8622
vn -0.3216 -0.5570 0.7657
vn -0.3830 -0.6633 0.6429
vn -0.4715 -0.8167 0.3328
vn -0.4919 -0.8519 -0.1798
vn -0.3462 -0.5996 -0.7215
vn -0.1339 -0.2320 -0.9635
vn -0.0681 -0.1179 -0.9907
vn -0.0707 -0.1225 -0.9900
vn -0.1226 -0.2123 -0.9695
vn -0.2358 -0.4084 -0.8819
vn -0.4425 -0.7664 -0.4656
vn -0.4999 -0.8659 -0.0158
vn -0.5000 -0.8660 -0.0018
vn -0.4999 -0.8658 0.0228
vn -0.4991 -0.8645 0.0600
vn -0.4968 -0.8605 0.1130
vn -0.4912 -0.8508 0.1865
vn -0.4840 -0.8384 0.2506
vn -0.4873 -0.8440 0.2239
vn -0.4944 -0.8564 0.1489
vn -0.4972 -0.8613 0.1048
vn -0.4985 -0.8634 0.0777
vn -0.4991 -0.8644 0.0611
vn -0.4993 -0.8648 0.0522
vn -0.4995 -0.8652 0.0444
vn -0.4980 -0.8626 0.0891
vn -0.4871 -0.8437 0.2255
vn -0.4566 -0.7909 0.4074
vn -0.4079 -0.7064 0.5784
vn -0.3541 -0.6133 0.7060
vn -0.3065 -0.5309 0.7901
vn -0.3093 -0.5357 0.7857
vn -0.3350 -0.5802 0.7424
vn -0.3603 -0.6241 0.6933
vn -0.4038 -0.6995 0.5896
vn -0.4487 -0.7772 0.4411
vn -0.4809 -0.8329 0.2740
vn -0.4965 -0.8600 0.1178
vn -0.4999 -0.8658 0.0218
vn -0.4959 -0.8589 -0.1276
vn -0.4698 -0.8137 -0.3422
vn -0.4226 -0.7320 -0.5344
vn -0.3570 -0.6184 -0.7001
vn -0.3005 -0.5206 -0.7992
vn -0.2612 -0.4524 -0.8527
vn -0.2351 -0.4072 -0.8826
vn -0.0344 -0.0595 -0.9976
vn -0.0554 -0.2069 0.9768
vn 0.0868 0.3240 0.9421
vn -0.0718 -0.2681 0.9607
vn -0.0980 -0.3656 0.9256
vn -0.1311 -0.4894 0.8622
vn -0.1665 -0.6213 0.7657
vn -0.1982 -0.7398 0.6429
vn -0.2441 -0.9109 0.3328
vn -0.2546 -0.9502 -0.1798
vn -0.1792 -0.6688 -0.7215
vn -0.0693 -0.2587 -0.9635
vn -0.0352 -0.1315 -0.9907
vn -0.0366 -0.1366 -0.9900
vn -0.0635 -0.2368 -0.9695
vn -0.1220 -0.4555 -0.8818
vn -0.2290 -0.8548 -0.4656
vn -0.2588 -0.9658 -0.0158
vn -0.2588 -0.9659 -0.0018
vn -0.2588 -0.9657 0.0228
vn -0.2584 -0.9642 0.0600
vn -0.2572 -0.9597 0.1130
vn -0.2543 -0.9490 0.1865
vn -0.2506 -0.9351 0.2506
vn -0.2522 -0.9414 0.2239
vn -0.2559 -0.9552 0.1489
vn -0.2574 -0.9606 0.1048
vn -0.2580 -0.9630 0.0777
vn -0.2583 -0.9641 0.0611
vn -0.2585 -0.9646 0.0522
vn -0.2586 -0.9650 0.0444
vn -0.2578 -0.9621 0.0891
vn -0.2522 -0.9410 0.2255
vn -0.2364 -0.8822 0.4074
vn -0.2111 -0.7879 0.5784
vn -0.1833 -0.6840 0.7060
vn -0.1587 -0.5921 0.7901
vn -0.1601 -0.5975 0.7857
vn -0.1734 -0.6472 0.7424
vn -0.1865 -0.6961 0.6933
vn -0.2090 -0.7802 0.5896
vn -0.2323 -0.8669 0.4411
vn -0.2489 -0.9290 0.2740
vn -0.2570 -0.9592 0.1178
vn -0.2588 -0.9657 0.0218
vn -0.2567 -0.9580 -0.1276
vn -0.2432 -0.9076 -0.3422
vn -0.2187 -0.8164 -0.5344
vn -0.1848 -0.6897 -0.7001
vn -0.1556 -0.5806 -0.7992
vn -0.1352 -0.5045 -0.8528
vn -0.1217 -0.4542 -0.8826
vn -0.0178 -0.0664 -0.9976
vn -0.0000 -0.2142 0.9768
vn -0.0000 0.3354 0.9421
vn -0.0000 -0.2776 0.9607
vn -0.0000 -0.3785 0.9256
vn -0.0000 -0.5066 0.8622
vn -0.0000 -0.6432 0.7657
vn -0.0000 -0.7659 0.6429
vn -0.0000 -0.9430 0.3328
vn -0.0000 -0.9837 -0.1798
vn -0.0000 -0.6924 -0.7215
vn -0.0000 -0.2678 -0.9635
vn -0.0000 -0.1361 -0.9907
vn -0.0000 -0.1414 -0.9900
vn -0.0000 -0.2452 -0.9695
vn -0.0000 -0.4715 -0.8818
vn -0.0000 -0.8850 -0.4656
vn -0.0000 -0.9999 -0.0158
vn -0.0000 -1.0000 -0.0018
vn -0.0000 -0.9997 0.0228
vn -0.0000 -0.9982 0.0600
vn -0.0000 -0.9936 0.1130
vn -0.0000 -0.9825 0.1865
vn -0.0000 -0.9681 0.2506
vn -0.0000 -0.9746 0.2239
vn -0.0000 -0.9888 0.1489
vn -0.0000 -0.9945 0.1048
vn -0.0000 -0.9970 0.0777
vn -0.0000 -0.9981 0.0611
vn -0.0000 -0.9986 0.0522
vn -0.0000 -0.9990 0.0444
vn -0.0000 -0.9960 0.0891
vn -0.0000 -0.9742 0.2255
vn -0.0000 -0.9133 0.4073
vn -0.0000 -0.8157 0.5784
vn -0.0000 -0.7082 0.7060
vn -0.0000 -0.6130 0.7901
vn -0.0000 -0.6186 0.7857
vn -0.0000 -0.6700 0.7424
vn -0.0000 -0.7206 0.6933
vn -0.0000 -0.8077 0.5896
vn -0.0000 -0.8974 0.4411
vn -0.0000 -0.9617 0.2740
vn -0.0000 -0.9930 0.1178
vn -0.0000 -0.9998 0.0218
vn -0.0000 -0.9918 -0.1276
vn -0.0000 -0.9396 -0.3422
vn -0.0000 -0.8452 -0.5344
vn -0.0000 -0.7140 -0.7002
vn -0.0000 -0.6010 -0.7992
vn -0.0000 -0.5224 -0.8527
vn -0.0000 -0.4702 -0.8826
vn -0.0000 -0.0687 -0.9976
vn 0.0554 -0.2069 0.9768
vn -0.0868 0.3240 0.9421
vn 0.0718 -0.2681 0.9607
vn 0.0980 -0.3656 0.9256
vn 0.1311 -0.4894 0.8622
vn 0.1665 -0.6213 0.7657
vn 0.1982 -0.7398 0.6429
vn 0.2441 -0.9109 0.3328
vn 0.2546 -0.9502 -0.1798
vn 0.1792 -0.6688 -0.7215
vn 0.0693 -0.2587 -0.9635
vn 0.0352 -0.1315 -0.9907
vn 0.0366 -0.1366 -0.9900
vn 0.0635 -0.2368 -0.9695
vn 0.1220 -0.4555 -0.8818
vn 0.2290 -0.8548 -0.4656
vn 0.2588 -0.9658 -0.0158
vn 0.2588 -0.9659 -0.0018
vn 0.2588 -0.9657 0.0228
vn 0.2584 -0.9642 0.0600
vn 0.2572 -0.9597 0.1130
vn 0.2543 -0.9490 0.1865
vn 0.2506 -0.9351 0.2506
vn 0.2522 -0.9414 0.2239
vn 0.2559 -0.9552 0.1489
vn 0.2574 -0.9606 0.1048
vn 0.2580 -0.9630 0.0777
vn 0.2583 -0.9641 0.0611
vn 0.2585 -0.9646 0.0522
vn 0.2586 -0.9650 0.0444
vn 0.2578 -0.9621 0.0891
vn 0.2522 -0.9410 0.2255
vn 0.2364 -0.8822 0.4073
vn 0.2111 -0.7879 0.5784
vn 0.1833 -0.6840 0.7060
vn 0.1587 -0.5921 0.7901
vn 0.1601 -0.5975 0.7857
vn 0.1734 -0.6472 0.7424
vn 0.1865 -0.6961 0.6933
vn 0.2090 -0.7802 0.5896
vn 0.2323 -0.8669 0.4411
vn 0.2489 -0.9290 0.2740
vn 0.2570 -0.9592 0.1178
vn 0.2588 -0.9657 0.0218
vn 0.2567 -0.9580 -0.1276
vn 0.2432 -0.9076 -0.3423
vn 0.2188 -0.8164 -0.5345
vn 0.1848 -0.6897 -0.7002
vn 0.1556 -0.5806 -0.7992
vn 0.1352 -0.5045 -0.8527
vn 0.1217 -0.4542 -0.8826
vn 0.0178 -0.0664 -0.9976
vn 0.1071 -0.1855 0.9768
vn -0.1677 0.2905 0.9421
vn 0.1388 -0.2404 0.9607
vn 0.1892 -0.3278 0.9256
vn 0.2533 -0.4388 0.8622
vn 0.3216 -0.5570 0.7657
vn 0.3830 -0.6633 0.6429
vn 0.4715 -0.8167 0.3328
vn 0.4919 -0.8519 -0.1798
vn 0.3462 -0.5996 -0.7215
vn 0.1339 -0.2320 -0.9635
vn 0.0680 -0.1179 -0.9907
vn 0.0707 -0.1225 -0.9900
vn 0.1226 -0.2123 -0.9695
vn 0.2358 -0.4084 -0.8819
vn 0.4425 -0.7664 -0.4656
vn 0.4999 -0.8659 -0.0158
vn 0.5000 -0.8660 -0.0018
vn 0.4999 -0.8658 0.0228
vn 0.4991 -0.8645 0.0600
vn 0.4968 -0.8605 0.1130
vn 0.4912 -0.8508 0.1865
vn 0.4841 -0.8384 0.2506
vn 0.4873 -0.8440 0.2239
vn 0.4944 -0.8564 0.1489
vn 0.4972 -0.8613 0.1048
vn 0.4985 -0.8634 0.0777
vn 0.4991 -0.8644 0.0611
vn 0.4993 -0.8648 0.0522
vn 0.4995 -0.8652 0.0444
vn 0.4980 -0.8626 0.0891
vn 0.4871 -0.8437 0.2255
vn 0.4566 -0.7909 0.4074
vn 0.4079 -0.7064 0.5784
vn 0.3541 -0.6133 0.7060
vn 0.3065 -0.5309 0.7901
vn 0.3093 -0.5357 0.7857
vn 0.3350 -0.5802 0.7424
vn 0.3603 -0.6241 0.6933
vn 0.4038 -0.6995 0.5896
vn 0.4487 -0.7772 0.4411
vn 0.4809 -0.8329 0.2740
vn 0.4965 -0.8600 0.1178
vn 0.4999 -0.8658 0.0218
vn 0.4959 -0.8590 -0.1276
vn 0.4698 -0.8137 -0.3422
vn 0.4226 -0.7319 -0.5345
vn 0.3570 -0.6183 -0.7002
vn 0.3005 -0.5205 -0.7992
vn 0.2612 -0.4524 -0.8527
vn 0.2351 -0.4072 -0.8825
vn 0.0344 -0.0596 -0.9976
vn 0.1515 -0.1515 0.9768
vn -0.2372 0.2372 0.9421
vn 0.1963 -0.1963 0.9607
vn 0.2676 -0.2676 0.9256
vn 0.3582 -0.3582 0.8622
vn 0.4548 -0.4548 0.7657
vn 0.5416 -0.5416 0.6429
vn 0.6668 -0.6668 0.3328
vn 0.6956 -0.6956 -0.1798
vn 0.4896 -0.4896 -0.7215
vn 0.1894 -0.1894 -0.9635
vn 0.0962 -0.0962 -0.9907
vn 0.1000 -0.1000 -0.9900
vn 0.1734 -0.1734 -0.9695
vn 0.3334 -0.3334 -0.8818
vn 0.6258 -0.6258 -0.4656
vn 0.7070 -0.7070 -0.0158
vn 0.7071 -0.7071 -0.0018
vn 0.7069 -0.7069 0.0228
vn 0.7058 -0.7058 0.0600
vn 0.7026 -0.7026 0.1130
vn 0.6947 -0.6947 0.1865
vn 0.6846 -0.6846 0.2506
vn 0.6892 -0.6892 0.2239
vn 0.6992 -0.6992 0.1489
vn 0.7032 -0.7032 0.1048
vn 0.7050 -0.7050 0.0777
vn 0.7058 -0.7058 0.0611
vn 0.7061 -0.7061 0.0522
vn 0.7064 -0.7064 0.0444
vn 0.7043 -0.7043 0.0891
vn 0.6889 -0.6889 0.2255
vn 0.6458 -0.6458 0.4074
vn 0.5768 -0.5768 0.5784
vn 0.5008 -0.5008 0.7060
vn 0.4335 -0.4335 0.7901
vn 0.4374 -0.4374 0.7857
vn 0.4738 -0.4738 0.7424
vn 0.5096 -0.5096 0.6933
vn 0.5711 -0.5711 0.5896
vn 0.6346 -0.6346 0.4411
vn 0.6801 -0.6801 0.2740
vn 0.7022 -0.7022 0.1178
vn 0.7069 -0.7069 0.0218
vn 0.7013 -0.7013 -0.1276
vn 0.6644 -0.6644 -0.3422
vn 0.5976 -0.5977 -0.5344
vn 0.5049 -0.5049 -0.7002
vn 0.4250 -0.4250 -0.7992
vn 0.3693 -0.3693 -0.8527
vn 0.3325 -0.3325 -0.8826
vn 0.0486 -0.0486 -0.9976
vn 0.1855 -0.1071 0.9768
vn -0.2905 0.1677 0.9421
vn 0.2404 -0.1388 0.9607
vn 0.3278 -0.1892 0.9256
vn 0.4388 -0.2533 0.8622
vn 0.5570 -0.3216 0.7657
vn 0.6633 -0.3830 0.6429
vn 0.8167 -0.4715 0.3328
vn 0.8519 -0.4918 -0.1798
vn 0.5996 -0.3462 -0.7215
vn 0.2320 -0.1339 -0.9635
vn 0.1179 -0.0681 -0.9907
vn 0.1225 -0.0707 -0.9900
vn 0.2124 -0.1226 -0.9695
vn 0.4084 -0.2358 -0.8819
vn 0.7664 -0.4425 -0.4656
vn 0.8659 -0.4999 -0.0158
vn 0.8660 -0.5000 -0.0018
vn 0.8658 -0.4999 0.0228
vn 0.8645 -0.4991 0.0600
vn 0.8605 -0.4968 0.1130
vn 0.8508 -0.4912 0.1865
vn 0.8384 -0.4840 0.2506
vn 0.8440 -0.4873 0.2239
vn 0.8564 -0.4944 0.1489
vn 0.8613 -0.4972 0.1048
vn 0.8634 -0.4985 0.0777
vn 0.8644 -0.4991 0.0611
vn 0.8648 -0.4993 0.0522
vn 0.8652 -0.4995 0.0444
vn 0.8626 -0.4980 0.0891
vn 0.8437 -0.4871 0.2255
vn 0.7909 -0.4566 0.4074
vn 0.7064 -0.4079 0.5784
vn 0.6133 -0.3541 0.7060
vn 0.5309 -0.3065 0.7901
vn 0.5357 -0.3093 0.7857
vn 0.5802 -0.3350 0.7424
vn 0.6241 -0.3603 0.6933
vn 0.6995 -0.4038 0.5896
vn 0.7772 -0.4487 0.4411
vn 0.8329 -0.4809 0.2740
vn 0.8600 -0.4965 0.1178
vn 0.8658 -0.4999 0.0218
vn 0.8589 -0.4959 -0.1276
vn 0.8137 -0.4698 -0.3422
vn 0.7320 -0.4226 -0.5344
vn 0.6183 -0.3570 -0.7002
vn 0.5205 -0.3005 -0.7992
vn 0.4524 -0.2612 -0.8527
vn 0.4072 -0.2351 -0.8826
vn 0.0595 -0.0344 -0.9976
vn 0.2069 -0.0554 0.9768
vn -0.3240 0.0868 0.9421
vn 0.2681 -0.0718 0.9607
vn 0.3656 -0.0980 0.9256
vn 0.4894 -0.1311 0.8622
vn 0.6213 -0.1665 0.7657
vn 0.7398 -0.1982 0.6429
vn 0.9109 -0.2441 0.3328
vn 0.9502 -0.2546 -0.1798
vn 0.6688 -0.1792 -0.7215
vn 0.2587 -0.0693 -0.9635
vn 0.1315 -0.0352 -0.9907
vn 0.1366 -0.0366 -0.9900
vn 0.2368 -0.0635 -0.9695
vn 0.4555 -0.1220 -0.8819
vn 0.8548 -0.2290 -0.4657
vn 0.9658 -0.2588 -0.0158
vn 0.9659 -0.2588 -0.0018
vn 0.9657 -0.2588 0.0228
vn 0.9642 -0.2584 0.0600
vn 0.9597 -0.2572 0.1130
vn 0.9490 -0.2543 0.1865
vn 0.9351 -0.2506 0.2506
vn 0.9414 -0.2522 0.2239
vn 0.9552 -0.2559 0.1489
vn 0.9606 -0.2574 0.1048
vn 0.9630 -0.2580 0.0777
vn 0.9641 -0.2583 0.0611
vn 0.9646 -0.2585 0.0522
vn 0.9650 -0.2586 0.0444
vn 0.9621 -0.2578 0.0891
vn 0.9410 -0.2522 0.2255
vn 0.8822 -0.2364 0.4074
vn 0.7879 -0.2111 0.5784
vn 0.6840 -0.1833 0.7060
vn 0.5921 -0.1587 0.7901
vn 0.5975 -0.1601 0.7857
vn 0.6472 -0.1734 0.7424
vn 0.6961 -0.1865 0.6933
vn 0.7802 -0.2090 0.5896
vn 0.8669 -0.2323 0.4411
vn 0.9290 -0.2489 0.2740
vn 0.9592 -0.2570 0.1178
vn 0.9657 -0.2588 0.0218
vn 0.9580 -0.2567 -0.1276
vn 0.9076 -0.2432 -0.3422
vn 0.8164 -0.2187 -0.5344
vn 0.6896 -0.1848 -0.7002
vn 0.5806 -0.1555 -0.7992
vn 0.5045 -0.1352 -0.8527
vn 0.4542 -0.1217 -0.8826
vn 0.0664 -0.0178 -0.9976
vn 0.2142 -0.0000 0.9768
vn -0.3354 -0.0000 0.9421
vn 0.2776 -0.0000 0.9607
vn 0.3785 -0.0000 0.9256
vn 0.5066 -0.0000 0.8622
vn 0.6432 -0.0000 0.7657
vn 0.7659 -0.0000 0.6429
vn 0.9430 -0.0000 0.3328
vn 0.9837 -0.0000 -0.1798
vn 0.6924 -0.0000 -0.7215
vn 0.2678 -0.0000 -0.9635
vn 0.1361 -0.0000 -0.9907
vn 0.1414 -0.0000 -0.9900
vn 0.2452 -0.0000 -0.9695
vn 0.4715 -0.0000 -0.8819
vn 0.8850 -0.0000 -0.4656
vn 0.9999 -0.0000 -0.0158
vn 1.0000 -0.0000 -0.0018
vn 0.9997 -0.0000 0.0228
vn 0.9982 -0.0000 0.0600
vn 0.9936 -0.0000 0.1130
vn 0.9825 -0.0000 0.1865
vn 0.9681 -0.0000 0.2506
vn 0.9746 -0.0000 0.2239
vn 0.9888 -0.0000 0.1489
vn 0.9945 -0.0000 0.1048
vn 0.9970 -0.0000 0.0777
vn 0.9981 -0.0000 0.0611
vn 0.9986 -0.0000 0.0522
vn 0.9990 -0.0000 0.0444
vn 0.9960 -0.0000 0.0891
vn 0.9742 -0.0000 0.2255
vn 0.9133 -0.0000 0.4074
vn 0.8157 -0.0000 0.5784
vn 0.7082 -0.0000 0.7060
vn 0.6130 -0.0000 0.7901
vn 0.6186 -0.0000 0.7857
vn 0.6700 -0.0000 0.7424
vn 0.7206 -0.0000 0.6933
vn 0.8077 -0.0000 0.5896
vn 0.8974 -0.0000 0.4411
vn 0.9617 -0.0000 0.2740
vn 0.9930 -0.0000 0.1178
vn 0.9998 -0.0000 0.0218
vn 0.9918 -0.0000 -0.1276
vn 0.9396 -0.0000 -0.3422
vn 0.8452 -0.0000 -0.5344
vn 0.7140 -0.0000 -0.7001
vn 0.6011 -0.0000 -0.7992
vn 0.5223 -0.0000 -0.8527
vn 0.4702 -0.0000 -0.8826
vn 0.0688 -0.0000 -0.9976
vn 0.2069 0.0554 0.9768
vn -0.3240 -0.0868 0.9421
vn 0.2681 0.0718 0.9607
vn 0.3656 0.0980 0.9256
vn 0.4894 0.1311 0.8622
vn 0.6213 0.1665 0.7657
vn 0.7398 0.1982 0.6429
vn 0.9109 0.2441 0.3328
vn 0.9502 0.2546 -0.1798
vn 0.6688 0.1792 -0.7215
vn 0.2587 0.0693 -0.9635
vn 0.1315 0.0352 -0.9907
vn 0.1366 0.0366 -0.9900
vn 0.2368 0.0635 -0.9695
vn 0.4555 0.1220 -0.8819
vn 0.8548 0.2290 -0.4656
vn 0.9658 0.2588 -0.0158
vn 0.9659 0.2588 -0.0018
vn 0.9657 0.2588 0.0228
vn 0.9642 0.2584 0.0600
vn 0.9597 0.2572 0.1130
vn 0.9490 0.2543 0.1865
vn 0.9351 0.2506 0.2506
vn 0.9414 0.2522 0.2239
vn 0.9552 0.2559 0.1489
vn 0.9606 0.2574 0.1048
vn 0.9630 0.2580 0.0777
vn 0.9641 0.2583 0.0611
vn 0.9646 0.2585 0.0522
vn 0.9650 0.2586 0.0444
vn 0.9621 0.2578 0.0891
vn 0.9410 0.2522 0.2255
vn 0.8822 0.2364 0.4074
vn 0.7879 0.2111 0.5784
vn 0.6840 0.1833 0.7060
vn 0.5921 0.1587 0.7901
vn 0.5975 0.1601 0.7857
vn 0.6472 0.1734 0.7424
vn 0.6961 0.1865 0.6933
vn 0.7802 0.2090 0.5896
vn 0.8669 0.2323 0.4411
vn 0.9290 0.2489 0.2740
vn 0.9592 0.2570 0.1178
vn 0.9657 0.2588 0.0218
vn 0.9580 0.2567 -0.1276
vn 0.9076 0.2432 -0.3423
vn 0.8164 0.2188 -0.5344
vn 0.6897 0.1848 -0.7001
vn 0.5806 0.1556 -0.7992
vn 0.5045 0.1352 -0.8527
vn 0.4542 0.1217 -0.8826
vn 0.0664 0.0178 -0.9976
vn 0.1855 0.1071 0.9768
vn -0.2905 -0.1677 0.9421
vn 0.2404 0.1388 0.9607
vn 0.3278 0.1892 0.9256
vn 0.4388 0.2533 0.8622
vn 0.5570 0.3216 0.7657
vn 0.6633 0.3830 0.6429
vn 0.8167 0.4715 0.3328
vn 0.8519 0.4919 -0.1798
vn 0.5996 0.3462 -0.7215
vn 0.2320 0.1339 -0.9635
vn 0.1179 0.0681 -0.9907
vn 0.1225 0.0707 -0.9900
vn 0.2124 0.1226 -0.9695
vn 0.4084 0.2358 -0.8819
vn 0.7664 0.4425 -0.4657
vn 0.8659 0.4999 -0.0158
vn 0.8660 0.5000 -0.0018
vn 0.8658 0.4999 0.0228
vn 0.8645 0.4991 0.0600
vn 0.8605 0.4968 0.1130
vn 0.8508 0.4912 0.1865
vn 0.8384 0.4841 0.2506
vn 0.8440 0.4873 0.2239
vn 0.8564 0.4944 0.1489
vn 0.8613 0.4972 0.1048
vn 0.8634 0.4985 0.0777
vn 0.8644 0.4991 0.0611
vn 0.8648 0.4993 0.0522
vn 0.8652 0.4995 0.0444
vn 0.8626 0.4980 0.0891
vn 0.8437 0.4871 0.2255
vn 0.7909 0.4566 0.4074
vn 0.7064 0.4079 0.5784
vn 0.6133 0.3541 0.7060
vn 0.5309 0.3065 0.7901
vn 0.5357 0.3093 0.7857
vn 0.5802 0.3350 0.7424
vn 0.6241 0.3603 0.6933
vn 0.6995 0.4038 0.5896
vn 0.7772 0.4487 0.4411
vn 0.8329 0.4809 0.2740
vn 0.8600 0.4965 0.1178
vn 0.8658 0.4999 0.0218
vn 0.8590 0.4959 -0.1276
vn 0.8137 0.4698 -0.3422
vn 0.7320 0.4226 -0.5344
vn 0.6183 0.3570 -0.7002
vn 0.5205 0.3005 -0.7992
vn 0.4524 0.2611 -0.8527
vn 0.4072 0.2351 -0.8826
vn 0.0595 0.0344 -0.9976
vn 0.1515 0.1515 0.9768
vn -0.2372 -0.2372 0.9421
vn 0.1963 0.1963 0.9607
vn 0.2676 0.2676 0.9256
vn 0.3582 0.3582 0.8622
vn 0.4548 0.4548 0.7657
vn 0.5416 0.5416 0.6429
vn 0.6668 0.6668 0.3328
vn 0.6956 0.6956 -0.1798
vn 0.4896 0.4896 -0.7215
vn 0.1894 0.1894 -0.9635
vn 0.0962 0.0962 -0.9907
vn 0.1000 0.1000 -0.9900
vn 0.1734 0.1734 -0.9695
vn 0.3334 0.3334 -0.8819
vn 0.6258 0.6258 -0.4656
vn 0.7070 0.7070 -0.0158
vn 0.7071 0.7071 -0.0018
vn 0.7069 0.7069 0.0228
vn 0.7058 0.7058 0.0600
vn 0.7026 0.7026 0.1130
vn 0.6947 0.6947 0.1865
vn 0.6846 0.6846 0.2506
vn 0.6892 0.6892 0.2239
vn 0.6992 0.6992 0.1489
vn 0.7032 0.7032 0.1048
vn 0.7050 0.7050 0.0777
vn 0.7058 0.7058 0.0611
vn 0.7061 0.7061 0.0522
vn 0.7064 0.7064 0.0444
vn 0.7043 0.7043 0.0891
vn 0.6889 0.6889 0.2255
vn 0.6458 0.6458 0.4074
vn 0.5768 0.5768 0.5784
vn 0.5008 0.5008 0.7060
vn 0.4335 0.4335 0.7901
vn 0.4374 0.4374 0.7857
vn 0.4738 0.4738 0.7424
vn 0.5096 0.5096 0.6933
vn 0.5711 0.5711 0.5896
vn 0.6346 0.6346 0.4411
vn 0.6801 0.6801 0.2740
vn 0.7022 0.7022 0.1178
vn 0.7069 0.7069 0.0218
vn 0.7013 0.7013 -0.1276
vn 0.6644 0.6644 -0.3422
vn 0.5977 0.5976 -0.5344
vn 0.5049 0.5048 -0.7002
vn 0.4250 0.4250 -0.7992
vn 0.3693 0.3694 -0.8527
vn 0.3325 0.3325 -0.8826
vn 0.0486 0.0486 -0.9976
vn 0.1071 0.1855 0.9768
vn -0.1677 -0.2905 0.9421
vn 0.1388 0.2404 0.9607
vn 0.1892 0.3278 0.9256
vn 0.2533 0.4388 0.8622
vn 0.3216 0.5570 0.7657
vn 0.3830 0.6633 0.6429
vn 0.4715 0.8167 0.3328
vn 0.4919 0.8519 -0.1798
vn 0.3462 0.5996 -0.7215
vn 0.1339 0.2320 -0.9635
vn 0.0681 0.1179 -0.9907
vn 0.0707 0.1225 -0.9900
vn 0.1226 0.2124 -0.9695
vn 0.2358 0.4084 -0.8819
vn 0.4425 0.7664 -0.4656
vn 0.4999 0.8659 -0.0158
vn 0.5000 0.8660 -0.0018
vn 0.4999 0.8658 0.0228
vn 0.4991 0.8645 0.0600
vn 0.4968 0.8605 0.1130
vn 0.4912 0.8508 0.1865
vn 0.4840 0.8384 0.2506
vn 0.4873 0.8440 0.2239
vn 0.4944 0.8564 0.1489
vn 0.4972 0.8613 0.1048
vn 0.4985 0.8634 0.0777
vn 0.4991 0.8644 0.0611
vn 0.4993 0.8648 0.0522
vn 0.4995 0.8652 0.0444
vn 0.4980 0.8626 0.0891
vn 0.4871 0.8437 0.2255
vn 0.4566 0.7909 0.4074
vn 0.4079 0.7064 0.5784
vn 0.3541 0.6133 0.7060
vn 0.3065 0.5309 0.7901
vn 0.3093 0.5357 0.7857
vn 0.3350 0.5802 0.7424
vn 0.3603 0.6241 0.6933
vn 0.4038 0.6995 0.5896
vn 0.4487 0.7772 0.4411
vn 0.4809 0.8329 0.2740
vn 0.4965 0.8600 0.1178
vn 0.4999 0.8658 0.0218
vn 0.4959 0.8590 -0.1276
vn 0.4698 0.8137 -0.3423
vn 0.4226 0.7319 -0.5344
vn 0.3570 0.6184 -0.7001
vn 0.3005 0.5206 -0.7992
vn 0.2612 0.4524 -0.8527
vn 0.2351 0.4072 -0.8826
vn 0.0344 0.0595 -0.9976
vn 0.0554 0.2069 0.9768
vn -0.0868 -0.3240 0.9421
vn 0.0718 0.2681 0.9607
vn 0.0980 0.3656 0.9256
vn 0.1311 0.4894 0.8622
vn 0.1665 0.6213 0.7657
vn 0.1982 0.7398 0.6429
vn 0.2441 0.9109 0.3328
vn 0.2546 0.9502 -0.1798
vn 0.1792 0.6688 -0.7215
vn 0.0693 0.2587 -0.9635
vn 0.0352 0.1315 -0.9907
vn 0.0366 0.1366 -0.9900
vn 0.0635 0.2369 -0.9695
vn 0.1220 0.4555 -0.8819
vn 0.2290 0.8548 -0.4656
vn 0.2588 0.9658 -0.0158
vn 0.2588 0.9659 -0.0018
vn 0.2588 0.9657 0.0228
vn 0.2584 0.9642 0.0600
vn 0.2572 0.9597 0.1130
vn 0.2543 0.9490 0.1865
vn 0.2506 0.9351 0.2506
vn 0.2522 0.9414 0.2239
vn 0.2559 0.9552 0.1489
vn 0.2574 0.9606 0.1048
vn 0.2580 0.9630 0.0777
vn 0.2583 0.9641 0.0611
vn 0.2585 0.9646 0.0522
vn 0.2586 0.9650 0.0444
vn 0.2578 0.9621 0.0891
vn 0.2522 0.9410 0.2255
vn 0.2364 0.8822 0.4074
vn 0.2111 0.7879 0.5784
vn 0.1833 0.6840 0.7060
vn 0.1587 0.5921 0.7901
vn 0.1601 0.5975 0.7857
vn 0.1734 0.6472 0.7424
vn 0.1865 0.6961 0.6933
vn 0.2090 0.7802 0.5896
vn 0.2323 0.8669 0.4411
vn 0.2489 0.9290 0.2740
vn 0.2570 0.9592 0.1178
vn 0.2588 0.9657 0.0218
vn 0.2567 0.9580 -0.1276
vn 0.2432 0.9076 -0.3422
vn 0.2188 0.8164 -0.5344
vn 0.1848 0.6897 -0.7002
vn 0.1556 0.5806 -0.7992
vn 0.1352 0.5045 -0.8527
vn 0.1217 0.4542 -0.8826
vn 0.0178 0.0664 -0.9976
vn -0.0000 0.2142 0.9768
vn -0.0000 -0.3354 0.9421
vn -0.0000 0.2776 0.9607
vn -0.0000 0.3785 0.9256
vn -0.0000 0.5066 0.8622
vn -0.0000 0.6432 0.7657
vn -0.0000 0.7659 0.6429
vn -0.0000 0.9430 0.3328
vn -0.0000 0.9837 -0.1798
vn -0.0000 0.6924 -0.7215
vn -0.0000 0.2678 -0.9635
vn -0.0000 0.1361 -0.9907
vn -0.0000 0.1414 -0.9900
vn -0.0000 0.2452 -0.9695
vn -0.0000 0.4715 -0.8819
vn -0.0000 0.8850 -0.4657
vn -0.0000 0.9999 -0.0158
vn -0.0000 1.0000 -0.0018
vn -0.0000 0.9997 0.0228
vn -0.0000 0.9982 0.0600
vn -0.0000 0.9936 0.1130
vn -0.0000 0.9825 0.1865
vn -0.0000 0.9681 0.2506
vn -0.0000 0.9746 0.2239
vn -0.0000 0.9888 0.1489
vn -0.0000 0.9945 0.1048
vn -0.0000 0.9970 0.0777
vn -0.0000 0.9981 0.0611
vn -0.0000 0.9986 0.0522
vn -0.0000 0.9990 0.0444
vn -0.0000 0.9960 0.0891
vn -0.0000 0.9742 0.2255
vn -0.0000 0.9133 0.4074
vn -0.0000 0.8157 0.5784
vn -0.0000 0.7082 0.7060
vn -0.0000 0.6130 0.7901
vn -0.0000 0.6186 0.7857
vn -0.0000 0.6700 0.7424
vn -0.0000 0.7206 0.6933
vn -0.0000 0.8077 0.5896
vn -0.0000 0.8974 0.4411
vn -0.0000 0.9617 0.2740
vn -0.0000 0.9930 0.1178
vn -0.0000 0.9998 0.0218
vn -0.0000 0.9918 -0.1276
vn -0.0000 0.9396 -0.3422
vn -0.0000 0.8452 -0.5344
vn -0.0000 0.7140 -0.7001
vn -0.0000 0.6011 -0.7992
vn -0.0000 0.5223 -0.8527
vn -0.0000 0.4702 -0.8825
vn -0.0000 0.0688 -0.9976
vn -0.0554 0.2069 0.9768
vn 0.0868 -0.3240 0.9421
vn -0.0718 0.2681 0.9607
vn -0.0980 0.3656 0.9256
vn -0.1311 0.4894 0.8622
vn -0.1665 0.6213 0.7657
vn -0.1982 0.7398 0.6429
vn -0.2441 0.9109 0.3328
vn -0.2546 0.9502 -0.1798
vn -0.1792 0.6688 -0.7215
vn -0.0693 0.2587 -0.9635
vn -0.0352 0.1315 -0.9907
vn -0.0366 0.1366 -0.9900
vn -0.0635 0.2369 -0.9695
vn -0.1220 0.4555 -0.8819
vn -0.2290 0.8548 -0.4656
vn -0.2588 0.9658 -0.0158
vn -0.2588 0.9659 -0.0018
vn -0.2588 0.9657 0.0228
vn -0.2584 0.9642 0.0600
vn -0.2572 0.9597 0.1130
vn -0.2543 0.9490 0.1865
vn -0.2506 0.9351 0.2506
vn -0.2522 0.9414 0.2239
vn -0.2559 0.9552 0.1489
vn -0.2574 0.9606 0.1048
vn -0.2580 0.9630 0.0777
vn -0.2583 0.9641 0.0611
vn -0.2585 0.9646 0.0522
vn -0.2586 0.9650 0.0444
vn -0.2578 0.9621 0.0891
vn -0.2522 0.9410 0.2255
vn -0.2364 0.8822 0.4074
vn -0.2111 0.7879 0.5784
vn -0.1833 0.6840 0.7060
vn -0.1587 0.5921 0.7901
vn -0.1601 0.5975 0.7857
vn -0.1734 0.6472 0.7424
vn -0.1865 0.6961 0.6933
vn -0.2090 0.7802 0.5896
vn -0.2323 0.8669 0.4411
vn -0.2489 0.9290 0.2740
vn -0.2570 0.9592 0.1178
vn -0.2588 0.9657 0.0218
vn -0.2567 0.9580 -0.1276
vn -0.2432 0.9076 -0.3422
vn -0.2187 0.8164 -0.5344
vn -0.1848 0.6897 -0.7002
vn -0.1556 0.5806 -0.7992
vn -0.1352 0.5045 -0.8527
vn -0.1217 0.4542 -0.8826
vn -0.0178 0.0664 -0.9976
vn -0.1071 0.1855 0.9768
vn 0.1677 -0.2905 0.9421
vn -0.1388 0.2404 0.9607
vn -0.1892 0.3278 0.9256
vn -0.2533 0.4388 0.8622
vn -0.3216 0.5570 0.7657
vn -0.3830 0.6633 0.6429
vn -0.4715 0.8167 0.3328
vn -0.4918 0.8519 -0.1798
vn -0.3462 0.5996 -0.7215
vn -0.1339 0.2320 -0.9635
vn -0.0681 0.1179 -0.9907
vn -0.0707 0.1225 -0.9900
vn -0.1226 0.2124 -0.9695
vn -0.2358 0.4084 -0.8819
vn -0.4425 0.7664 -0.4656
vn -0.4999 0.8659 -0.0158
vn -0.5000 0.8660 -0.0018
vn -0.4999 0.8658 0.0228
vn -0.4991 0.8645 0.0600
vn -0.4968 0.8605 0.1130
vn -0.4912 0.8508 0.1865
vn -0.4841 0.8384 0.2506
vn -0.4873 0.8440 0.2239
vn -0.4944 0.8564 0.1489
vn -0.4972 0.8613 0.1048
vn -0.4985 0.8634 0.0777
vn -0.4991 0.8644 0.0611
vn -0.4993 0.8648 0.0522
vn -0.4995 0.8652 0.0444
vn -0.4980 0.8626 0.0891
vn -0.4871 0.8437 0.2255
vn -0.4566 0.7909 0.4074
vn -0.4079 0.7064 0.5784
vn -0.3541 0.6133 0.7060
vn -0.3065 0.5309 0.7901
vn -0.3093 0.5357 0.7857
vn -0.3350 0.5802 0.7424
vn -0.3603 0.6241 0.6933
vn -0.4038 0.6995 0.5896
vn -0.4487 0.7772 0.4411
vn -0.4809 0.8329 0.2740
vn -0.4965 0.8600 0.1178
vn -0.4999 0.8658 0.0218
vn -0.4959 0.8590 -0.1276
vn -0.4698 0.8137 -0.3422
vn -0.4226 0.7319 -0.5345
vn -0.3570 0.6183 -0.7002
vn -0.3005 0.5205 -0.7992
vn -0.2612 0.4523 -0.8528
vn -0.2351 0.4072 -0.8826
vn -0.0344 0.0595 -0.9976
vn -0.1515 0.1515 0.9768
vn 0.2372 -0.2372 0.9421
vn -0.1963 0.1963 0.9607
vn -0.2676 0.2676 0.9256
vn -0.3582 0.3582 0.8622
vn -0.4548 0.4548 0.7657
vn -0.5416 0.5416 0.6429
vn -0.6668 0.6668 0.3328
vn -0.6956 0.6956 -0.1798
vn -0.4896 0.4896 -0.7215
vn -0.1894 0.1894 -0.9635
vn -0.0962 0.0962 -0.9907
vn -0.1000 0.1000 -0.9900
vn -0.1734 0.1734 -0.9695
vn -0.3334 0.3334 -0.8819
vn -0.6258 0.6258 -0.4656
vn -0.7070 0.7070 -0.0158
vn -0.7071 0.7071 -0.0018
vn -0.7069 0.7069 0.0228
vn -0.7058 0.7058 0.0600
vn -0.7026 0.7026 0.1130
vn -0.6947 0.6947 0.1865
vn -0.6846 0.6846 0.2506
vn -0.6892 0.6892 0.2239
vn -0.6992 0.6992 0.1489
vn -0.7032 0.7032 0.1048
vn -0.7050 0.7050 0.0777
vn -0.7058 0.7058 0.0611
vn -0.7061 0.7061 0.0522
vn -0.7064 0.7064 0.0444
vn -0.7043 0.7043 0.0891
vn -0.6889 0.6889 0.2255
vn -0.6458 0.6458 0.4073
vn -0.5768 0.5768 0.5784
vn -0.5008 0.5008 0.7060
vn -0.4335 0.4335 0.7901
vn -0.4374 0.4374 0.7857
vn -0.4738 0.4738 0.7424
vn -0.5096 0.5096 0.6933
vn -0.5711 0.5711 0.5896
vn -0.6346 0.6346 0.4411
vn -0.6801 0.6800 0.2740
vn -0.7022 0.7022 0.1178
vn -0.7069 0.7069 0.0218
vn -0.7013 0.7013 -0.1276
vn -0.6644 0.6644 -0.3422
vn -0.5977 0.5977 -0.5344
vn -0.5049 0.5049 -0.7002
vn -0.4250 0.4250 -0.7992
vn -0.3693 0.3694 -0.8527
vn -0.3325 0.3325 -0.8826
vn -0.0486 0.0486 -0.9976
vn -0.1855 0.1071 0.9768
vn 0.2905 -0.1677 0.9421
vn -0.2404 0.1388 0.9607
vn -0.3278 0.1892 0.9256
vn -0.4388 0.2533 0.8622
vn -0.5570 0.3216 0.7657
vn -0.6633 0.3830 0.6429
vn -0.8167 0.4715 0.3328
vn -0.8519 0.4918 -0.1798
vn -0.5996 0.3462 -0.7215
vn -0.2320 0.1339 -0.9635
vn -0.1179 0.0681 -0.9907
vn -0.1225 0.0707 -0.9900
vn -0.2124 0.1226 -0.9695
vn -0.4084 0.2358 -0.8819
vn -0.7664 0.4425 -0.4656
vn -0.8659 0.4999 -0.0158
vn -0.8660 0.5000 -0.0018
vn -0.8658 0.4999 0.0228
vn -0.8645 0.4991 0.0600
vn -0.8605 0.4968 0.1130
vn -0.8508 0.4912 0.1865
vn -0.8384 0.4840 0.2506
vn -0.8440 0.4873 0.2239
vn -0.8564 0.4944 0.1489
vn -0.8613 0.4972 0.1048
vn -0.8634 0.4985 0.0777
vn -0.8644 0.4991 0.0611
vn -0.8648 0.4993 0.0522
vn -0.8652 0.4995 0.0444
vn -0.8626 0.4980 0.0891
vn -0.8437 0.4871 0.2255
vn -0.7909 0.4566 0.4074
vn -0.7064 0.4079 0.5784
vn -0.6133 0.3541 0.7060
vn -0.5309 0.3065 0.7901
vn -0.5357 0.3093 0.7857
vn -0.5802 0.3350 0.7424
vn -0.6241 0.3603 0.6933
vn -0.6995 0.4038 0.5896
vn -0.7772 0.4487 0.4411
vn -0.8329 0.4809 0.2740
vn -0.8600 0.4965 0.1178
vn -0.8658 0.4999 0.0218
vn -0.8589 0.4959 -0.1276
vn -0.8137 0.4698 -0.3422
vn -0.7320 0.4226 -0.5344
vn -0.6183 0.3570 -0.7002
vn -0.5205 0.3005 -0.7992
vn -0.4524 0.2612 -0.8527
vn -0.4072 0.2351 -0.8826
vn -0.0595 0.0344 -0.9976
vn -0.2069 0.0554 0.9768
vn 0.3240 -0.0868 0.9421
vn -0.2681 0.0718 0.9607
vn -0.3656 0.0980 0.9256
vn -0.4894 0.1311 0.8622
vn -0.6213 0.1665 0.7657
vn -0.7398 0.1982 0.6429
vn -0.9109 0.2441 0.3328
vn -0.9502 0.2546 -0.1798
vn -0.6688 0.1792 -0.7215
vn -0.2587 0.0693 -0.9635
vn -0.1315 0.0352 -0.9907
vn -0.1366 0.0366 -0.9900
vn -0.2368 0.0635 -0.9695
vn -0.4555 0.1220 -0.8819
vn -0.8548 0.2290 -0.4656
vn -0.9658 0.2588 -0.0158
vn -0.9659 0.2588 -0.0018
vn -0.9657 0.2588 0.0228
vn -0.9642 0.2584 0.0600
vn -0.9597 0.2572 0.1130
vn -0.9490 0.2543 0.1865
vn -0.9351 0.2506 0.2506
vn -0.9414 0.2522 0.2239
vn -0.9552 0.2559 0.1489
vn -0.9606 0.2574 0.1048
vn -0.9630 0.2580 0.0777
vn -0.9641 0.2583 0.0611
vn -0.9646 0.2585 0.0522
vn -0.9650 0.2586 0.0444
vn -0.9621 0.2578 0.0891
vn -0.9410 0.2522 0.2255
vn -0.8822 0.2364 0.4074
vn -0.7879 0.2111 0.5784
vn -0.6840 0.1833 0.7060
vn -0.5921 0.1587 0.7901
vn -0.5975 0.1601 0.7857
vn -0.6472 0.1734 0.7424
vn -0.6961 0.1865 0.6933
vn -0.7802 0.2090 0.5896
vn -0.8669 0.2323 0.4411
vn -0.9290 0.2489 0.2740
vn -0.9592 0.2570 0.1178
vn -0.9657 0.2588 0.0218
vn -0.9580 0.2567 -0.1276
vn -0.9076 0.2432 -0.3422
vn -0.8164 0.2187 -0.5344
vn -0.6896 0.1848 -0.7002
vn -0.5806 0.1556 -0.7992
vn -0.5045 0.1352 -0.8527
vn -0.4542 0.1217 -0.8826
vn -0.0664 0.0178 -0.9976
vn 0.1257 -0.0337 -0.9915
vn 0.1127 -0.0651 -0.9915
vn 0.0920 -0.0920 -0.9915
vn 0.0651 -0.1127 -0.9915
vn 0.0337 -0.1257 -0.9915
vn -0.0000 -0.1301 -0.9915
vn -0.0337 -0.1257 -0.9915
vn -0.0651 -0.1127 -0.9915
vn -0.0920 -0.0920 -0.9915
vn -0.1127 -0.0651 -0.9915
vn -0.1257 -0.0337 -0.9915
vn -0.1302 -0.0000 -0.9915
vn -0.1257 0.0337 -0.9915
vn -0.1127 0.0651 -0.9915
vn -0.0920 0.0920 -0.9915
vn -0.0651 0.1127 -0.9915
vn -0.0337 0.1257 -0.9915
vn -0.0000 0.1302 -0.9915
vn 0.0337 0.1257 -0.9915
vn 0.0651 0.1127 -0.9915
vn 0.0920 0.0920 -0.9915
vn 0.1127 0.0651 -0.9915
vn 0.1257 0.0337 -0.9915
vn 0.1302 -0.0000 -0.9915
vn 0.4283 0.2473 0.8691
vn 0.3497 0.3497 0.8691
vn 0.2473 0.4283 0.8691
vn 0.1280 0.4777 0.8691
vn -0.0000 0.4946 0.8691
vn -0.1280 0.4777 0.8691
vn -0.2473 0.4283 0.8691
vn -0.3497 0.3497 0.8691
vn -0.4283 0.2473 0.8691
vn -0.4777 0.1280 0.8691
vn -0.4946 -0.0000 0.8691
vn -0.4777 -0.1280 0.8691
vn -0.4283 -0.2473 0.8691
vn -0.3497 -0.3497 0.8691
vn -0.2473 -0.4283 0.8691
vn -0.1280 -0.4777 0.8691
vn -0.0000 -0.4946 0.8691
vn 0.1280 -0.4777 0.8691
vn 0.2473 -0.4283 0.8691
vn 0.3497 -0.3497 0.8691
vn 0.4283 -0.2473 0.8691
vn 0.4777 -0.1280 0.8691
vn 0.4946 -0.0000 0.8691
vn 0.4777 0.1280 0.8691
vn 0.3177 -0.0000 -0.9482
vn 0.3068 0.0822 -0.9482
vn 0.3068 -0.0822 -0.9482
vn 0.2751 -0.1588 -0.9482
vn 0.2246 -0.2246 -0.9482
vn 0.1588 -0.2751 -0.9482
vn 0.0822 -0.3068 -0.9482
vn -0.0000 -0.3177 -0.9482
vn -0.0822 -0.3068 -0.9482
vn -0.1588 -0.2751 -0.9482
vn -0.2246 -0.2246 -0.9482
vn -0.2751 -0.1588 -0.9482
vn -0.3069 -0.0822 -0.9482
vn -0.3177 -0.0000 -0.9482
vn -0.3068 0.0822 -0.9482
vn -0.2751 0.1588 -0.9482
vn -0.2246 0.2246 -0.9482
vn -0.1588 0.2751 -0.9482
vn -0.0822 0.3068 -0.9482
vn -0.0000 0.3177 -0.9482
vn 0.0822 0.3069 -0.9482
vn 0.1588 0.2751 -0.9482
vn 0.2246 0.2246 -0.9482
vn 0.2751 0.1588 -0.9482
vt 0.537103 0.999697
vt 0.535699 1.000000
vt 0.500000 1.000000
vt 0.500000 0.999697
vt 0.538490 0.999329
vt 0.500000 0.999329
vt 0.539846 0.998832
vt 0.500000 0.998832
vt 0.541152 0.998141
vt 0.500000 0.998141
vt 0.542394 0.997191
vt 0.500000 0.997191
vt 0.543555 0.995918
vt 0.500000 0.995918
vt 0.544619 0.994256
vt 0.500000 0.994256
vt 0.552425 0.872493
vt 0.500000 0.872493
vt 0.552220 0.872009
vt 0.500000 0.872009
vt 0.551581 0.871734
vt 0.500000 0.871734
vt 0.550645 0.871573
vt 0.500000 0.871573
vt 0.549553 0.871433
vt 0.500000 0.871433
vt 0.548441 0.871219
vt 0.500000 0.871219
vt 0.547450 0.870836
vt 0.500000 0.870836
vt 0.546718 0.870191
vt 0.500000 0.870191
vt 0.546526 0.859761
vt 0.500000 0.859761
vt 0.546422 0.849458
vt 0.500000 0.849458
vt 0.546492 0.839412
vt 0.500000 0.839412
vt 0.546824 0.829749
vt 0.500000 0.829749
vt 0.547505 0.820598
vt 0.500000 0.820598
vt 0.548622 0.812086
vt 0.500000 0.812086
vt 0.550263 0.804341
vt 0.500000 0.804341
vt 0.553283 0.792549
vt 0.500000 0.792549
vt 0.555739 0.777430
vt 0.500000 0.777430
vt 0.557726 0.759540
vt 0.500000 0.759540
vt 0.559337 0.739431
vt 0.500000 0.739431
vt 0.560666 0.717660
vt 0.500000 0.717660
vt 0.561808 0.694780
vt 0.500000 0.694780
vt 0.562855 0.671345
vt 0.500000 0.671345
vt 0.563078 0.665128
vt 0.500000 0.665128
vt 0.563881 0.658753
vt 0.500000 0.658753
vt 0.565844 0.652058
vt 0.500000 0.652058
vt 0.569546 0.644886
vt 0.500000 0.644886
vt 0.575569 0.637077
vt 0.500000 0.637077
vt 0.584492 0.628472
vt 0.500000 0.628472
vt 0.596895 0.618910
vt 0.500000 0.618910
vt 0.603459 0.612576
vt 0.500000 0.612576
vt 0.610022 0.605842
vt 0.500000 0.605842
vt 0.616199 0.597989
vt 0.500000 0.597989
vt 0.621610 0.588297
vt 0.500000 0.588297
vt 0.625870 0.576043
vt 0.500000 0.576043
vt 0.628598 0.560508
vt 0.500000 0.560508
vt 0.629409 0.540972
vt 0.500000 0.540972
vt 0.628373 0.004453
vt 0.500000 0.004453
vt 0.628285 0.004082
vt 0.500000 0.004082
vt 0.628109 0.003678
vt 0.500000 0.003678
vt 0.627759 0.003207
vt 0.500000 0.003207
vt 0.627146 0.002637
vt 0.500000 0.002637
vt 0.626182 0.001935
vt 0.500000 0.001935
vt 0.624780 0.001067
vt 0.500000 0.001067
vt 0.622853 0.000000
vt 0.500000 0.000000
vt 0.571677 0.999697
vt 0.568965 1.000000
vt 0.574358 0.999329
vt 0.576976 0.998832
vt 0.579501 0.998141
vt 0.581900 0.997191
vt 0.584143 0.995918
vt 0.586198 0.994256
vt 0.601277 0.872493
vt 0.600882 0.872009
vt 0.599647 0.871734
vt 0.597840 0.871573
vt 0.595729 0.871433
vt 0.593582 0.871219
vt 0.591667 0.870836
vt 0.590253 0.870191
vt 0.589882 0.859761
vt 0.589680 0.849458
vt 0.589816 0.839412
vt 0.590457 0.829749
vt 0.591772 0.820598
vt 0.593931 0.812086
vt 0.597101 0.804341
vt 0.602935 0.792549
vt 0.607680 0.777430
vt 0.611518 0.759540
vt 0.614630 0.739431
vt 0.617198 0.717660
vt 0.619403 0.694780
vt 0.621427 0.671345
vt 0.621857 0.665128
vt 0.623408 0.658753
vt 0.627200 0.652058
vt 0.634354 0.644886
vt 0.645989 0.637077
vt 0.663227 0.628472
vt 0.687188 0.618910
vt 0.699868 0.612576
vt 0.712546 0.605842
vt 0.724480 0.597989
vt 0.734933 0.588297
vt 0.743163 0.576043
vt 0.748432 0.560508
vt 0.750000 0.540972
vt 0.747997 0.004453
vt 0.747828 0.004082
vt 0.747489 0.003678
vt 0.746812 0.003207
vt 0.745627 0.002637
vt 0.743765 0.001935
vt 0.741058 0.001067
vt 0.737335 0.000000
vt 0.601367 0.999697
vt 0.597531 1.000000
vt 0.605158 0.999329
vt 0.608861 0.998832
vt 0.612431 0.998141
vt 0.615824 0.997191
vt 0.618996 0.995918
vt 0.621902 0.994256
vt 0.643227 0.872493
vt 0.642669 0.872009
vt 0.640922 0.871734
vt 0.638366 0.871573
vt 0.635381 0.871433
vt 0.632345 0.871219
vt 0.629637 0.870836
vt 0.627637 0.870191
vt 0.627113 0.859761
vt 0.626827 0.849458
vt 0.627019 0.839412
vt 0.627926 0.829749
vt 0.629786 0.820598
vt 0.632839 0.812086
vt 0.637322 0.804341
vt 0.645572 0.792549
vt 0.652283 0.777430
vt 0.657711 0.759540
vt 0.662112 0.739431
vt 0.665744 0.717660
vt 0.668862 0.694780
vt 0.671724 0.671345
vt 0.672332 0.665128
vt 0.674526 0.658753
vt 0.679888 0.652058
vt 0.690005 0.644886
vt 0.706460 0.637077
vt 0.730838 0.628472
vt 0.764723 0.618910
vt 0.782657 0.612576
vt 0.800585 0.605842
vt 0.817463 0.597989
vt 0.832245 0.588297
vt 0.843884 0.576043
vt 0.851336 0.560508
vt 0.853553 0.540972
vt 0.850721 0.004453
vt 0.850482 0.004082
vt 0.850002 0.003678
vt 0.849044 0.003207
vt 0.847369 0.002637
vt 0.844736 0.001935
vt 0.840907 0.001067
vt 0.835643 0.000000
vt 0.624149 0.999697
vt 0.619451 1.000000
vt 0.628792 0.999329
vt 0.633327 0.998832
vt 0.637699 0.998141
vt 0.641855 0.997191
vt 0.645740 0.995918
vt 0.649299 0.994256
vt 0.675417 0.872493
vt 0.674733 0.872009
vt 0.672594 0.871734
vt 0.669464 0.871573
vt 0.665807 0.871433
vt 0.662088 0.871219
vt 0.658772 0.870836
vt 0.656323 0.870191
vt 0.655681 0.859761
vt 0.655331 0.849458
vt 0.655566 0.839412
vt 0.656676 0.829749
vt 0.658955 0.820598
vt 0.662693 0.812086
vt 0.668184 0.804341
vt 0.678289 0.792549
vt 0.686508 0.777430
vt 0.693155 0.759540
vt 0.698546 0.739431
vt 0.702994 0.717660
vt 0.706813 0.694780
vt 0.710318 0.671345
vt 0.711063 0.665128
vt 0.713750 0.658753
vt 0.720317 0.652058
vt 0.732707 0.644886
vt 0.752860 0.637077
vt 0.782717 0.628472
vt 0.824219 0.618910
vt 0.846182 0.612576
vt 0.868141 0.605842
vt 0.888812 0.597989
vt 0.906916 0.588297
vt 0.921171 0.576043
vt 0.930297 0.560508
vt 0.933013 0.540972
vt 0.929544 0.004453
vt 0.929251 0.004082
vt 0.928664 0.003678
vt 0.927491 0.003207
vt 0.925438 0.002637
vt 0.922214 0.001935
vt 0.917524 0.001067
vt 0.911077 0.000000
vt 0.638470 0.999697
vt 0.633230 1.000000
vt 0.643649 0.999329
vt 0.648707 0.998832
vt 0.653584 0.998141
vt 0.658219 0.997191
vt 0.662552 0.995918
vt 0.666522 0.994256
vt 0.695652 0.872493
vt 0.694889 0.872009
vt 0.692503 0.871734
vt 0.689012 0.871573
vt 0.684934 0.871433
vt 0.680786 0.871219
vt 0.677087 0.870836
vt 0.674355 0.870191
vt 0.673639 0.859761
vt 0.673250 0.849458
vt 0.673511 0.839412
vt 0.674750 0.829749
vt 0.677291 0.820598
vt 0.681461 0.812086
vt 0.687585 0.804341
vt 0.698855 0.792549
vt 0.708022 0.777430
vt 0.715437 0.759540
vt 0.721449 0.739431
vt 0.726410 0.717660
vt 0.730670 0.694780
vt 0.734579 0.671345
vt 0.735411 0.665128
vt 0.738407 0.658753
vt 0.745732 0.652058
vt 0.759551 0.644886
vt 0.782029 0.637077
vt 0.815330 0.628472
vt 0.861619 0.618910
vt 0.886117 0.612576
vt 0.910607 0.605842
vt 0.933663 0.597989
vt 0.953855 0.588297
vt 0.969755 0.576043
vt 0.979934 0.560508
vt 0.982963 0.540972
vt 0.979095 0.004453
vt 0.978767 0.004082
vt 0.978112 0.003678
vt 0.976804 0.003207
vt 0.974515 0.002637
vt 0.970919 0.001935
vt 0.965688 0.001067
vt 0.958497 0.000000
vt 0.643354 0.999697
vt 0.637930 1.000000
vt 0.648716 0.999329
vt 0.653953 0.998832
vt 0.659002 0.998141
vt 0.663800 0.997191
vt 0.668286 0.995918
vt 0.672396 0.994256
vt 0.702554 0.872493
vt 0.701764 0.872009
vt 0.699294 0.871734
vt 0.695680 0.871573
vt 0.691458 0.871433
vt 0.687164 0.871219
vt 0.683334 0.870836
vt 0.680506 0.870191
vt 0.679765 0.859761
vt 0.679361 0.849458
vt 0.679632 0.839412
vt 0.680914 0.829749
vt 0.683545 0.820598
vt 0.687862 0.812086
vt 0.694203 0.804341
vt 0.705870 0.792549
vt 0.715361 0.777430
vt 0.723037 0.759540
vt 0.729261 0.739431
vt 0.734397 0.717660
vt 0.738807 0.694780
vt 0.742854 0.671345
vt 0.743715 0.665128
vt 0.746817 0.658753
vt 0.754401 0.652058
vt 0.768707 0.644886
vt 0.791978 0.637077
vt 0.826454 0.628472
vt 0.874375 0.618910
vt 0.899737 0.612576
vt 0.925092 0.605842
vt 0.948961 0.597989
vt 0.969866 0.588297
vt 0.986326 0.576043
vt 0.996864 0.560508
vt 1.000000 0.540972
vt 0.995995 0.004453
vt 0.995656 0.004082
vt 0.994978 0.003678
vt 0.993624 0.003207
vt 0.991254 0.002637
vt 0.987531 0.001935
vt 0.982116 0.001067
vt 0.974671 0.000000
vt 0.643649 0.999329
vt 0.653584 0.998141
vt 0.662552 0.995918
vt 0.694889 0.872009
vt 0.689012 0.871573
vt 0.677087 0.870836
vt 0.674355 0.870191
vt 0.673640 0.859761
vt 0.673511 0.839412
vt 0.674750 0.829749
vt 0.677291 0.820598
vt 0.681461 0.812086
vt 0.698855 0.792549
vt 0.715437 0.759540
vt 0.721449 0.739431
vt 0.726410 0.717660
vt 0.730670 0.694780
vt 0.734579 0.671345
vt 0.735411 0.665128
vt 0.738407 0.658753
vt 0.745732 0.652058
vt 0.759551 0.644886
vt 0.782029 0.637077
vt 0.815330 0.628472
vt 0.861619 0.618910
vt 0.886117 0.612576
vt 0.910608 0.605842
vt 0.933663 0.597989
vt 0.953856 0.588297
vt 0.969755 0.576043
vt 0.979934 0.560508
vt 0.982963 0.540972
vt 0.979095 0.004453
vt 0.978767 0.004082
vt 0.978113 0.003678
vt 0.976804 0.003207
vt 0.974515 0.002637
vt 0.970919 0.001935
vt 0.965688 0.001067
vt 0.958497 0.000000
vt 0.624149 0.999697
vt 0.628792 0.999329
vt 0.637699 0.998141
vt 0.675417 0.872493
vt 0.674733 0.872009
vt 0.672594 0.871734
vt 0.662088 0.871219
vt 0.658772 0.870836
vt 0.656323 0.870191
vt 0.655681 0.859761
vt 0.655331 0.849458
vt 0.655566 0.839412
vt 0.656676 0.829749
vt 0.658955 0.820598
vt 0.662694 0.812086
vt 0.668184 0.804341
vt 0.678289 0.792549
vt 0.686508 0.777430
vt 0.693155 0.759540
vt 0.698546 0.739431
vt 0.702994 0.717660
vt 0.706813 0.694780
vt 0.710318 0.671345
vt 0.711064 0.665128
vt 0.713750 0.658753
vt 0.720317 0.652058
vt 0.732708 0.644886
vt 0.752861 0.637077
vt 0.782717 0.628472
vt 0.824219 0.618910
vt 0.846183 0.612576
vt 0.868141 0.605842
vt 0.888812 0.597989
vt 0.906916 0.588297
vt 0.921171 0.576043
vt 0.930297 0.560508
vt 0.933013 0.540972
vt 0.929545 0.004453
vt 0.929251 0.004082
vt 0.928664 0.003678
vt 0.927491 0.003207
vt 0.925439 0.002637
vt 0.922215 0.001935
vt 0.917525 0.001067
vt 0.911077 0.000000
vt 0.601367 0.999697
vt 0.597531 1.000000
vt 0.605158 0.999329
vt 0.608861 0.998832
vt 0.612431 0.998141
vt 0.618996 0.995918
vt 0.621902 0.994256
vt 0.643227 0.872493
vt 0.642669 0.872009
vt 0.640922 0.871734
vt 0.638366 0.871573
vt 0.635381 0.871433
vt 0.632345 0.871219
vt 0.629637 0.870836
vt 0.627637 0.870191
vt 0.627113 0.859761
vt 0.626827 0.849458
vt 0.627019 0.839412
vt 0.627926 0.829749
vt 0.629786 0.820598
vt 0.632839 0.812086
vt 0.637322 0.804341
vt 0.645572 0.792549
vt 0.652283 0.777430
vt 0.657711 0.759540
vt 0.662112 0.739431
vt 0.665744 0.717660
vt 0.668862 0.694780
vt 0.671724 0.671345
vt 0.672333 0.665128
vt 0.674526 0.658753
vt 0.679888 0.652058
vt 0.690005 0.644886
vt 0.706460 0.637077
vt 0.730838 0.628472
vt 0.764724 0.618910
vt 0.782657 0.612576
vt 0.800586 0.605842
vt 0.817464 0.597989
vt 0.832245 0.588297
vt 0.843885 0.576043
vt 0.851336 0.560508
vt 0.853554 0.540972
vt 0.850722 0.004453
vt 0.850482 0.004082
vt 0.850003 0.003678
vt 0.849045 0.003207
vt 0.847370 0.002637
vt 0.844737 0.001935
vt 0.840908 0.001067
vt 0.835643 0.000000
vt 0.571677 0.999697
vt 0.568965 1.000000
vt 0.574358 0.999329
vt 0.576976 0.998832
vt 0.579501 0.998141
vt 0.581900 0.997191
vt 0.601277 0.872493
vt 0.600882 0.872009
vt 0.599647 0.871734
vt 0.597840 0.871573
vt 0.595729 0.871433
vt 0.593582 0.871219
vt 0.591667 0.870836
vt 0.590253 0.870191
vt 0.589882 0.859761
vt 0.589681 0.849458
vt 0.589816 0.839412
vt 0.590457 0.829749
vt 0.591773 0.820598
vt 0.593931 0.812086
vt 0.597101 0.804341
vt 0.602935 0.792549
vt 0.607680 0.777430
vt 0.611518 0.759540
vt 0.614631 0.739431
vt 0.617199 0.717660
vt 0.619404 0.694780
vt 0.621427 0.671345
vt 0.621858 0.665128
vt 0.623409 0.658753
vt 0.627200 0.652058
vt 0.634354 0.644886
vt 0.645989 0.637077
vt 0.663227 0.628472
vt 0.687188 0.618910
vt 0.699869 0.612576
vt 0.712546 0.605842
vt 0.724481 0.597989
vt 0.734933 0.588297
vt 0.743163 0.576043
vt 0.748432 0.560508
vt 0.750000 0.540972
vt 0.747998 0.004453
vt 0.747829 0.004082
vt 0.747490 0.003678
vt 0.746813 0.003207
vt 0.745628 0.002637
vt 0.743766 0.001935
vt 0.741059 0.001067
vt 0.737336 0.000000
vt 0.537103 0.999697
vt 0.535699 1.000000
vt 0.538490 0.999329
vt 0.539846 0.998832
vt 0.541152 0.998141
vt 0.542394 0.997191
vt 0.543555 0.995918
vt 0.544619 0.994256
vt 0.552425 0.872493
vt 0.552220 0.872009
vt 0.551581 0.871734
vt 0.550646 0.871573
vt 0.549553 0.871433
vt 0.548441 0.871219
vt 0.547450 0.870836
vt 0.546718 0.870191
vt 0.546526 0.859761
vt 0.546422 0.849458
vt 0.546492 0.839412
vt 0.546824 0.829749
vt 0.547505 0.820598
vt 0.548622 0.812086
vt 0.550263 0.804341
vt 0.553283 0.792549
vt 0.555739 0.777430
vt 0.557726 0.759540
vt 0.559337 0.739431
vt 0.560666 0.717660
vt 0.561808 0.694780
vt 0.562855 0.671345
vt 0.563078 0.665128
vt 0.563881 0.658753
vt 0.565844 0.652058
vt 0.569547 0.644886
vt 0.575570 0.637077
vt 0.584493 0.628472
vt 0.596896 0.618910
vt 0.603460 0.612576
vt 0.610022 0.605842
vt 0.616200 0.597989
vt 0.621610 0.588297
vt 0.625871 0.576043
vt 0.628598 0.560508
vt 0.629410 0.540972
vt 0.628374 0.004453
vt 0.628286 0.004082
vt 0.628111 0.003678
vt 0.627760 0.003207
vt 0.627147 0.002637
vt 0.626183 0.001935
vt 0.624781 0.001067
vt 0.622855 0.000000
vt 0.500000 0.999697
vt 0.500000 1.000000
vt 0.500000 0.999329
vt 0.500000 0.998832
vt 0.500000 0.998141
vt 0.500000 0.997191
vt 0.500000 0.995918
vt 0.500000 0.994256
vt 0.500000 0.872493
vt 0.500000 0.872009
vt 0.500000 0.871734
vt 0.500000 0.871573
vt 0.500000 0.871433
vt 0.500000 0.871219
vt 0.500000 0.870836
vt 0.500000 0.870191
vt 0.500000 0.859761
vt 0.500000 0.849458
vt 0.500000 0.839412
vt 0.500000 0.829749
vt 0.500000 0.820598
vt 0.500000 0.812086
vt 0.500000 0.804341
vt 0.500000 0.792549
vt 0.500000 0.777430
vt 0.500000 0.759540
vt 0.500000 0.739431
vt 0.500000 0.717660
vt 0.500000 0.694780
vt 0.500000 0.671345
vt 0.500000 0.665128
vt 0.500000 0.658753
vt 0.500000 0.652058
vt 0.500000 0.644886
vt 0.500000 0.637077
vt 0.500000 0.628472
vt 0.500000 0.618910
vt 0.500000 0.612576
vt 0.500000 0.605842
vt 0.500000 0.597989
vt 0.500000 0.588297
vt 0.500000 0.576043
vt 0.500000 0.560508
vt 0.500000 0.540972
vt 0.500001 0.004453
vt 0.500001 0.004082
vt 0.500001 0.003678
vt 0.500001 0.003207
vt 0.500001 0.002637
vt 0.500001 0.001935
vt 0.500001 0.001067
vt 0.500001 -0.000000
vt 0.462897 0.999697
vt 0.464301 1.000000
vt 0.461509 0.999329
vt 0.460154 0.998832
vt 0.458847 0.998141
vt 0.457605 0.997191
vt 0.456444 0.995918
vt 0.455380 0.994256
vt 0.447575 0.872493
vt 0.447779 0.872009
vt 0.448419 0.871734
vt 0.449354 0.871573
vt 0.450447 0.871433
vt 0.451558 0.871219
vt 0.452549 0.870836
vt 0.453281 0.870191
vt 0.453473 0.859761
vt 0.453578 0.849458
vt 0.453508 0.839412
vt 0.453176 0.829749
vt 0.452495 0.820598
vt 0.451378 0.812086
vt 0.449737 0.804341
vt 0.446717 0.792549
vt 0.444260 0.777430
vt 0.442274 0.759540
vt 0.440663 0.739431
vt 0.439334 0.717660
vt 0.438192 0.694780
vt 0.437145 0.671345
vt 0.436922 0.665128
vt 0.436119 0.658753
vt 0.434156 0.652058
vt 0.430453 0.644886
vt 0.424431 0.637077
vt 0.415508 0.628472
vt 0.403105 0.618910
vt 0.396540 0.612576
vt 0.389978 0.605842
vt 0.383800 0.597989
vt 0.378390 0.588297
vt 0.374130 0.576043
vt 0.371402 0.560508
vt 0.370591 0.540972
vt 0.371628 0.004453
vt 0.371715 0.004082
vt 0.371891 0.003678
vt 0.372241 0.003207
vt 0.372855 0.002637
vt 0.373818 0.001935
vt 0.375220 0.001067
vt 0.377147 0.000000
vt 0.428322 0.999697
vt 0.431035 1.000000
vt 0.425642 0.999329
vt 0.423023 0.998832
vt 0.420499 0.998141
vt 0.418100 0.997191
vt 0.415857 0.995918
vt 0.413802 0.994256
vt 0.398723 0.872493
vt 0.399118 0.872009
vt 0.400353 0.871734
vt 0.402160 0.871573
vt 0.404271 0.871433
vt 0.406418 0.871219
vt 0.408333 0.870836
vt 0.409747 0.870191
vt 0.410117 0.859761
vt 0.410319 0.849458
vt 0.410184 0.839412
vt 0.409543 0.829749
vt 0.408227 0.820598
vt 0.406069 0.812086
vt 0.402899 0.804341
vt 0.397065 0.792549
vt 0.392320 0.777430
vt 0.388482 0.759540
vt 0.385369 0.739431
vt 0.382802 0.717660
vt 0.380597 0.694780
vt 0.378573 0.671345
vt 0.378143 0.665128
vt 0.376592 0.658753
vt 0.372800 0.652058
vt 0.365646 0.644886
vt 0.354011 0.637077
vt 0.336773 0.628472
vt 0.312812 0.618910
vt 0.300131 0.612576
vt 0.287454 0.605842
vt 0.275519 0.597989
vt 0.265067 0.588297
vt 0.256837 0.576043
vt 0.251568 0.560508
vt 0.250000 0.540972
vt 0.252003 0.004453
vt 0.252173 0.004082
vt 0.252512 0.003678
vt 0.253189 0.003207
vt 0.254374 0.002637
vt 0.256235 0.001935
vt 0.258943 0.001067
vt 0.262666 0.000000
vt 0.398633 0.999697
vt 0.402468 1.000000
vt 0.394841 0.999329
vt 0.391139 0.998832
vt 0.387569 0.998141
vt 0.384175 0.997191
vt 0.381004 0.995918
vt 0.378097 0.994256
vt 0.356773 0.872493
vt 0.357331 0.872009
vt 0.359078 0.871734
vt 0.361633 0.871573
vt 0.364619 0.871433
vt 0.367655 0.871218
vt 0.370363 0.870836
vt 0.372363 0.870191
vt 0.372887 0.859761
vt 0.373172 0.849458
vt 0.372981 0.839412
vt 0.372074 0.829749
vt 0.370214 0.820598
vt 0.367161 0.812086
vt 0.362678 0.804341
vt 0.354428 0.792549
vt 0.347717 0.777430
vt 0.342289 0.759540
vt 0.337888 0.739431
vt 0.334256 0.717660
vt 0.331138 0.694780
vt 0.328276 0.671345
vt 0.327667 0.665128
vt 0.325474 0.658753
vt 0.320112 0.652058
vt 0.309995 0.644886
vt 0.293540 0.637077
vt 0.269162 0.628472
vt 0.235277 0.618910
vt 0.217343 0.612576
vt 0.199414 0.605842
vt 0.182536 0.597989
vt 0.167755 0.588297
vt 0.156116 0.576043
vt 0.148664 0.560508
vt 0.146447 0.540972
vt 0.149279 0.004453
vt 0.149519 0.004082
vt 0.149998 0.003678
vt 0.150956 0.003207
vt 0.152632 0.002637
vt 0.155264 0.001935
vt 0.159093 0.001067
vt 0.164358 0.000000
vt 0.375851 0.999697
vt 0.380549 1.000000
vt 0.371208 0.999329
vt 0.366673 0.998832
vt 0.362300 0.998141
vt 0.358145 0.997191
vt 0.354260 0.995918
vt 0.350700 0.994256
vt 0.324583 0.872493
vt 0.325267 0.872009
vt 0.327406 0.871734
vt 0.330536 0.871573
vt 0.334193 0.871433
vt 0.337911 0.871218
vt 0.341228 0.870836
vt 0.343677 0.870191
vt 0.344319 0.859761
vt 0.344668 0.849458
vt 0.344434 0.839412
vt 0.343324 0.829749
vt 0.341045 0.820598
vt 0.337306 0.812086
vt 0.331815 0.804341
vt 0.321711 0.792549
vt 0.313492 0.777430
vt 0.306845 0.759540
vt 0.301454 0.739431
vt 0.297006 0.717660
vt 0.293187 0.694780
vt 0.289682 0.671345
vt 0.288937 0.665128
vt 0.286250 0.658753
vt 0.279683 0.652058
vt 0.267293 0.644886
vt 0.247140 0.637077
vt 0.217283 0.628472
vt 0.175781 0.618910
vt 0.153817 0.612576
vt 0.131859 0.605842
vt 0.111188 0.597989
vt 0.093084 0.588297
vt 0.078829 0.576043
vt 0.069703 0.560508
vt 0.066987 0.540972
vt 0.070456 0.004453
vt 0.070750 0.004082
vt 0.071337 0.003678
vt 0.072510 0.003207
vt 0.074562 0.002637
vt 0.077786 0.001935
vt 0.082476 0.001067
vt 0.088924 0.000000
vt 0.361530 0.999697
vt 0.366769 1.000000
vt 0.356351 0.999329
vt 0.351293 0.998832
vt 0.346416 0.998141
vt 0.341781 0.997191
vt 0.337448 0.995918
vt 0.333478 0.994256
vt 0.304348 0.872493
vt 0.305111 0.872009
vt 0.307497 0.871734
vt 0.310988 0.871573
vt 0.315066 0.871433
vt 0.319214 0.871219
vt 0.322912 0.870836
vt 0.325644 0.870191
vt 0.326360 0.859761
vt 0.326750 0.849458
vt 0.326489 0.839412
vt 0.325250 0.829749
vt 0.322709 0.820598
vt 0.318539 0.812086
vt 0.312415 0.804341
vt 0.301144 0.792549
vt 0.291977 0.777430
vt 0.284563 0.759540
vt 0.278551 0.739431
vt 0.273590 0.717660
vt 0.269330 0.694780
vt 0.265421 0.671345
vt 0.264589 0.665128
vt 0.261593 0.658753
vt 0.254268 0.652058
vt 0.240449 0.644886
vt 0.217971 0.637077
vt 0.184670 0.628472
vt 0.138381 0.618910
vt 0.113883 0.612576
vt 0.089392 0.605842
vt 0.066337 0.597989
vt 0.046145 0.588297
vt 0.030245 0.576043
vt 0.020066 0.560508
vt 0.017037 0.540972
vt 0.020906 0.004453
vt 0.021234 0.004082
vt 0.021888 0.003678
vt 0.023197 0.003207
vt 0.025485 0.002637
vt 0.029082 0.001935
vt 0.034312 0.001067
vt 0.041504 0.000000
vt 0.356645 0.999697
vt 0.362069 1.000000
vt 0.351283 0.999329
vt 0.346047 0.998832
vt 0.340998 0.998141
vt 0.336199 0.997191
vt 0.331714 0.995918
vt 0.327603 0.994256
vt 0.297446 0.872493
vt 0.298236 0.872009
vt 0.300706 0.871734
vt 0.304320 0.871573
vt 0.308542 0.871433
vt 0.312836 0.871219
vt 0.316665 0.870836
vt 0.319494 0.870191
vt 0.320235 0.859761
vt 0.320639 0.849458
vt 0.320368 0.839412
vt 0.319086 0.829749
vt 0.316455 0.820598
vt 0.312137 0.812086
vt 0.305797 0.804341
vt 0.294130 0.792549
vt 0.284639 0.777430
vt 0.276963 0.759540
vt 0.270739 0.739431
vt 0.265603 0.717660
vt 0.261193 0.694780
vt 0.257146 0.671345
vt 0.256285 0.665128
vt 0.253183 0.658753
vt 0.245599 0.652058
vt 0.231293 0.644886
vt 0.208022 0.637077
vt 0.173546 0.628472
vt 0.125624 0.618910
vt 0.100263 0.612576
vt 0.074908 0.605842
vt 0.051039 0.597989
vt 0.030134 0.588297
vt 0.013674 0.576043
vt 0.003136 0.560508
vt 0.000000 0.540972
vt 0.004005 0.004453
vt 0.004344 0.004082
vt 0.005022 0.003678
vt 0.006377 0.003207
vt 0.008746 0.002637
vt 0.012469 0.001935
vt 0.017884 0.001067
vt 0.025330 0.000000
vt 0.361530 0.999697
vt 0.366769 1.000000
vt 0.356351 0.999329
vt 0.351293 0.998832
vt 0.346416 0.998141
vt 0.341781 0.997191
vt 0.337448 0.995918
vt 0.333478 0.994256
vt 0.305111 0.872009
vt 0.310988 0.871573
vt 0.325250 0.829749
vt 0.322709 0.820598
vt 0.301144 0.792549
vt 0.291977 0.777430
vt 0.284563 0.759540
vt 0.278551 0.739431
vt 0.273590 0.717660
vt 0.265421 0.671345
vt 0.264589 0.665128
vt 0.261593 0.658753
vt 0.254268 0.652058
vt 0.240449 0.644886
vt 0.217971 0.637077
vt 0.184670 0.628472
vt 0.138381 0.618910
vt 0.113883 0.612576
vt 0.089392 0.605842
vt 0.066337 0.597989
vt 0.046145 0.588297
vt 0.030245 0.576043
vt 0.020066 0.560508
vt 0.020906 0.004453
vt 0.021233 0.004082
vt 0.021888 0.003678
vt 0.023196 0.003207
vt 0.025485 0.002637
vt 0.029082 0.001935
vt 0.034312 0.001067
vt 0.041504 0.000000
vt 0.375851 0.999697
vt 0.380549 1.000000
vt 0.371208 0.999329
vt 0.366673 0.998832
vt 0.362300 0.998141
vt 0.358145 0.997191
vt 0.350700 0.994256
vt 0.324583 0.872493
vt 0.325267 0.872009
vt 0.327406 0.871734
vt 0.330536 0.871573
vt 0.334193 0.871433
vt 0.337911 0.871219
vt 0.341227 0.870836
vt 0.343677 0.870191
vt 0.344319 0.859761
vt 0.344668 0.849458
vt 0.344434 0.839412
vt 0.343324 0.829749
vt 0.341045 0.820598
vt 0.337306 0.812086
vt 0.331815 0.804341
vt 0.321711 0.792549
vt 0.313492 0.777430
vt 0.306844 0.759540
vt 0.301454 0.739431
vt 0.297006 0.717660
vt 0.293187 0.694780
vt 0.289682 0.671345
vt 0.288936 0.665128
vt 0.286250 0.658753
vt 0.279682 0.652058
vt 0.267292 0.644886
vt 0.247139 0.637077
vt 0.217282 0.628472
vt 0.175781 0.618910
vt 0.153817 0.612576
vt 0.131859 0.605842
vt 0.111188 0.597989
vt 0.093084 0.588297
vt 0.078829 0.576043
vt 0.069703 0.560508
vt 0.066987 0.540972
vt 0.070456 0.004453
vt 0.070749 0.004082
vt 0.071336 0.003678
vt 0.072509 0.003207
vt 0.074561 0.002637
vt 0.077786 0.001935
vt 0.082475 0.001067
vt 0.088923 0.000000
vt 0.398633 0.999697
vt 0.402468 1.000000
vt 0.394841 0.999329
vt 0.391139 0.998832
vt 0.387569 0.998141
vt 0.384176 0.997191
vt 0.381004 0.995918
vt 0.378097 0.994256
vt 0.356773 0.872493
vt 0.361633 0.871573
vt 0.364619 0.871433
vt 0.367655 0.871219
vt 0.370363 0.870836
vt 0.372363 0.870191
vt 0.372887 0.859761
vt 0.373172 0.849458
vt 0.372981 0.839412
vt 0.372074 0.829749
vt 0.370214 0.820598
vt 0.367161 0.812086
vt 0.362678 0.804341
vt 0.354428 0.792549
vt 0.347717 0.777430
vt 0.342289 0.759540
vt 0.337888 0.739431
vt 0.334256 0.717660
vt 0.331138 0.694780
vt 0.328276 0.671345
vt 0.327667 0.665128
vt 0.325474 0.658753
vt 0.320111 0.652058
vt 0.309995 0.644886
vt 0.293540 0.637077
vt 0.269162 0.628472
vt 0.235276 0.618910
vt 0.217343 0.612576
vt 0.199414 0.605842
vt 0.182536 0.597989
vt 0.167755 0.588297
vt 0.156115 0.576043
vt 0.148664 0.560508
vt 0.146447 0.540972
vt 0.149278 0.004453
vt 0.149518 0.004082
vt 0.149998 0.003678
vt 0.150955 0.003207
vt 0.152631 0.002637
vt 0.155264 0.001935
vt 0.159093 0.001067
vt 0.164357 0.000000
vt 0.428323 0.999697
vt 0.431035 1.000000
vt 0.425642 0.999329
vt 0.423023 0.998832
vt 0.420499 0.998141
vt 0.418100 0.997191
vt 0.415857 0.995918
vt 0.413802 0.994256
vt 0.398723 0.872493
vt 0.400353 0.871734
vt 0.402160 0.871573
vt 0.404271 0.871433
vt 0.406418 0.871219
vt 0.408333 0.870836
vt 0.409747 0.870191
vt 0.410117 0.859761
vt 0.410319 0.849458
vt 0.410184 0.839412
vt 0.409543 0.829749
vt 0.408227 0.820598
vt 0.406069 0.812086
vt 0.402899 0.804341
vt 0.397065 0.792549
vt 0.392320 0.777430
vt 0.388481 0.759540
vt 0.385369 0.739431
vt 0.382801 0.717660
vt 0.380596 0.694780
vt 0.378573 0.671345
vt 0.378142 0.665128
vt 0.376591 0.658753
vt 0.372800 0.652058
vt 0.365646 0.644886
vt 0.354011 0.637077
vt 0.336773 0.628472
vt 0.312812 0.618910
vt 0.300131 0.612576
vt 0.287454 0.605842
vt 0.275519 0.597989
vt 0.265067 0.588297
vt 0.256837 0.576043
vt 0.251568 0.560508
vt 0.250000 0.540972
vt 0.252002 0.004453
vt 0.252172 0.004082
vt 0.252511 0.003678
vt 0.253188 0.003207
vt 0.254373 0.002637
vt 0.256234 0.001935
vt 0.258942 0.001067
vt 0.262665 0.000000
vt 0.462897 0.999697
vt 0.464301 1.000000
vt 0.461509 0.999329
vt 0.460154 0.998832
vt 0.458847 0.998141
vt 0.457605 0.997191
vt 0.456444 0.995918
vt 0.455380 0.994256
vt 0.452549 0.870836
vt 0.453281 0.870191
vt 0.453473 0.859761
vt 0.453578 0.849458
vt 0.453508 0.839412
vt 0.453176 0.829749
vt 0.452495 0.820598
vt 0.451377 0.812086
vt 0.449736 0.804341
vt 0.446717 0.792549
vt 0.444260 0.777430
vt 0.442274 0.759540
vt 0.440663 0.739431
vt 0.439333 0.717660
vt 0.438192 0.694780
vt 0.437145 0.671345
vt 0.436922 0.665128
vt 0.436119 0.658753
vt 0.434156 0.652058
vt 0.430453 0.644886
vt 0.424430 0.637077
vt 0.415507 0.628472
vt 0.403104 0.618910
vt 0.396540 0.612576
vt 0.389978 0.605842
vt 0.383800 0.597989
vt 0.378390 0.588297
vt 0.374129 0.576043
vt 0.371402 0.560508
vt 0.370590 0.540972
vt 0.371627 0.004453
vt 0.371715 0.004082
vt 0.371890 0.003678
vt 0.372241 0.003207
vt 0.372854 0.002637
vt 0.373818 0.001935
vt 0.375219 0.001067
vt 0.377146 0.000000
vt 0.095558 0.638984
vt 0.138942 0.613782
vt 0.187371 0.600668
vt 0.237544 0.600535
vt 0.286042 0.613392
vt 0.329560 0.638364
vt 0.365131 0.673747
vt 0.390333 0.717132
vt 0.403447 0.765561
vt 0.403580 0.815734
vt 0.390723 0.864231
vt 0.365752 0.907749
vt 0.330368 0.943321
vt 0.286983 0.968522
vt 0.238554 0.981637
vt 0.188381 0.981770
vt 0.139884 0.968912
vt 0.096366 0.943941
vt 0.060794 0.908557
vt 0.035593 0.865173
vt 0.022479 0.816744
vt 0.022346 0.766571
vt 0.035203 0.718073
vt 0.060174 0.674555
vt 0.801232 0.725005
vt 0.835024 0.715854
vt 0.870032 0.715761
vt 0.903872 0.724732
vt 0.934237 0.742156
vt 0.959057 0.766845
vt 0.976641 0.797117
vt 0.985792 0.830909
vt 0.985885 0.865917
vt 0.976914 0.899757
vt 0.959490 0.930121
vt 0.934801 0.954942
vt 0.904529 0.972526
vt 0.870737 0.981677
vt 0.835729 0.981770
vt 0.801889 0.972798
vt 0.771525 0.955375
vt 0.746704 0.930685
vt 0.729120 0.900414
vt 0.719969 0.866622
vt 0.719877 0.831614
vt 0.728848 0.797774
vt 0.746272 0.767410
vt 0.770961 0.742589
vt 0.531506 0.992863
vt 0.500000 0.992863
vt 0.560865 0.992863
vt 0.586077 0.992863
vt 0.605422 0.992863
vt 0.617583 0.992863
vt 0.621731 0.992863
vt 0.605422 0.992863
vt 0.586077 0.992863
vt 0.560865 0.992863
vt 0.531506 0.992863
vt 0.500000 0.992863
vt 0.468493 0.992863
vt 0.439134 0.992863
vt 0.413923 0.992863
vt 0.394578 0.992863
vt 0.382417 0.992863
vt 0.378269 0.992863
vt 0.382417 0.992863
vt 0.413923 0.992863
vt 0.439134 0.992863
vt 0.468494 0.992863
vt 0.500000 0.001495
vt 0.619592 0.001495
vt 0.380407 0.001495
vt 0.268964 0.001495
vt 0.173266 0.001495
vt 0.099835 0.001495
vt 0.053674 0.001495
vt 0.037929 0.001495
vt 0.053674 0.001495
vt 0.099835 0.001495
vt 0.173267 0.001495
vt 0.268965 0.001495
vt 0.380408 0.001495
vt 0.500001 0.001495
vt 0.619594 0.001495
vt 0.731036 0.001495
vt 0.826734 0.001495
vt 0.900166 0.001495
vt 0.946327 0.001495
vt 0.962071 0.001495
vt 0.946326 0.001495
vt 0.900165 0.001495
vt 0.826733 0.001495
vt 0.731035 0.001495
vt 0.500000 0.002256
vt 0.616797 0.002256
vt 0.383202 0.002256
vt 0.274364 0.002256
vt 0.180903 0.002256
vt 0.109187 0.002256
vt 0.064105 0.002256
vt 0.048729 0.002256
vt 0.064106 0.002256
vt 0.109188 0.002256
vt 0.180904 0.002256
vt 0.274365 0.002256
vt 0.383203 0.002256
vt 0.500001 0.002256
vt 0.616798 0.002256
vt 0.725636 0.002256
vt 0.819098 0.002256
vt 0.890813 0.002256
vt 0.935895 0.002256
vt 0.951272 0.002256
vt 0.935895 0.002256
vt 0.890813 0.002256
vt 0.819097 0.002256
vt 0.725635 0.002256
s 1
usemtl 02_-_Default
f 1/1/1 2/2/2 3/3/3
f 3/3/3 4/4/4 1/1/1
f 5/5/5 1/1/1 4/4/4
f 4/4/4 6/6/6 5/5/5
f 7/7/7 5/5/5 6/6/6
f 6/6/6 8/8/8 7/7/7
f 9/9/9 7/7/7 8/8/8
f 8/8/8 10/10/10 9/9/9
f 11/11/11 9/9/9 10/10/10
f 10/10/10 12/12/12 11/11/11
f 13/13/13 11/11/11 12/12/12
f 12/12/12 14/14/14 13/13/13
f 15/15/15 13/13/13 14/14/14
f 14/14/14 16/16/16 15/15/15
f 17/17/17 15/15/15 16/16/16
f 16/16/16 18/18/18 17/17/17
f 19/19/19 17/17/17 18/18/18
f 18/18/18 20/20/20 19/19/19
f 21/21/21 19/19/19 20/20/20
f 20/20/20 22/22/22 21/21/21
f 23/23/23 21/21/21 22/22/22
f 22/22/22 24/24/24 23/23/23
f 25/25/25 23/23/23 24/24/24
f 24/24/24 26/26/26 25/25/25
f 27/27/27 25/25/25 26/26/26
f 26/26/26 28/28/28 27/27/27
f 29/29/29 27/27/27 28/28/28
f 28/28/28 30/30/30 29/29/29
f 31/31/31 29/29/29 30/30/30
f 30/30/30 32/32/32 31/31/31
f 33/33/33 31/31/31 32/32/32
f 32/32/32 34/34/34 33/33/33
f 35/35/35 33/33/33 34/34/34
f 34/34/34 36/36/36 35/35/35
f 37/37/37 35/35/35 36/36/36
f 36/36/36 38/38/38 37/37/37
f 39/39/39 37/37/37 38/38/38
f 38/38/38 40/40/40 39/39/39
f 41/41/41 39/39/39 40/40/40
f 40/40/40 42/42/42 41/41/41
f 43/43/43 41/41/41 42/42/42
f 42/42/42 44/44/44 43/43/43
f 45/45/45 43/43/43 44/44/44
f 44/44/44 46/46/46 45/45/45
f 47/47/47 45/45/45 46/46/46
f 46/46/46 48/48/48 47/47/47
f 49/49/49 47/47/47 48/48/48
f 48/48/48 50/50/50 49/49/49
f 51/51/51 49/49/49 50/50/50
f 50/50/50 52/52/52 51/51/51
f 53/53/53 51/51/51 52/52/52
f 52/52/52 54/54/54 53/53/53
f 55/55/55 53/53/53 54/54/54
f 54/54/54 56/56/56 55/55/55
f 57/57/57 55/55/55 56/56/56
f 56/56/56 58/58/58 57/57/57
f 59/59/59 57/57/57 58/58/58
f 58/58/58 60/60/60 59/59/59
f 61/61/61 59/59/59 60/60/60
f 60/60/60 62/62/62 61/61/61
f 63/63/63 61/61/61 62/62/62
f 62/62/62 64/64/64 63/63/63
f 65/65/65 63/63/63 64/64/64
f 64/64/64 66/66/66 65/65/65
f 67/67/67 65/65/65 66/66/66
f 66/66/66 68/68/68 67/67/67
f 69/69/69 67/67/67 68/68/68
f 68/68/68 70/70/70 69/69/69
f 71/71/71 69/69/69 70/70/70
f 70/70/70 72/72/72 71/71/71
f 73/73/73 71/71/71 72/72/72
f 72/72/72 74/74/74 73/73/73
f 75/75/75 73/73/73 74/74/74
f 74/74/74 76/76/76 75/75/75
f 77/77/77 75/75/75 76/76/76
f 76/76/76 78/78/78 77/77/77
f 79/79/79 77/77/77 78/78/78
f 78/78/78 80/80/80 79/79/79
f 81/81/81 79/79/79 80/80/80
f 80/80/80 82/82/82 81/81/81
f 83/83/83 81/81/81 82/82/82
f 82/82/82 84/84/84 83/83/83
f 85/85/85 83/83/83 84/84/84
f 84/84/84 86/86/86 85/85/85
f 87/87/87 85/85/85 86/86/86
f 86/86/86 88/88/88 87/87/87
f 89/89/89 87/87/87 88/88/88
f 88/88/88 90/90/90 89/89/89
f 91/91/91 89/89/89 90/90/90
f 90/90/90 92/92/92 91/91/91
f 93/93/93 91/91/91 92/92/92
f 92/92/92 94/94/94 93/93/93
f 95/95/95 93/93/93 94/94/94
f 94/94/94 96/96/96 95/95/95
f 97/97/97 95/95/95 96/96/96
f 96/96/96 98/98/98 97/97/97
f 99/99/99 97/97/97 98/98/98
f 98/98/98 100/100/100 99/99/99
f 101/101/101 99/99/99 100/100/100
f 100/100/100 102/102/102 101/101/101
f 103/103/103 101/101/101 102/102/102
f 102/102/102 104/104/104 103/103/103
f 105/105/105 106/106/106 2/2/2
f 2/2/2 1/1/1 105/105/105
f 107/107/107 105/105/105 1/1/1
f 1/1/1 5/5/5 107/107/107
f 108/108/108 107/107/107 5/5/5
f 5/5/5 7/7/7 108/108/108
f 109/109/109 108/108/108 7/7/7
f 7/7/7 9/9/9 109/109/109
f 110/110/110 109/109/109 9/9/9
f 9/9/9 11/11/11 110/110/110
f 111/111/111 110/110/110 11/11/11
f 11/11/11 13/13/13 111/111/111
f 112/112/112 111/111/111 13/13/13
f 13/13/13 15/15/15 112/112/112
f 113/113/113 112/112/112 15/15/15
f 15/15/15 17/17/17 113/113/113
f 114/114/114 113/113/113 17/17/17
f 17/17/17 19/19/19 114/114/114
f 115/115/115 114/114/114 19/19/19
f 19/19/19 21/21/21 115/115/115
f 116/116/116 115/115/115 21/21/21
f 21/21/21 23/23/23 116/116/116
f 117/117/117 116/116/116 23/23/23
f 23/23/23 25/25/25 117/117/117
f 118/118/118 117/117/117 25/25/25
f 25/25/25 27/27/27 118/118/118
f 119/119/119 118/118/118 27/27/27
f 27/27/27 29/29/29 119/119/119
f 120/120/120 119/119/119 29/29/29
f 29/29/29 31/31/31 120/120/120
f 121/121/121 120/120/120 31/31/31
f 31/31/31 33/33/33 121/121/121
f 122/122/122 121/121/121 33/33/33
f 33/33/33 35/35/35 122/122/122
f 123/123/123 122/122/122 35/35/35
f 35/35/35 37/37/37 123/123/123
f 124/124/124 123/123/123 37/37/37
f 37/37/37 39/39/39 124/124/124
f 125/125/125 124/124/124 39/39/39
f 39/39/39 41/41/41 125/125/125
f 126/126/126 125/125/125 41/41/41
f 41/41/41 43/43/43 126/126/126
f 127/127/127 126/126/126 43/43/43
f 43/43/43 45/45/45 127/127/127
f 128/128/128 127/127/127 45/45/45
f 45/45/45 47/47/47 128/128/128
f 129/129/129 128/128/128 47/47/47
f 47/47/47 49/49/49 129/129/129
f 130/130/130 129/129/129 49/49/49
f 49/49/49 51/51/51 130/130/130
f 131/131/131 130/130/130 51/51/51
f 51/51/51 53/53/53 131/131/131
f 132/132/132 131/131/131 53/53/53
f 53/53/53 55/55/55 132/132/132
f 133/133/133 132/132/132 55/55/55
f 55/55/55 57/57/57 133/133/133
f 134/134/134 133/133/133 57/57/57
f 57/57/57 59/59/59 134/134/134
f 135/135/135 134/134/134 59/59/59
f 59/59/59 61/61/61 135/135/135
f 136/136/136 135/135/135 61/61/61
f 61/61/61 63/63/63 136/136/136
f 137/137/137 136/136/136 63/63/63
f 63/63/63 65/65/65 137/137/137
f 138/138/138 137/137/137 65/65/65
f 65/65/65 67/67/67 138/138/138
f 139/139/139 138/138/138 67/67/67
f 67/67/67 69/69/69 139/139/139
f 140/140/140 139/139/139 69/69/69
f 69/69/69 71/71/71 140/140/140
f 141/141/141 140/140/140 71/71/71
f 71/71/71 73/73/73 141/141/141
f 142/142/142 141/141/141 73/73/73
f 73/73/73 75/75/75 142/142/142
f 143/143/143 142/142/142 75/75/75
f 75/75/75 77/77/77 143/143/143
f 144/144/144 143/143/143 77/77/77
f 77/77/77 79/79/79 144/144/144
f 145/145/145 144/144/144 79/79/79
f 79/79/79 81/81/81 145/145/145
f 146/146/146 145/145/145 81/81/81
f 81/81/81 83/83/83 146/146/146
f 147/147/147 146/146/146 83/83/83
f 83/83/83 85/85/85 147/147/147
f 148/148/148 147/147/147 85/85/85
f 85/85/85 87/87/87 148/148/148
f 149/149/149 148/148/148 87/87/87
f 87/87/87 89/89/89 149/149/149
f 150/150/150 149/149/149 89/89/89
f 89/89/89 91/91/91 150/150/150
f 151/151/151 150/150/150 91/91/91
f 91/91/91 93/93/93 151/151/151
f 152/152/152 151/151/151 93/93/93
f 93/93/93 95/95/95 152/152/152
f 153/153/153 152/152/152 95/95/95
f 95/95/95 97/97/97 153/153/153
f 154/154/154 153/153/153 97/97/97
f 97/97/97 99/99/99 154/154/154
f 155/155/155 154/154/154 99/99/99
f 99/99/99 101/101/101 155/155/155
f 156/156/156 155/155/155 101/101/101
f 101/101/101 103/103/103 156/156/156
f 157/157/157 158/158/158 106/106/106
f 106/106/106 105/105/105 157/157/157
f 159/159/159 157/157/157 105/105/105
f 105/105/105 107/107/107 159/159/159
f 160/160/160 159/159/159 107/107/107
f 107/107/107 108/108/108 160/160/160
f 161/161/161 160/160/160 108/108/108
f 108/108/108 109/109/109 161/161/161
f 162/162/162 161/161/161 109/109/109
f 109/109/109 110/110/110 162/162/162
f 163/163/163 162/162/162 110/110/110
f 110/110/110 111/111/111 163/163/163
f 164/164/164 163/163/163 111/111/111
f 111/111/111 112/112/112 164/164/164
f 165/165/165 164/164/164 112/112/112
f 112/112/112 113/113/113 165/165/165
f 166/166/166 165/165/165 113/113/113
f 113/113/113 114/114/114 166/166/166
f 167/167/167 166/166/166 114/114/114
f 114/114/114 115/115/115 167/167/167
f 168/168/168 167/167/167 115/115/115
f 115/115/115 116/116/116 168/168/168
f 169/169/169 168/168/168 116/116/116
f 116/116/116 117/117/117 169/169/169
f 170/170/170 169/169/169 117/117/117
f 117/117/117 118/118/118 170/170/170
f 171/171/171 170/170/170 118/118/118
f 118/118/118 119/119/119 171/171/171
f 172/172/172 171/171/171 119/119/119
f 119/119/119 120/120/120 172/172/172
f 173/173/173 172/172/172 120/120/120
f 120/120/120 121/121/121 173/173/173
f 174/174/174 173/173/173 121/121/121
f 121/121/121 122/122/122 174/174/174
f 175/175/175 174/174/174 122/122/122
f 122/122/122 123/123/123 175/175/175
f 176/176/176 175/175/175 123/123/123
f 123/123/123 124/124/124 176/176/176
f 177/177/177 176/176/176 124/124/124
f 124/124/124 125/125/125 177/177/177
f 178/178/178 177/177/177 125/125/125
f 125/125/125 126/126/126 178/178/178
f 179/179/179 178/178/178 126/126/126
f 126/126/126 127/127/127 179/179/179
f 180/180/180 179/179/179 127/127/127
f 127/127/127 128/128/128 180/180/180
f 181/181/181 180/180/180 128/128/128
f 128/128/128 129/129/129 181/181/181
f 182/182/182 181/181/181 129/129/129
f 129/129/129 130/130/130 182/182/182
f 183/183/183 182/182/182 130/130/130
f 130/130/130 131/131/131 183/183/183
f 184/184/184 183/183/183 131/131/131
f 131/131/131 132/132/132 184/184/184
f 185/185/185 184/184/184 132/132/132
f 132/132/132 133/133/133 185/185/185
f 186/186/186 185/185/185 133/133/133
f 133/133/133 134/134/134 186/186/186
f 187/187/187 186/186/186 134/134/134
f 134/134/134 135/135/135 187/187/187
f 188/188/188 187/187/187 135/135/135
f 135/135/135 136/136/136 188/188/188
f 189/189/189 188/188/188 136/136/136
f 136/136/136 137/137/137 189/189/189
f 190/190/190 189/189/189 137/137/137
f 137/137/137 138/138/138 190/190/190
f 191/191/191 190/190/190 138/138/138
f 138/138/138 139/139/139 191/191/191
f 192/192/192 191/191/191 139/139/139
f 139/139/139 140/140/140 192/192/192
f 193/193/193 192/192/192 140/140/140
f 140/140/140 141/141/141 193/193/193
f 194/194/194 193/193/193 141/141/141
f 141/141/141 142/142/142 194/194/194
f 195/195/195 194/194/194 142/142/142
f 142/142/142 143/143/143 195/195/195
f 196/196/196 195/195/195 143/143/143
f 143/143/143 144/144/144 196/196/196
f 197/197/197 196/196/196 144/144/144
f 144/144/144 145/145/145 197/197/197
f 198/198/198 197/197/197 145/145/145
f 145/145/145 146/146/146 198/198/198
f 199/199/199 198/198/198 146/146/146
f 146/146/146 147/147/147 199/199/199
f 200/200/200 199/199/199 147/147/147
f 147/147/147 148/148/148 200/200/200
f 201/201/201 200/200/200 148/148/148
f 148/148/148 149/149/149 201/201/201
f 202/202/202 201/201/201 149/149/149
f 149/149/149 150/150/150 202/202/202
f 203/203/203 202/202/202 150/150/150
f 150/150/150 151/151/151 203/203/203
f 204/204/204 203/203/203 151/151/151
f 151/151/151 152/152/152 204/204/204
f 205/205/205 204/204/204 152/152/152
f 152/152/152 153/153/153 205/205/205
f 206/206/206 205/205/205 153/153/153
f 153/153/153 154/154/154 206/206/206
f 207/207/207 206/206/206 154/154/154
f 154/154/154 155/155/155 207/207/207
f 208/208/208 207/207/207 155/155/155
f 155/155/155 156/156/156 208/208/208
f 209/209/209 210/210/210 158/158/158
f 158/158/158 157/157/157 209/209/209
f 211/211/211 209/209/209 157/157/157
f 157/157/157 159/159/159 211/211/211
f 212/212/212 211/211/211 159/159/159
f 159/159/159 160/160/160 212/212/212
f 213/213/213 212/212/212 160/160/160
f 160/160/160 161/161/161 213/213/213
f 214/214/214 213/213/213 161/161/161
f 161/161/161 162/162/162 214/214/214
f 215/215/215 214/214/214 162/162/162
f 162/162/162 163/163/163 215/215/215
f 216/216/216 215/215/215 163/163/163
f 163/163/163 164/164/164 216/216/216
f 217/217/217 216/216/216 164/164/164
f 164/164/164 165/165/165 217/217/217
f 218/218/218 217/217/217 165/165/165
f 165/165/165 166/166/166 218/218/218
f 219/219/219 218/218/218 166/166/166
f 166/166/166 167/167/167 219/219/219
f 220/220/220 219/219/219 167/167/167
f 167/167/167 168/168/168 220/220/220
f 221/221/221 220/220/220 168/168/168
f 168/168/168 169/169/169 221/221/221
f 222/222/222 221/221/221 169/169/169
f 169/169/169 170/170/170 222/222/222
f 223/223/223 222/222/222 170/170/170
f 170/170/170 171/171/171 223/223/223
f 224/224/224 223/223/223 171/171/171
f 171/171/171 172/172/172 224/224/224
f 225/225/225 224/224/224 172/172/172
f 172/172/172 173/173/173 225/225/225
f 226/226/226 225/225/225 173/173/173
f 173/173/173 174/174/174 226/226/226
f 227/227/227 226/226/226 174/174/174
f 174/174/174 175/175/175 227/227/227
f 228/228/228 227/227/227 175/175/175
f 175/175/175 176/176/176 228/228/228
f 229/229/229 228/228/228 176/176/176
f 176/176/176 177/177/177 229/229/229
f 230/230/230 229/229/229 177/177/177
f 177/177/177 178/178/178 230/230/230
f 231/231/231 230/230/230 178/178/178
f 178/178/178 179/179/179 231/231/231
f 232/232/232 231/231/231 179/179/179
f 179/179/179 180/180/180 232/232/232
f 233/233/233 232/232/232 180/180/180
f 180/180/180 181/181/181 233/233/233
f 234/234/234 233/233/233 181/181/181
f 181/181/181 182/182/182 234/234/234
f 235/235/235 234/234/234 182/182/182
f 182/182/182 183/183/183 235/235/235
f 236/236/236 235/235/235 183/183/183
f 183/183/183 184/184/184 236/236/236
f 237/237/237 236/236/236 184/184/184
f 184/184/184 185/185/185 237/237/237
f 238/238/238 237/237/237 185/185/185
f 185/185/185 186/186/186 238/238/238
f 239/239/239 238/238/238 186/186/186
f 186/186/186 187/187/187 239/239/239
f 240/240/240 239/239/239 187/187/187
f 187/187/187 188/188/188 240/240/240
f 241/241/241 240/240/240 188/188/188
f 188/188/188 189/189/189 241/241/241
f 242/242/242 241/241/241 189/189/189
f 189/189/189 190/190/190 242/242/242
f 243/243/243 242/242/242 190/190/190
f 190/190/190 191/191/191 243/243/243
f 244/244/244 243/243/243 191/191/191
f 191/191/191 192/192/192 244/244/244
f 245/245/245 244/244/244 192/192/192
f 192/192/192 193/193/193 245/245/245
f 246/246/246 245/245/245 193/193/193
f 193/193/193 194/194/194 246/246/246
f 247/247/247 246/246/246 194/194/194
f 194/194/194 195/195/195 247/247/247
f 248/248/248 247/247/247 195/195/195
f 195/195/195 196/196/196 248/248/248
f 249/249/249 248/248/248 196/196/196
f 196/196/196 197/197/197 249/249/249
f 250/250/250 249/249/249 197/197/197
f 197/197/197 198/198/198 250/250/250
f 251/251/251 250/250/250 198/198/198
f 198/198/198 199/199/199 251/251/251
f 252/252/252 251/251/251 199/199/199
f 199/199/199 200/200/200 252/252/252
f 253/253/253 252/252/252 200/200/200
f 200/200/200 201/201/201 253/253/253
f 254/254/254 253/253/253 201/201/201
f 201/201/201 202/202/202 254/254/254
f 255/255/255 254/254/254 202/202/202
f 202/202/202 203/203/203 255/255/255
f 256/256/256 255/255/255 203/203/203
f 203/203/203 204/204/204 256/256/256
f 257/257/257 256/256/256 204/204/204
f 204/204/204 205/205/205 257/257/257
f 258/258/258 257/257/257 205/205/205
f 205/205/205 206/206/206 258/258/258
f 259/259/259 258/258/258 206/206/206
f 206/206/206 207/207/207 259/259/259
f 260/260/260 259/259/259 207/207/207
f 207/207/207 208/208/208 260/260/260
f 261/261/261 262/262/262 210/210/210
f 210/210/210 209/209/209 261/261/261
f 263/263/263 261/261/261 209/209/209
f 209/209/209 211/211/211 263/263/263
f 264/264/264 263/263/263 211/211/211
f 211/211/211 212/212/212 264/264/264
f 265/265/265 264/264/264 212/212/212
f 212/212/212 213/213/213 265/265/265
f 266/266/266 265/265/265 213/213/213
f 213/213/213 214/214/214 266/266/266
f 267/267/267 266/266/266 214/214/214
f 214/214/214 215/215/215 267/267/267
f 268/268/268 267/267/267 215/215/215
f 215/215/215 216/216/216 268/268/268
f 269/269/269 268/268/268 216/216/216
f 216/216/216 217/217/217 269/269/269
f 270/270/270 269/269/269 217/217/217
f 217/217/217 218/218/218 270/270/270
f 271/271/271 270/270/270 218/218/218
f 218/218/218 219/219/219 271/271/271
f 272/272/272 271/271/271 219/219/219
f 219/219/219 220/220/220 272/272/272
f 273/273/273 272/272/272 220/220/220
f 220/220/220 221/221/221 273/273/273
f 274/274/274 273/273/273 221/221/221
f 221/221/221 222/222/222 274/274/274
f 275/275/275 274/274/274 222/222/222
f 222/222/222 223/223/223 275/275/275
f 276/276/276 275/275/275 223/223/223
f 223/223/223 224/224/224 276/276/276
f 277/277/277 276/276/276 224/224/224
f 224/224/224 225/225/225 277/277/277
f 278/278/278 277/277/277 225/225/225
f 225/225/225 226/226/226 278/278/278
f 279/279/279 278/278/278 226/226/226
f 226/226/226 227/227/227 279/279/279
f 280/280/280 279/279/279 227/227/227
f 227/227/227 228/228/228 280/280/280
f 281/281/281 280/280/280 228/228/228
f 228/228/228 229/229/229 281/281/281
f 282/282/282 281/281/281 229/229/229
f 229/229/229 230/230/230 282/282/282
f 283/283/283 282/282/282 230/230/230
f 230/230/230 231/231/231 283/283/283
f 284/284/284 283/283/283 231/231/231
f 231/231/231 232/232/232 284/284/284
f 285/285/285 284/284/284 232/232/232
f 232/232/232 233/233/233 285/285/285
f 286/286/286 285/285/285 233/233/233
f 233/233/233 234/234/234 286/286/286
f 287/287/287 286/286/286 234/234/234
f 234/234/234 235/235/235 287/287/287
f 288/288/288 287/287/287 235/235/235
f 235/235/235 236/236/236 288/288/288
f 289/289/289 288/288/288 236/236/236
f 236/236/236 237/237/237 289/289/289
f 290/290/290 289/289/289 237/237/237
f 237/237/237 238/238/238 290/290/290
f 291/291/291 290/290/290 238/238/238
f 238/238/238 239/239/239 291/291/291
f 292/292/292 291/291/291 239/239/239
f 239/239/239 240/240/240 292/292/292
f 293/293/293 292/292/292 240/240/240
f 240/240/240 241/241/241 293/293/293
f 294/294/294 293/293/293 241/241/241
f 241/241/241 242/242/242 294/294/294
f 295/295/295 294/294/294 242/242/242
f 242/242/242 243/243/243 295/295/295
f 296/296/296 295/295/295 243/243/243
f 243/243/243 244/244/244 296/296/296
f 297/297/297 296/296/296 244/244/244
f 244/244/244 245/245/245 297/297/297
f 298/298/298 297/297/297 245/245/245
f 245/245/245 246/246/246 298/298/298
f 299/299/299 298/298/298 246/246/246
f 246/246/246 247/247/247 299/299/299
f 300/300/300 299/299/299 247/247/247
f 247/247/247 248/248/248 300/300/300
f 301/301/301 300/300/300 248/248/248
f 248/248/248 249/249/249 301/301/301
f 302/302/302 301/301/301 249/249/249
f 249/249/249 250/250/250 302/302/302
f 303/303/303 302/302/302 250/250/250
f 250/250/250 251/251/251 303/303/303
f 304/304/304 303/303/303 251/251/251
f 251/251/251 252/252/252 304/304/304
f 305/305/305 304/304/304 252/252/252
f 252/252/252 253/253/253 305/305/305
f 306/306/306 305/305/305 253/253/253
f 253/253/253 254/254/254 306/306/306
f 307/307/307 306/306/306 254/254/254
f 254/254/254 255/255/255 307/307/307
f 308/308/308 307/307/307 255/255/255
f 255/255/255 256/256/256 308/308/308
f 309/309/309 308/308/308 256/256/256
f 256/256/256 257/257/257 309/309/309
f 310/310/310 309/309/309 257/257/257
f 257/257/257 258/258/258 310/310/310
f 311/311/311 310/310/310 258/258/258
f 258/258/258 259/259/259 311/311/311
f 312/312/312 311/311/311 259/259/259
f 259/259/259 260/260/260 312/312/312
f 313/313/313 314/314/314 262/262/262
f 262/262/262 261/261/261 313/313/313
f 315/315/315 313/313/313 261/261/261
f 261/261/261 263/263/263 315/315/315
f 316/316/316 315/315/315 263/263/263
f 263/263/263 264/264/264 316/316/316
f 317/317/317 316/316/316 264/264/264
f 264/264/264 265/265/265 317/317/317
f 318/318/318 317/317/317 265/265/265
f 265/265/265 266/266/266 318/318/318
f 319/319/319 318/318/318 266/266/266
f 266/266/266 267/267/267 319/319/319
f 320/320/320 319/319/319 267/267/267
f 267/267/267 268/268/268 320/320/320
f 321/321/321 320/320/320 268/268/268
f 268/268/268 269/269/269 321/321/321
f 322/322/322 321/321/321 269/269/269
f 269/269/269 270/270/270 322/322/322
f 323/323/323 322/322/322 270/270/270
f 270/270/270 271/271/271 323/323/323
f 324/324/324 323/323/323 271/271/271
f 271/271/271 272/272/272 324/324/324
f 325/325/325 324/324/324 272/272/272
f 272/272/272 273/273/273 325/325/325
f 326/326/326 325/325/325 273/273/273
f 273/273/273 274/274/274 326/326/326
f 327/327/327 326/326/326 274/274/274
f 274/274/274 275/275/275 327/327/327
f 328/328/328 327/327/327 275/275/275
f 275/275/275 276/276/276 328/328/328
f 329/329/329 328/328/328 276/276/276
f 276/276/276 277/277/277 329/329/329
f 330/330/330 329/329/329 277/277/277
f 277/277/277 278/278/278 330/330/330
f 331/331/331 330/330/330 278/278/278
f 278/278/278 279/279/279 331/331/331
f 332/332/332 331/331/331 279/279/279
f 279/279/279 280/280/280 332/332/332
f 333/333/333 332/332/332 280/280/280
f 280/280/280 281/281/281 333/333/333
f 334/334/334 333/333/333 281/281/281
f 281/281/281 282/282/282 334/334/334
f 335/335/335 334/334/334 282/282/282
f 282/282/282 283/283/283 335/335/335
f 336/336/336 335/335/335 283/283/283
f 283/283/283 284/284/284 336/336/336
f 337/337/337 336/336/336 284/284/284
f 284/284/284 285/285/285 337/337/337
f 338/338/338 337/337/337 285/285/285
f 285/285/285 286/286/286 338/338/338
f 339/339/339 338/338/338 286/286/286
f 286/286/286 287/287/287 339/339/339
f 340/340/340 339/339/339 287/287/287
f 287/287/287 288/288/288 340/340/340
f 341/341/341 340/340/340 288/288/288
f 288/288/288 289/289/289 341/341/341
f 342/342/342 341/341/341 289/289/289
f 289/289/289 290/290/290 342/342/342
f 343/343/343 342/342/342 290/290/290
f 290/290/290 291/291/291 343/343/343
f 344/344/344 343/343/343 291/291/291
f 291/291/291 292/292/292 344/344/344
f 345/345/345 344/344/344 292/292/292
f 292/292/292 293/293/293 345/345/345
f 346/346/346 345/345/345 293/293/293
f 293/293/293 294/294/294 346/346/346
f 347/347/347 346/346/346 294/294/294
f 294/294/294 295/295/295 347/347/347
f 348/348/348 347/347/347 295/295/295
f 295/295/295 296/296/296 348/348/348
f 349/349/349 348/348/348 296/296/296
f 296/296/296 297/297/297 349/349/349
f 350/350/350 349/349/349 297/297/297
f 297/297/297 298/298/298 350/350/350
f 351/351/351 350/350/350 298/298/298
f 298/298/298 299/299/299 351/351/351
f 352/352/352 351/351/351 299/299/299
f 299/299/299 300/300/300 352/352/352
f 353/353/353 352/352/352 300/300/300
f 300/300/300 301/301/301 353/353/353
f 354/354/354 353/353/353 301/301/301
f 301/301/301 302/302/302 354/354/354
f 355/355/355 354/354/354 302/302/302
f 302/302/302 303/303/303 355/355/355
f 356/356/356 355/355/355 303/303/303
f 303/303/303 304/304/304 356/356/356
f 357/357/357 356/356/356 304/304/304
f 304/304/304 305/305/305 357/357/357
f 358/358/358 357/357/357 305/305/305
f 305/305/305 306/306/306 358/358/358
f 359/359/359 358/358/358 306/306/306
f 306/306/306 307/307/307 359/359/359
f 360/360/360 359/359/359 307/307/307
f 307/307/307 308/308/308 360/360/360
f 361/361/361 360/360/360 308/308/308
f 308/308/308 309/309/309 361/361/361
f 362/362/362 361/361/361 309/309/309
f 309/309/309 310/310/310 362/362/362
f 363/363/363 362/362/362 310/310/310
f 310/310/310 311/311/311 363/363/363
f 364/364/364 363/363/363 311/311/311
f 311/311/311 312/312/312 364/364/364
f 365/261/365 366/262/366 314/314/314
f 314/314/314 313/313/313 365/261/365
f 367/365/367 365/261/365 313/313/313
f 313/313/313 315/315/315 367/365/367
f 368/264/368 367/365/367 315/315/315
f 315/315/315 316/316/316 368/264/368
f 369/366/369 368/264/368 316/316/316
f 316/316/316 317/317/317 369/366/369
f 370/266/370 369/366/369 317/317/317
f 317/317/317 318/318/318 370/266/370
f 371/367/371 370/266/370 318/318/318
f 318/318/318 319/319/319 371/367/371
f 372/268/372 371/367/371 319/319/319
f 319/319/319 320/320/320 372/268/372
f 373/269/373 372/268/372 320/320/320
f 320/320/320 321/321/321 373/269/373
f 374/368/374 373/269/373 321/321/321
f 321/321/321 322/322/322 374/368/374
f 375/271/375 374/368/374 322/322/322
f 322/322/322 323/323/323 375/271/375
f 376/369/376 375/271/375 323/323/323
f 323/323/323 324/324/324 376/369/376
f 377/273/377 376/369/376 324/324/324
f 324/324/324 325/325/325 377/273/377
f 378/274/378 377/273/377 325/325/325
f 325/325/325 326/326/326 378/274/378
f 379/370/379 378/274/378 326/326/326
f 326/326/326 327/327/327 379/370/379
f 380/371/380 379/370/379 327/327/327
f 327/327/327 328/328/328 380/371/380
f 381/372/381 380/371/380 328/328/328
f 328/328/328 329/329/329 381/372/381
f 382/278/382 381/372/381 329/329/329
f 329/329/329 330/330/330 382/278/382
f 383/373/383 382/278/382 330/330/330
f 330/330/330 331/331/331 383/373/383
f 384/374/384 383/373/383 331/331/331
f 331/331/331 332/332/332 384/374/384
f 385/375/385 384/374/384 332/332/332
f 332/332/332 333/333/333 385/375/385
f 386/376/386 385/375/385 333/333/333
f 333/333/333 334/334/334 386/376/386
f 387/283/387 386/376/386 334/334/334
f 334/334/334 335/335/335 387/283/387
f 388/377/388 387/283/387 335/335/335
f 335/335/335 336/336/336 388/377/388
f 389/285/389 388/377/388 336/336/336
f 336/336/336 337/337/337 389/285/389
f 390/378/390 389/285/389 337/337/337
f 337/337/337 338/338/338 390/378/390
f 391/379/391 390/378/390 338/338/338
f 338/338/338 339/339/339 391/379/391
f 392/380/392 391/379/391 339/339/339
f 339/339/339 340/340/340 392/380/392
f 393/381/393 392/380/392 340/340/340
f 340/340/340 341/341/341 393/381/393
f 394/382/394 393/381/393 341/341/341
f 341/341/341 342/342/342 394/382/394
f 395/383/395 394/382/394 342/342/342
f 342/342/342 343/343/343 395/383/395
f 396/384/396 395/383/395 343/343/343
f 343/343/343 344/344/344 396/384/396
f 397/385/397 396/384/396 344/344/344
f 344/344/344 345/345/345 397/385/397
f 398/386/398 397/385/397 345/345/345
f 345/345/345 346/346/346 398/386/398
f 399/387/399 398/386/398 346/346/346
f 346/346/346 347/347/347 399/387/399
f 400/388/400 399/387/399 347/347/347
f 347/347/347 348/348/348 400/388/400
f 401/389/401 400/388/400 348/348/348
f 348/348/348 349/349/349 401/389/401
f 402/390/402 401/389/401 349/349/349
f 349/349/349 350/350/350 402/390/402
f 403/391/403 402/390/402 350/350/350
f 350/350/350 351/351/351 403/391/403
f 404/392/404 403/391/403 351/351/351
f 351/351/351 352/352/352 404/392/404
f 405/393/405 404/392/404 352/352/352
f 352/352/352 353/353/353 405/393/405
f 406/394/406 405/393/405 353/353/353
f 353/353/353 354/354/354 406/394/406
f 407/395/407 406/394/406 354/354/354
f 354/354/354 355/355/355 407/395/407
f 408/396/408 407/395/407 355/355/355
f 355/355/355 356/356/356 408/396/408
f 409/397/409 408/396/408 356/356/356
f 356/356/356 357/357/357 409/397/409
f 410/398/410 409/397/409 357/357/357
f 357/357/357 358/358/358 410/398/410
f 411/399/411 410/398/410 358/358/358
f 358/358/358 359/359/359 411/399/411
f 412/400/412 411/399/411 359/359/359
f 359/359/359 360/360/360 412/400/412
f 413/401/413 412/400/412 360/360/360
f 360/360/360 361/361/361 413/401/413
f 414/402/414 413/401/413 361/361/361
f 361/361/361 362/362/362 414/402/414
f 415/403/415 414/402/414 362/362/362
f 362/362/362 363/363/363 415/403/415
f 416/404/416 415/403/415 363/363/363
f 363/363/363 364/364/364 416/404/416
f 417/405/417 418/210/418 366/262/366
f 366/262/366 365/261/365 417/405/417
f 419/406/419 417/405/417 365/261/365
f 365/261/365 367/365/367 419/406/419
f 420/212/420 419/406/419 367/365/367
f 367/365/367 368/264/368 420/212/420
f 421/407/421 420/212/420 368/264/368
f 368/264/368 369/366/369 421/407/421
f 422/214/422 421/407/421 369/366/369
f 369/366/369 370/266/370 422/214/422
f 423/215/423 422/214/422 370/266/370
f 370/266/370 371/367/371 423/215/423
f 424/216/424 423/215/423 371/367/371
f 371/367/371 372/268/372 424/216/424
f 425/408/425 424/216/424 372/268/372
f 372/268/372 373/269/373 425/408/425
f 426/409/426 425/408/425 373/269/373
f 373/269/373 374/368/374 426/409/426
f 427/410/427 426/409/426 374/368/374
f 374/368/374 375/271/375 427/410/427
f 428/220/428 427/410/427 375/271/375
f 375/271/375 376/369/376 428/220/428
f 429/221/429 428/220/428 376/369/376
f 376/369/376 377/273/377 429/221/429
f 430/411/430 429/221/429 377/273/377
f 377/273/377 378/274/378 430/411/430
f 431/412/431 430/411/430 378/274/378
f 378/274/378 379/370/379 431/412/431
f 432/413/432 431/412/431 379/370/379
f 379/370/379 380/371/380 432/413/432
f 433/414/433 432/413/432 380/371/380
f 380/371/380 381/372/381 433/414/433
f 434/415/434 433/414/433 381/372/381
f 381/372/381 382/278/382 434/415/434
f 435/416/435 434/415/434 382/278/382
f 382/278/382 383/373/383 435/416/435
f 436/417/436 435/416/435 383/373/383
f 383/373/383 384/374/384 436/417/436
f 437/418/437 436/417/436 384/374/384
f 384/374/384 385/375/385 437/418/437
f 438/419/438 437/418/437 385/375/385
f 385/375/385 386/376/386 438/419/438
f 439/420/439 438/419/438 386/376/386
f 386/376/386 387/283/387 439/420/439
f 440/421/440 439/420/439 387/283/387
f 387/283/387 388/377/388 440/421/440
f 441/422/441 440/421/440 388/377/388
f 388/377/388 389/285/389 441/422/441
f 442/423/442 441/422/441 389/285/389
f 389/285/389 390/378/390 442/423/442
f 443/424/443 442/423/442 390/378/390
f 390/378/390 391/379/391 443/424/443
f 444/425/444 443/424/443 391/379/391
f 391/379/391 392/380/392 444/425/444
f 445/426/445 444/425/444 392/380/392
f 392/380/392 393/381/393 445/426/445
f 446/427/446 445/426/445 393/381/393
f 393/381/393 394/382/394 446/427/446
f 447/428/447 446/427/446 394/382/394
f 394/382/394 395/383/395 447/428/447
f 448/429/448 447/428/447 395/383/395
f 395/383/395 396/384/396 448/429/448
f 449/430/449 448/429/448 396/384/396
f 396/384/396 397/385/397 449/430/449
f 450/431/450 449/430/449 397/385/397
f 397/385/397 398/386/398 450/431/450
f 451/432/451 450/431/450 398/386/398
f 398/386/398 399/387/399 451/432/451
f 452/433/452 451/432/451 399/387/399
f 399/387/399 400/388/400 452/433/452
f 453/434/453 452/433/452 400/388/400
f 400/388/400 401/389/401 453/434/453
f 454/435/454 453/434/453 401/389/401
f 401/389/401 402/390/402 454/435/454
f 455/436/455 454/435/454 402/390/402
f 402/390/402 403/391/403 455/436/455
f 456/437/456 455/436/455 403/391/403
f 403/391/403 404/392/404 456/437/456
f 457/438/457 456/437/456 404/392/404
f 404/392/404 405/393/405 457/438/457
f 458/439/458 457/438/457 405/393/405
f 405/393/405 406/394/406 458/439/458
f 459/440/459 458/439/458 406/394/406
f 406/394/406 407/395/407 459/440/459
f 460/441/460 459/440/459 407/395/407
f 407/395/407 408/396/408 460/441/460
f 461/442/461 460/441/460 408/396/408
f 408/396/408 409/397/409 461/442/461
f 462/443/462 461/442/461 409/397/409
f 409/397/409 410/398/410 462/443/462
f 463/444/463 462/443/462 410/398/410
f 410/398/410 411/399/411 463/444/463
f 464/445/464 463/444/463 411/399/411
f 411/399/411 412/400/412 464/445/464
f 465/446/465 464/445/464 412/400/412
f 412/400/412 413/401/413 465/446/465
f 466/447/466 465/446/465 413/401/413
f 413/401/413 414/402/414 466/447/466
f 467/448/467 466/447/466 414/402/414
f 414/402/414 415/403/415 467/448/467
f 468/449/468 467/448/467 415/403/415
f 415/403/415 416/404/416 468/449/468
f 469/450/469 470/451/470 418/210/418
f 418/210/418 417/405/417 469/450/469
f 471/452/471 469/450/469 417/405/417
f 417/405/417 419/406/419 471/452/471
f 472/453/472 471/452/471 419/406/419
f 419/406/419 420/212/420 472/453/472
f 473/454/473 472/453/472 420/212/420
f 420/212/420 421/407/421 473/454/473
f 474/162/474 473/454/473 421/407/421
f 421/407/421 422/214/422 474/162/474
f 475/455/475 474/162/474 422/214/422
f 422/214/422 423/215/423 475/455/475
f 476/456/476 475/455/475 423/215/423
f 423/215/423 424/216/424 476/456/476
f 477/457/477 476/456/476 424/216/424
f 424/216/424 425/408/425 477/457/477
f 478/458/478 477/457/477 425/408/425
f 425/408/425 426/409/426 478/458/478
f 479/459/479 478/458/478 426/409/426
f 426/409/426 427/410/427 479/459/479
f 480/460/480 479/459/479 427/410/427
f 427/410/427 428/220/428 480/460/480
f 481/461/481 480/460/480 428/220/428
f 428/220/428 429/221/429 481/461/481
f 482/462/482 481/461/481 429/221/429
f 429/221/429 430/411/430 482/462/482
f 483/463/483 482/462/482 430/411/430
f 430/411/430 431/412/431 483/463/483
f 484/464/484 483/463/483 431/412/431
f 431/412/431 432/413/432 484/464/484
f 485/465/485 484/464/484 432/413/432
f 432/413/432 433/414/433 485/465/485
f 486/466/486 485/465/485 433/414/433
f 433/414/433 434/415/434 486/466/486
f 487/467/487 486/466/486 434/415/434
f 434/415/434 435/416/435 487/467/487
f 488/468/488 487/467/487 435/416/435
f 435/416/435 436/417/436 488/468/488
f 489/469/489 488/468/488 436/417/436
f 436/417/436 437/418/437 489/469/489
f 490/470/490 489/469/489 437/418/437
f 437/418/437 438/419/438 490/470/490
f 491/471/491 490/470/490 438/419/438
f 438/419/438 439/420/439 491/471/491
f 492/472/492 491/471/491 439/420/439
f 439/420/439 440/421/440 492/472/492
f 493/473/493 492/472/492 440/421/440
f 440/421/440 441/422/441 493/473/493
f 494/474/494 493/473/493 441/422/441
f 441/422/441 442/423/442 494/474/494
f 495/475/495 494/474/494 442/423/442
f 442/423/442 443/424/443 495/475/495
f 496/476/496 495/475/495 443/424/443
f 443/424/443 444/425/444 496/476/496
f 497/477/497 496/476/496 444/425/444
f 444/425/444 445/426/445 497/477/497
f 498/478/498 497/477/497 445/426/445
f 445/426/445 446/427/446 498/478/498
f 499/479/499 498/478/498 446/427/446
f 446/427/446 447/428/447 499/479/499
f 500/480/500 499/479/499 447/428/447
f 447/428/447 448/429/448 500/480/500
f 501/481/501 500/480/500 448/429/448
f 448/429/448 449/430/449 501/481/501
f 502/482/502 501/481/501 449/430/449
f 449/430/449 450/431/450 502/482/502
f 503/483/503 502/482/502 450/431/450
f 450/431/450 451/432/451 503/483/503
f 504/484/504 503/483/503 451/432/451
f 451/432/451 452/433/452 504/484/504
f 505/485/505 504/484/504 452/433/452
f 452/433/452 453/434/453 505/485/505
f 506/486/506 505/485/505 453/434/453
f 453/434/453 454/435/454 506/486/506
f 507/487/507 506/486/506 454/435/454
f 454/435/454 455/436/455 507/487/507
f 508/488/508 507/487/507 455/436/455
f 455/436/455 456/437/456 508/488/508
f 509/489/509 508/488/508 456/437/456
f 456/437/456 457/438/457 509/489/509
f 510/490/510 509/489/509 457/438/457
f 457/438/457 458/439/458 510/490/510
f 511/491/511 510/490/510 458/439/458
f 458/439/458 459/440/459 511/491/511
f 512/492/512 511/491/511 459/440/459
f 459/440/459 460/441/460 512/492/512
f 513/493/513 512/492/512 460/441/460
f 460/441/460 461/442/461 513/493/513
f 514/494/514 513/493/513 461/442/461
f 461/442/461 462/443/462 514/494/514
f 515/495/515 514/494/514 462/443/462
f 462/443/462 463/444/463 515/495/515
f 516/496/516 515/495/515 463/444/463
f 463/444/463 464/445/464 516/496/516
f 517/497/517 516/496/516 464/445/464
f 464/445/464 465/446/465 517/497/517
f 518/498/518 517/497/517 465/446/465
f 465/446/465 466/447/466 518/498/518
f 519/499/519 518/498/518 466/447/466
f 466/447/466 467/448/467 519/499/519
f 520/500/520 519/499/519 467/448/467
f 467/448/467 468/449/468 520/500/520
f 521/501/521 522/502/522 470/451/470
f 470/451/470 469/450/469 521/501/521
f 523/503/523 521/501/521 469/450/469
f 469/450/469 471/452/471 523/503/523
f 524/504/524 523/503/523 471/452/471
f 471/452/471 472/453/472 524/504/524
f 525/505/525 524/504/524 472/453/472
f 472/453/472 473/454/473 525/505/525
f 526/506/526 525/505/525 473/454/473
f 473/454/473 474/162/474 526/506/526
f 527/111/527 526/506/526 474/162/474
f 474/162/474 475/455/475 527/111/527
f 528/112/528 527/111/527 475/455/475
f 475/455/475 476/456/476 528/112/528
f 529/507/529 528/112/528 476/456/476
f 476/456/476 477/457/477 529/507/529
f 530/508/530 529/507/529 477/457/477
f 477/457/477 478/458/478 530/508/530
f 531/509/531 530/508/530 478/458/478
f 478/458/478 479/459/479 531/509/531
f 532/510/532 531/509/531 479/459/479
f 479/459/479 480/460/480 532/510/532
f 533/511/533 532/510/532 480/460/480
f 480/460/480 481/461/481 533/511/533
f 534/512/534 533/511/533 481/461/481
f 481/461/481 482/462/482 534/512/534
f 535/513/535 534/512/534 482/462/482
f 482/462/482 483/463/483 535/513/535
f 536/514/536 535/513/535 483/463/483
f 483/463/483 484/464/484 536/514/536
f 537/515/537 536/514/536 484/464/484
f 484/464/484 485/465/485 537/515/537
f 538/516/538 537/515/537 485/465/485
f 485/465/485 486/466/486 538/516/538
f 539/517/539 538/516/538 486/466/486
f 486/466/486 487/467/487 539/517/539
f 540/518/540 539/517/539 487/467/487
f 487/467/487 488/468/488 540/518/540
f 541/519/541 540/518/540 488/468/488
f 488/468/488 489/469/489 541/519/541
f 542/520/542 541/519/541 489/469/489
f 489/469/489 490/470/490 542/520/542
f 543/521/543 542/520/542 490/470/490
f 490/470/490 491/471/491 543/521/543
f 544/522/544 543/521/543 491/471/491
f 491/471/491 492/472/492 544/522/544
f 545/523/545 544/522/544 492/472/492
f 492/472/492 493/473/493 545/523/545
f 546/524/546 545/523/545 493/473/493
f 493/473/493 494/474/494 546/524/546
f 547/525/547 546/524/546 494/474/494
f 494/474/494 495/475/495 547/525/547
f 548/526/548 547/525/547 495/475/495
f 495/475/495 496/476/496 548/526/548
f 549/527/549 548/526/548 496/476/496
f 496/476/496 497/477/497 549/527/549
f 550/528/550 549/527/549 497/477/497
f 497/477/497 498/478/498 550/528/550
f 551/529/551 550/528/550 498/478/498
f 498/478/498 499/479/499 551/529/551
f 552/530/552 551/529/551 499/479/499
f 499/479/499 500/480/500 552/530/552
f 553/531/553 552/530/552 500/480/500
f 500/480/500 501/481/501 553/531/553
f 554/532/554 553/531/553 501/481/501
f 501/481/501 502/482/502 554/532/554
f 555/533/555 554/532/554 502/482/502
f 502/482/502 503/483/503 555/533/555
f 556/534/556 555/533/555 503/483/503
f 503/483/503 504/484/504 556/534/556
f 557/535/557 556/534/556 504/484/504
f 504/484/504 505/485/505 557/535/557
f 558/536/558 557/535/557 505/485/505
f 505/485/505 506/486/506 558/536/558
f 559/537/559 558/536/558 506/486/506
f 506/486/506 507/487/507 559/537/559
f 560/538/560 559/537/559 507/487/507
f 507/487/507 508/488/508 560/538/560
f 561/539/561 560/538/560 508/488/508
f 508/488/508 509/489/509 561/539/561
f 562/540/562 561/539/561 509/489/509
f 509/489/509 510/490/510 562/540/562
f 563/541/563 562/540/562 510/490/510
f 510/490/510 511/491/511 563/541/563
f 564/542/564 563/541/563 511/491/511
f 511/491/511 512/492/512 564/542/564
f 565/543/565 564/542/564 512/492/512
f 512/492/512 513/493/513 565/543/565
f 566/544/566 565/543/565 513/493/513
f 513/493/513 514/494/514 566/544/566
f 567/545/567 566/544/566 514/494/514
f 514/494/514 515/495/515 567/545/567
f 568/546/568 567/545/567 515/495/515
f 515/495/515 516/496/516 568/546/568
f 569/547/569 568/546/568 516/496/516
f 516/496/516 517/497/517 569/547/569
f 570/548/570 569/547/569 517/497/517
f 517/497/517 518/498/518 570/548/570
f 571/549/571 570/548/570 518/498/518
f 518/498/518 519/499/519 571/549/571
f 572/550/572 571/549/571 519/499/519
f 519/499/519 520/500/520 572/550/572
f 573/551/573 574/552/574 522/502/522
f 522/502/522 521/501/521 573/551/573
f 575/553/575 573/551/573 521/501/521
f 521/501/521 523/503/523 575/553/575
f 576/554/576 575/553/575 523/503/523
f 523/503/523 524/504/524 576/554/576
f 577/555/577 576/554/576 524/504/524
f 524/504/524 525/505/525 577/555/577
f 578/556/578 577/555/577 525/505/525
f 525/505/525 526/506/526 578/556/578
f 579/557/579 578/556/578 526/506/526
f 526/506/526 527/111/527 579/557/579
f 580/558/580 579/557/579 527/111/527
f 527/111/527 528/112/528 580/558/580
f 581/559/581 580/558/580 528/112/528
f 528/112/528 529/507/529 581/559/581
f 582/560/582 581/559/581 529/507/529
f 529/507/529 530/508/530 582/560/582
f 583/561/583 582/560/582 530/508/530
f 530/508/530 531/509/531 583/561/583
f 584/562/584 583/561/583 531/509/531
f 531/509/531 532/510/532 584/562/584
f 585/563/585 584/562/584 532/510/532
f 532/510/532 533/511/533 585/563/585
f 586/564/586 585/563/585 533/511/533
f 533/511/533 534/512/534 586/564/586
f 587/565/587 586/564/586 534/512/534
f 534/512/534 535/513/535 587/565/587
f 588/566/588 587/565/587 535/513/535
f 535/513/535 536/514/536 588/566/588
f 589/567/589 588/566/588 536/514/536
f 536/514/536 537/515/537 589/567/589
f 590/568/590 589/567/589 537/515/537
f 537/515/537 538/516/538 590/568/590
f 591/569/591 590/568/590 538/516/538
f 538/516/538 539/517/539 591/569/591
f 592/570/592 591/569/591 539/517/539
f 539/517/539 540/518/540 592/570/592
f 593/571/593 592/570/592 540/518/540
f 540/518/540 541/519/541 593/571/593
f 594/572/594 593/571/593 541/519/541
f 541/519/541 542/520/542 594/572/594
f 595/573/595 594/572/594 542/520/542
f 542/520/542 543/521/543 595/573/595
f 596/574/596 595/573/595 543/521/543
f 543/521/543 544/522/544 596/574/596
f 597/575/597 596/574/596 544/522/544
f 544/522/544 545/523/545 597/575/597
f 598/576/598 597/575/597 545/523/545
f 545/523/545 546/524/546 598/576/598
f 599/577/599 598/576/598 546/524/546
f 546/524/546 547/525/547 599/577/599
f 600/578/600 599/577/599 547/525/547
f 547/525/547 548/526/548 600/578/600
f 601/579/601 600/578/600 548/526/548
f 548/526/548 549/527/549 601/579/601
f 602/580/602 601/579/601 549/527/549
f 549/527/549 550/528/550 602/580/602
f 603/581/603 602/580/602 550/528/550
f 550/528/550 551/529/551 603/581/603
f 604/582/604 603/581/603 551/529/551
f 551/529/551 552/530/552 604/582/604
f 605/583/605 604/582/604 552/530/552
f 552/530/552 553/531/553 605/583/605
f 606/584/606 605/583/605 553/531/553
f 553/531/553 554/532/554 606/584/606
f 607/585/607 606/584/606 554/532/554
f 554/532/554 555/533/555 607/585/607
f 608/586/608 607/585/607 555/533/555
f 555/533/555 556/534/556 608/586/608
f 609/587/609 608/586/608 556/534/556
f 556/534/556 557/535/557 609/587/609
f 610/588/610 609/587/609 557/535/557
f 557/535/557 558/536/558 610/588/610
f 611/589/611 610/588/610 558/536/558
f 558/536/558 559/537/559 611/589/611
f 612/590/612 611/589/611 559/537/559
f 559/537/559 560/538/560 612/590/612
f 613/591/613 612/590/612 560/538/560
f 560/538/560 561/539/561 613/591/613
f 614/592/614 613/591/613 561/539/561
f 561/539/561 562/540/562 614/592/614
f 615/593/615 614/592/614 562/540/562
f 562/540/562 563/541/563 615/593/615
f 616/594/616 615/593/615 563/541/563
f 563/541/563 564/542/564 616/594/616
f 617/595/617 616/594/616 564/542/564
f 564/542/564 565/543/565 617/595/617
f 618/596/618 617/595/617 565/543/565
f 565/543/565 566/544/566 618/596/618
f 619/597/619 618/596/618 566/544/566
f 566/544/566 567/545/567 619/597/619
f 620/598/620 619/597/619 567/545/567
f 567/545/567 568/546/568 620/598/620
f 621/599/621 620/598/620 568/546/568
f 568/546/568 569/547/569 621/599/621
f 622/600/622 621/599/621 569/547/569
f 569/547/569 570/548/570 622/600/622
f 623/601/623 622/600/622 570/548/570
f 570/548/570 571/549/571 623/601/623
f 624/602/624 623/601/623 571/549/571
f 571/549/571 572/550/572 624/602/624
f 625/603/625 626/604/626 574/552/574
f 574/552/574 573/551/573 625/603/625
f 627/605/627 625/603/625 573/551/573
f 573/551/573 575/553/575 627/605/627
f 628/606/628 627/605/627 575/553/575
f 575/553/575 576/554/576 628/606/628
f 629/607/629 628/606/628 576/554/576
f 576/554/576 577/555/577 629/607/629
f 630/608/630 629/607/629 577/555/577
f 577/555/577 578/556/578 630/608/630
f 631/609/631 630/608/630 578/556/578
f 578/556/578 579/557/579 631/609/631
f 632/610/632 631/609/631 579/557/579
f 579/557/579 580/558/580 632/610/632
f 633/611/633 632/610/632 580/558/580
f 580/558/580 581/559/581 633/611/633
f 634/612/634 633/611/633 581/559/581
f 581/559/581 582/560/582 634/612/634
f 635/613/635 634/612/634 582/560/582
f 582/560/582 583/561/583 635/613/635
f 636/614/636 635/613/635 583/561/583
f 583/561/583 584/562/584 636/614/636
f 637/615/637 636/614/636 584/562/584
f 584/562/584 585/563/585 637/615/637
f 638/616/638 637/615/637 585/563/585
f 585/563/585 586/564/586 638/616/638
f 639/617/639 638/616/638 586/564/586
f 586/564/586 587/565/587 639/617/639
f 640/618/640 639/617/639 587/565/587
f 587/565/587 588/566/588 640/618/640
f 641/619/641 640/618/640 588/566/588
f 588/566/588 589/567/589 641/619/641
f 642/620/642 641/619/641 589/567/589
f 589/567/589 590/568/590 642/620/642
f 643/621/643 642/620/642 590/568/590
f 590/568/590 591/569/591 643/621/643
f 644/622/644 643/621/643 591/569/591
f 591/569/591 592/570/592 644/622/644
f 645/623/645 644/622/644 592/570/592
f 592/570/592 593/571/593 645/623/645
f 646/624/646 645/623/645 593/571/593
f 593/571/593 594/572/594 646/624/646
f 647/625/647 646/624/646 594/572/594
f 594/572/594 595/573/595 647/625/647
f 648/626/648 647/625/647 595/573/595
f 595/573/595 596/574/596 648/626/648
f 649/627/649 648/626/648 596/574/596
f 596/574/596 597/575/597 649/627/649
f 650/628/650 649/627/649 597/575/597
f 597/575/597 598/576/598 650/628/650
f 651/629/651 650/628/650 598/576/598
f 598/576/598 599/577/599 651/629/651
f 652/630/652 651/629/651 599/577/599
f 599/577/599 600/578/600 652/630/652
f 653/631/653 652/630/652 600/578/600
f 600/578/600 601/579/601 653/631/653
f 654/632/654 653/631/653 601/579/601
f 601/579/601 602/580/602 654/632/654
f 655/633/655 654/632/654 602/580/602
f 602/580/602 603/581/603 655/633/655
f 656/634/656 655/633/655 603/581/603
f 603/581/603 604/582/604 656/634/656
f 657/635/657 656/634/656 604/582/604
f 604/582/604 605/583/605 657/635/657
f 658/636/658 657/635/657 605/583/605
f 605/583/605 606/584/606 658/636/658
f 659/637/659 658/636/658 606/584/606
f 606/584/606 607/585/607 659/637/659
f 660/638/660 659/637/659 607/585/607
f 607/585/607 608/586/608 660/638/660
f 661/639/661 660/638/660 608/586/608
f 608/586/608 609/587/609 661/639/661
f 662/640/662 661/639/661 609/587/609
f 609/587/609 610/588/610 662/640/662
f 663/641/663 662/640/662 610/588/610
f 610/588/610 611/589/611 663/641/663
f 664/642/664 663/641/663 611/589/611
f 611/589/611 612/590/612 664/642/664
f 665/643/665 664/642/664 612/590/612
f 612/590/612 613/591/613 665/643/665
f 666/644/666 665/643/665 613/591/613
f 613/591/613 614/592/614 666/644/666
f 667/645/667 666/644/666 614/592/614
f 614/592/614 615/593/615 667/645/667
f 668/646/668 667/645/667 615/593/615
f 615/593/615 616/594/616 668/646/668
f 669/647/669 668/646/668 616/594/616
f 616/594/616 617/595/617 669/647/669
f 670/648/670 669/647/669 617/595/617
f 617/595/617 618/596/618 670/648/670
f 671/649/671 670/648/670 618/596/618
f 618/596/618 619/597/619 671/649/671
f 672/650/672 671/649/671 619/597/619
f 619/597/619 620/598/620 672/650/672
f 673/651/673 672/650/672 620/598/620
f 620/598/620 621/599/621 673/651/673
f 674/652/674 673/651/673 621/599/621
f 621/599/621 622/600/622 674/652/674
f 675/653/675 674/652/674 622/600/622
f 622/600/622 623/601/623 675/653/675
f 676/654/676 675/653/675 623/601/623
f 623/601/623 624/602/624 676/654/676
f 677/655/677 678/656/678 626/604/626
f 626/604/626 625/603/625 677/655/677
f 679/657/679 677/655/677 625/603/625
f 625/603/625 627/605/627 679/657/679
f 680/658/680 679/657/679 627/605/627
f 627/605/627 628/606/628 680/658/680
f 681/659/681 680/658/680 628/606/628
f 628/606/628 629/607/629 681/659/681
f 682/660/682 681/659/681 629/607/629
f 629/607/629 630/608/630 682/660/682
f 683/661/683 682/660/682 630/608/630
f 630/608/630 631/609/631 683/661/683
f 684/662/684 683/661/683 631/609/631
f 631/609/631 632/610/632 684/662/684
f 685/663/685 684/662/684 632/610/632
f 632/610/632 633/611/633 685/663/685
f 686/664/686 685/663/685 633/611/633
f 633/611/633 634/612/634 686/664/686
f 687/665/687 686/664/686 634/612/634
f 634/612/634 635/613/635 687/665/687
f 688/666/688 687/665/687 635/613/635
f 635/613/635 636/614/636 688/666/688
f 689/667/689 688/666/688 636/614/636
f 636/614/636 637/615/637 689/667/689
f 690/668/690 689/667/689 637/615/637
f 637/615/637 638/616/638 690/668/690
f 691/669/691 690/668/690 638/616/638
f 638/616/638 639/617/639 691/669/691
f 692/670/692 691/669/691 639/617/639
f 639/617/639 640/618/640 692/670/692
f 693/671/693 692/670/692 640/618/640
f 640/618/640 641/619/641 693/671/693
f 694/672/694 693/671/693 641/619/641
f 641/619/641 642/620/642 694/672/694
f 695/673/695 694/672/694 642/620/642
f 642/620/642 643/621/643 695/673/695
f 696/674/696 695/673/695 643/621/643
f 643/621/643 644/622/644 696/674/696
f 697/675/697 696/674/696 644/622/644
f 644/622/644 645/623/645 697/675/697
f 698/676/698 697/675/697 645/623/645
f 645/623/645 646/624/646 698/676/698
f 699/677/699 698/676/698 646/624/646
f 646/624/646 647/625/647 699/677/699
f 700/678/700 699/677/699 647/625/647
f 647/625/647 648/626/648 700/678/700
f 701/679/701 700/678/700 648/626/648
f 648/626/648 649/627/649 701/679/701
f 702/680/702 701/679/701 649/627/649
f 649/627/649 650/628/650 702/680/702
f 703/681/703 702/680/702 650/628/650
f 650/628/650 651/629/651 703/681/703
f 704/682/704 703/681/703 651/629/651
f 651/629/651 652/630/652 704/682/704
f 705/683/705 704/682/704 652/630/652
f 652/630/652 653/631/653 705/683/705
f 706/684/706 705/683/705 653/631/653
f 653/631/653 654/632/654 706/684/706
f 707/685/707 706/684/706 654/632/654
f 654/632/654 655/633/655 707/685/707
f 708/686/708 707/685/707 655/633/655
f 655/633/655 656/634/656 708/686/708
f 709/687/709 708/686/708 656/634/656
f 656/634/656 657/635/657 709/687/709
f 710/688/710 709/687/709 657/635/657
f 657/635/657 658/636/658 710/688/710
f 711/689/711 710/688/710 658/636/658
f 658/636/658 659/637/659 711/689/711
f 712/690/712 711/689/711 659/637/659
f 659/637/659 660/638/660 712/690/712
f 713/691/713 712/690/712 660/638/660
f 660/638/660 661/639/661 713/691/713
f 714/692/714 713/691/713 661/639/661
f 661/639/661 662/640/662 714/692/714
f 715/693/715 714/692/714 662/640/662
f 662/640/662 663/641/663 715/693/715
f 716/694/716 715/693/715 663/641/663
f 663/641/663 664/642/664 716/694/716
f 717/695/717 716/694/716 664/642/664
f 664/642/664 665/643/665 717/695/717
f 718/696/718 717/695/717 665/643/665
f 665/643/665 666/644/666 718/696/718
f 719/697/719 718/696/718 666/644/666
f 666/644/666 667/645/667 719/697/719
f 720/698/720 719/697/719 667/645/667
f 667/645/667 668/646/668 720/698/720
f 721/699/721 720/698/720 668/646/668
f 668/646/668 669/647/669 721/699/721
f 722/700/722 721/699/721 669/647/669
f 669/647/669 670/648/670 722/700/722
f 723/701/723 722/700/722 670/648/670
f 670/648/670 671/649/671 723/701/723
f 724/702/724 723/701/723 671/649/671
f 671/649/671 672/650/672 724/702/724
f 725/703/725 724/702/724 672/650/672
f 672/650/672 673/651/673 725/703/725
f 726/704/726 725/703/725 673/651/673
f 673/651/673 674/652/674 726/704/726
f 727/705/727 726/704/726 674/652/674
f 674/652/674 675/653/675 727/705/727
f 728/706/728 727/705/727 675/653/675
f 675/653/675 676/654/676 728/706/728
f 729/707/729 730/708/730 678/656/678
f 678/656/678 677/655/677 729/707/729
f 731/709/731 729/707/729 677/655/677
f 677/655/677 679/657/679 731/709/731
f 732/710/732 731/709/731 679/657/679
f 679/657/679 680/658/680 732/710/732
f 733/711/733 732/710/732 680/658/680
f 680/658/680 681/659/681 733/711/733
f 734/712/734 733/711/733 681/659/681
f 681/659/681 682/660/682 734/712/734
f 735/713/735 734/712/734 682/660/682
f 682/660/682 683/661/683 735/713/735
f 736/714/736 735/713/735 683/661/683
f 683/661/683 684/662/684 736/714/736
f 737/715/737 736/714/736 684/662/684
f 684/662/684 685/663/685 737/715/737
f 738/716/738 737/715/737 685/663/685
f 685/663/685 686/664/686 738/716/738
f 739/717/739 738/716/738 686/664/686
f 686/664/686 687/665/687 739/717/739
f 740/718/740 739/717/739 687/665/687
f 687/665/687 688/666/688 740/718/740
f 741/719/741 740/718/740 688/666/688
f 688/666/688 689/667/689 741/719/741
f 742/720/742 741/719/741 689/667/689
f 689/667/689 690/668/690 742/720/742
f 743/721/743 742/720/742 690/668/690
f 690/668/690 691/669/691 743/721/743
f 744/722/744 743/721/743 691/669/691
f 691/669/691 692/670/692 744/722/744
f 745/723/745 744/722/744 692/670/692
f 692/670/692 693/671/693 745/723/745
f 746/724/746 745/723/745 693/671/693
f 693/671/693 694/672/694 746/724/746
f 747/725/747 746/724/746 694/672/694
f 694/672/694 695/673/695 747/725/747
f 748/726/748 747/725/747 695/673/695
f 695/673/695 696/674/696 748/726/748
f 749/727/749 748/726/748 696/674/696
f 696/674/696 697/675/697 749/727/749
f 750/728/750 749/727/749 697/675/697
f 697/675/697 698/676/698 750/728/750
f 751/729/751 750/728/750 698/676/698
f 698/676/698 699/677/699 751/729/751
f 752/730/752 751/729/751 699/677/699
f 699/677/699 700/678/700 752/730/752
f 753/731/753 752/730/752 700/678/700
f 700/678/700 701/679/701 753/731/753
f 754/732/754 753/731/753 701/679/701
f 701/679/701 702/680/702 754/732/754
f 755/733/755 754/732/754 702/680/702
f 702/680/702 703/681/703 755/733/755
f 756/734/756 755/733/755 703/681/703
f 703/681/703 704/682/704 756/734/756
f 757/735/757 756/734/756 704/682/704
f 704/682/704 705/683/705 757/735/757
f 758/736/758 757/735/757 705/683/705
f 705/683/705 706/684/706 758/736/758
f 759/737/759 758/736/758 706/684/706
f 706/684/706 707/685/707 759/737/759
f 760/738/760 759/737/759 707/685/707
f 707/685/707 708/686/708 760/738/760
f 761/739/761 760/738/760 708/686/708
f 708/686/708 709/687/709 761/739/761
f 762/740/762 761/739/761 709/687/709
f 709/687/709 710/688/710 762/740/762
f 763/741/763 762/740/762 710/688/710
f 710/688/710 711/689/711 763/741/763
f 764/742/764 763/741/763 711/689/711
f 711/689/711 712/690/712 764/742/764
f 765/743/765 764/742/764 712/690/712
f 712/690/712 713/691/713 765/743/765
f 766/744/766 765/743/765 713/691/713
f 713/691/713 714/692/714 766/744/766
f 767/745/767 766/744/766 714/692/714
f 714/692/714 715/693/715 767/745/767
f 768/746/768 767/745/767 715/693/715
f 715/693/715 716/694/716 768/746/768
f 769/747/769 768/746/768 716/694/716
f 716/694/716 717/695/717 769/747/769
f 770/748/770 769/747/769 717/695/717
f 717/695/717 718/696/718 770/748/770
f 771/749/771 770/748/770 718/696/718
f 718/696/718 719/697/719 771/749/771
f 772/750/772 771/749/771 719/697/719
f 719/697/719 720/698/720 772/750/772
f 773/751/773 772/750/772 720/698/720
f 720/698/720 721/699/721 773/751/773
f 774/752/774 773/751/773 721/699/721
f 721/699/721 722/700/722 774/752/774
f 775/753/775 774/752/774 722/700/722
f 722/700/722 723/701/723 775/753/775
f 776/754/776 775/753/775 723/701/723
f 723/701/723 724/702/724 776/754/776
f 777/755/777 776/754/776 724/702/724
f 724/702/724 725/703/725 777/755/777
f 778/756/778 777/755/777 725/703/725
f 725/703/725 726/704/726 778/756/778
f 779/757/779 778/756/778 726/704/726
f 726/704/726 727/705/727 779/757/779
f 780/758/780 779/757/779 727/705/727
f 727/705/727 728/706/728 780/758/780
f 781/759/781 782/760/782 730/708/730
f 730/708/730 729/707/729 781/759/781
f 783/761/783 781/759/781 729/707/729
f 729/707/729 731/709/731 783/761/783
f 784/762/784 783/761/783 731/709/731
f 731/709/731 732/710/732 784/762/784
f 785/763/785 784/762/784 732/710/732
f 732/710/732 733/711/733 785/763/785
f 786/764/786 785/763/785 733/711/733
f 733/711/733 734/712/734 786/764/786
f 787/765/787 786/764/786 734/712/734
f 734/712/734 735/713/735 787/765/787
f 788/766/788 787/765/787 735/713/735
f 735/713/735 736/714/736 788/766/788
f 789/767/789 788/766/788 736/714/736
f 736/714/736 737/715/737 789/767/789
f 790/768/790 789/767/789 737/715/737
f 737/715/737 738/716/738 790/768/790
f 791/769/791 790/768/790 738/716/738
f 738/716/738 739/717/739 791/769/791
f 792/770/792 791/769/791 739/717/739
f 739/717/739 740/718/740 792/770/792
f 793/771/793 792/770/792 740/718/740
f 740/718/740 741/719/741 793/771/793
f 794/772/794 793/771/793 741/719/741
f 741/719/741 742/720/742 794/772/794
f 795/773/795 794/772/794 742/720/742
f 742/720/742 743/721/743 795/773/795
f 796/774/796 795/773/795 743/721/743
f 743/721/743 744/722/744 796/774/796
f 797/775/797 796/774/796 744/722/744
f 744/722/744 745/723/745 797/775/797
f 798/776/798 797/775/797 745/723/745
f 745/723/745 746/724/746 798/776/798
f 799/777/799 798/776/798 746/724/746
f 746/724/746 747/725/747 799/777/799
f 800/778/800 799/777/799 747/725/747
f 747/725/747 748/726/748 800/778/800
f 801/779/801 800/778/800 748/726/748
f 748/726/748 749/727/749 801/779/801
f 802/780/802 801/779/801 749/727/749
f 749/727/749 750/728/750 802/780/802
f 803/781/803 802/780/802 750/728/750
f 750/728/750 751/729/751 803/781/803
f 804/782/804 803/781/803 751/729/751
f 751/729/751 752/730/752 804/782/804
f 805/783/805 804/782/804 752/730/752
f 752/730/752 753/731/753 805/783/805
f 806/784/806 805/783/805 753/731/753
f 753/731/753 754/732/754 806/784/806
f 807/785/807 806/784/806 754/732/754
f 754/732/754 755/733/755 807/785/807
f 808/786/808 807/785/807 755/733/755
f 755/733/755 756/734/756 808/786/808
f 809/787/809 808/786/808 756/734/756
f 756/734/756 757/735/757 809/787/809
f 810/788/810 809/787/809 757/735/757
f 757/735/757 758/736/758 810/788/810
f 811/789/811 810/788/810 758/736/758
f 758/736/758 759/737/759 811/789/811
f 812/790/812 811/789/811 759/737/759
f 759/737/759 760/738/760 812/790/812
f 813/791/813 812/790/812 760/738/760
f 760/738/760 761/739/761 813/791/813
f 814/792/814 813/791/813 761/739/761
f 761/739/761 762/740/762 814/792/814
f 815/793/815 814/792/814 762/740/762
f 762/740/762 763/741/763 815/793/815
f 816/794/816 815/793/815 763/741/763
f 763/741/763 764/742/764 816/794/816
f 817/795/817 816/794/816 764/742/764
f 764/742/764 765/743/765 817/795/817
f 818/796/818 817/795/817 765/743/765
f 765/743/765 766/744/766 818/796/818
f 819/797/819 818/796/818 766/744/766
f 766/744/766 767/745/767 819/797/819
f 820/798/820 819/797/819 767/745/767
f 767/745/767 768/746/768 820/798/820
f 821/799/821 820/798/820 768/746/768
f 768/746/768 769/747/769 821/799/821
f 822/800/822 821/799/821 769/747/769
f 769/747/769 770/748/770 822/800/822
f 823/801/823 822/800/822 770/748/770
f 770/748/770 771/749/771 823/801/823
f 824/802/824 823/801/823 771/749/771
f 771/749/771 772/750/772 824/802/824
f 825/803/825 824/802/824 772/750/772
f 772/750/772 773/751/773 825/803/825
f 826/804/826 825/803/825 773/751/773
f 773/751/773 774/752/774 826/804/826
f 827/805/827 826/804/826 774/752/774
f 774/752/774 775/753/775 827/805/827
f 828/806/828 827/805/827 775/753/775
f 775/753/775 776/754/776 828/806/828
f 829/807/829 828/806/828 776/754/776
f 776/754/776 777/755/777 829/807/829
f 830/808/830 829/807/829 777/755/777
f 777/755/777 778/756/778 830/808/830
f 831/809/831 830/808/830 778/756/778
f 778/756/778 779/757/779 831/809/831
f 832/810/832 831/809/831 779/757/779
f 779/757/779 780/758/780 832/810/832
f 833/811/833 834/812/834 782/760/782
f 782/760/782 781/759/781 833/811/833
f 835/813/835 833/811/833 781/759/781
f 781/759/781 783/761/783 835/813/835
f 836/814/836 835/813/835 783/761/783
f 783/761/783 784/762/784 836/814/836
f 837/815/837 836/814/836 784/762/784
f 784/762/784 785/763/785 837/815/837
f 838/816/838 837/815/837 785/763/785
f 785/763/785 786/764/786 838/816/838
f 839/817/839 838/816/838 786/764/786
f 786/764/786 787/765/787 839/817/839
f 840/818/840 839/817/839 787/765/787
f 787/765/787 788/766/788 840/818/840
f 841/819/841 840/818/840 788/766/788
f 788/766/788 789/767/789 841/819/841
f 842/820/842 841/819/841 789/767/789
f 789/767/789 790/768/790 842/820/842
f 843/821/843 842/820/842 790/768/790
f 790/768/790 791/769/791 843/821/843
f 844/822/844 843/821/843 791/769/791
f 791/769/791 792/770/792 844/822/844
f 845/823/845 844/822/844 792/770/792
f 792/770/792 793/771/793 845/823/845
f 846/824/846 845/823/845 793/771/793
f 793/771/793 794/772/794 846/824/846
f 847/825/847 846/824/846 794/772/794
f 794/772/794 795/773/795 847/825/847
f 848/826/848 847/825/847 795/773/795
f 795/773/795 796/774/796 848/826/848
f 849/827/849 848/826/848 796/774/796
f 796/774/796 797/775/797 849/827/849
f 850/828/850 849/827/849 797/775/797
f 797/775/797 798/776/798 850/828/850
f 851/829/851 850/828/850 798/776/798
f 798/776/798 799/777/799 851/829/851
f 852/830/852 851/829/851 799/777/799
f 799/777/799 800/778/800 852/830/852
f 853/831/853 852/830/852 800/778/800
f 800/778/800 801/779/801 853/831/853
f 854/832/854 853/831/853 801/779/801
f 801/779/801 802/780/802 854/832/854
f 855/833/855 854/832/854 802/780/802
f 802/780/802 803/781/803 855/833/855
f 856/834/856 855/833/855 803/781/803
f 803/781/803 804/782/804 856/834/856
f 857/835/857 856/834/856 804/782/804
f 804/782/804 805/783/805 857/835/857
f 858/836/858 857/835/857 805/783/805
f 805/783/805 806/784/806 858/836/858
f 859/837/859 858/836/858 806/784/806
f 806/784/806 807/785/807 859/837/859
f 860/838/860 859/837/859 807/785/807
f 807/785/807 808/786/808 860/838/860
f 861/839/861 860/838/860 808/786/808
f 808/786/808 809/787/809 861/839/861
f 862/840/862 861/839/861 809/787/809
f 809/787/809 810/788/810 862/840/862
f 863/841/863 862/840/862 810/788/810
f 810/788/810 811/789/811 863/841/863
f 864/842/864 863/841/863 811/789/811
f 811/789/811 812/790/812 864/842/864
f 865/843/865 864/842/864 812/790/812
f 812/790/812 813/791/813 865/843/865
f 866/844/866 865/843/865 813/791/813
f 813/791/813 814/792/814 866/844/866
f 867/845/867 866/844/866 814/792/814
f 814/792/814 815/793/815 867/845/867
f 868/846/868 867/845/867 815/793/815
f 815/793/815 816/794/816 868/846/868
f 869/847/869 868/846/868 816/794/816
f 816/794/816 817/795/817 869/847/869
f 870/848/870 869/847/869 817/795/817
f 817/795/817 818/796/818 870/848/870
f 871/849/871 870/848/870 818/796/818
f 818/796/818 819/797/819 871/849/871
f 872/850/872 871/849/871 819/797/819
f 819/797/819 820/798/820 872/850/872
f 873/851/873 872/850/872 820/798/820
f 820/798/820 821/799/821 873/851/873
f 874/852/874 873/851/873 821/799/821
f 821/799/821 822/800/822 874/852/874
f 875/853/875 874/852/874 822/800/822
f 822/800/822 823/801/823 875/853/875
f 876/854/876 875/853/875 823/801/823
f 823/801/823 824/802/824 876/854/876
f 877/855/877 876/854/876 824/802/824
f 824/802/824 825/803/825 877/855/877
f 878/856/878 877/855/877 825/803/825
f 825/803/825 826/804/826 878/856/878
f 879/857/879 878/856/878 826/804/826
f 826/804/826 827/805/827 879/857/879
f 880/858/880 879/857/879 827/805/827
f 827/805/827 828/806/828 880/858/880
f 881/859/881 880/858/880 828/806/828
f 828/806/828 829/807/829 881/859/881
f 882/860/882 881/859/881 829/807/829
f 829/807/829 830/808/830 882/860/882
f 883/861/883 882/860/882 830/808/830
f 830/808/830 831/809/831 883/861/883
f 884/862/884 883/861/883 831/809/831
f 831/809/831 832/810/832 884/862/884
f 885/863/885 886/864/886 834/812/834
f 834/812/834 833/811/833 885/863/885
f 887/865/887 885/863/885 833/811/833
f 833/811/833 835/813/835 887/865/887
f 888/866/888 887/865/887 835/813/835
f 835/813/835 836/814/836 888/866/888
f 889/867/889 888/866/888 836/814/836
f 836/814/836 837/815/837 889/867/889
f 890/868/890 889/867/889 837/815/837
f 837/815/837 838/816/838 890/868/890
f 891/869/891 890/868/890 838/816/838
f 838/816/838 839/817/839 891/869/891
f 892/870/892 891/869/891 839/817/839
f 839/817/839 840/818/840 892/870/892
f 893/871/893 892/870/892 840/818/840
f 840/818/840 841/819/841 893/871/893
f 894/872/894 893/871/893 841/819/841
f 841/819/841 842/820/842 894/872/894
f 895/873/895 894/872/894 842/820/842
f 842/820/842 843/821/843 895/873/895
f 896/874/896 895/873/895 843/821/843
f 843/821/843 844/822/844 896/874/896
f 897/875/897 896/874/896 844/822/844
f 844/822/844 845/823/845 897/875/897
f 898/876/898 897/875/897 845/823/845
f 845/823/845 846/824/846 898/876/898
f 899/877/899 898/876/898 846/824/846
f 846/824/846 847/825/847 899/877/899
f 900/878/900 899/877/899 847/825/847
f 847/825/847 848/826/848 900/878/900
f 901/879/901 900/878/900 848/826/848
f 848/826/848 849/827/849 901/879/901
f 902/880/902 901/879/901 849/827/849
f 849/827/849 850/828/850 902/880/902
f 903/881/903 902/880/902 850/828/850
f 850/828/850 851/829/851 903/881/903
f 904/882/904 903/881/903 851/829/851
f 851/829/851 852/830/852 904/882/904
f 905/883/905 904/882/904 852/830/852
f 852/830/852 853/831/853 905/883/905
f 906/884/906 905/883/905 853/831/853
f 853/831/853 854/832/854 906/884/906
f 907/885/907 906/884/906 854/832/854
f 854/832/854 855/833/855 907/885/907
f 908/886/908 907/885/907 855/833/855
f 855/833/855 856/834/856 908/886/908
f 909/887/909 908/886/908 856/834/856
f 856/834/856 857/835/857 909/887/909
f 910/888/910 909/887/909 857/835/857
f 857/835/857 858/836/858 910/888/910
f 911/889/911 910/888/910 858/836/858
f 858/836/858 859/837/859 911/889/911
f 912/890/912 911/889/911 859/837/859
f 859/837/859 860/838/860 912/890/912
f 913/891/913 912/890/912 860/838/860
f 860/838/860 861/839/861 913/891/913
f 914/892/914 913/891/913 861/839/861
f 861/839/861 862/840/862 914/892/914
f 915/893/915 914/892/914 862/840/862
f 862/840/862 863/841/863 915/893/915
f 916/894/916 915/893/915 863/841/863
f 863/841/863 864/842/864 916/894/916
f 917/895/917 916/894/916 864/842/864
f 864/842/864 865/843/865 917/895/917
f 918/896/918 917/895/917 865/843/865
f 865/843/865 866/844/866 918/896/918
f 919/897/919 918/896/918 866/844/866
f 866/844/866 867/845/867 919/897/919
f 920/898/920 919/897/919 867/845/867
f 867/845/867 868/846/868 920/898/920
f 921/899/921 920/898/920 868/846/868
f 868/846/868 869/847/869 921/899/921
f 922/900/922 921/899/921 869/847/869
f 869/847/869 870/848/870 922/900/922
f 923/901/923 922/900/922 870/848/870
f 870/848/870 871/849/871 923/901/923
f 924/902/924 923/901/923 871/849/871
f 871/849/871 872/850/872 924/902/924
f 925/903/925 924/902/924 872/850/872
f 872/850/872 873/851/873 925/903/925
f 926/904/926 925/903/925 873/851/873
f 873/851/873 874/852/874 926/904/926
f 927/905/927 926/904/926 874/852/874
f 874/852/874 875/853/875 927/905/927
f 928/906/928 927/905/927 875/853/875
f 875/853/875 876/854/876 928/906/928
f 929/907/929 928/906/928 876/854/876
f 876/854/876 877/855/877 929/907/929
f 930/908/930 929/907/929 877/855/877
f 877/855/877 878/856/878 930/908/930
f 931/909/931 930/908/930 878/856/878
f 878/856/878 879/857/879 931/909/931
f 932/910/932 931/909/931 879/857/879
f 879/857/879 880/858/880 932/910/932
f 933/911/933 932/910/932 880/858/880
f 880/858/880 881/859/881 933/911/933
f 934/912/934 933/911/933 881/859/881
f 881/859/881 882/860/882 934/912/934
f 935/913/935 934/912/934 882/860/882
f 882/860/882 883/861/883 935/913/935
f 936/914/936 935/913/935 883/861/883
f 883/861/883 884/862/884 936/914/936
f 937/915/937 938/916/938 886/864/886
f 886/864/886 885/863/885 937/915/937
f 939/917/939 937/915/937 885/863/885
f 885/863/885 887/865/887 939/917/939
f 940/918/940 939/917/939 887/865/887
f 887/865/887 888/866/888 940/918/940
f 941/919/941 940/918/940 888/866/888
f 888/866/888 889/867/889 941/919/941
f 942/920/942 941/919/941 889/867/889
f 889/867/889 890/868/890 942/920/942
f 943/921/943 942/920/942 890/868/890
f 890/868/890 891/869/891 943/921/943
f 944/922/944 943/921/943 891/869/891
f 891/869/891 892/870/892 944/922/944
f 945/923/945 944/922/944 892/870/892
f 892/870/892 893/871/893 945/923/945
f 946/924/946 945/923/945 893/871/893
f 893/871/893 894/872/894 946/924/946
f 947/925/947 946/924/946 894/872/894
f 894/872/894 895/873/895 947/925/947
f 948/926/948 947/925/947 895/873/895
f 895/873/895 896/874/896 948/926/948
f 949/927/949 948/926/948 896/874/896
f 896/874/896 897/875/897 949/927/949
f 950/928/950 949/927/949 897/875/897
f 897/875/897 898/876/898 950/928/950
f 951/929/951 950/928/950 898/876/898
f 898/876/898 899/877/899 951/929/951
f 952/930/952 951/929/951 899/877/899
f 899/877/899 900/878/900 952/930/952
f 953/931/953 952/930/952 900/878/900
f 900/878/900 901/879/901 953/931/953
f 954/932/954 953/931/953 901/879/901
f 901/879/901 902/880/902 954/932/954
f 955/933/955 954/932/954 902/880/902
f 902/880/902 903/881/903 955/933/955
f 956/934/956 955/933/955 903/881/903
f 903/881/903 904/882/904 956/934/956
f 957/935/957 956/934/956 904/882/904
f 904/882/904 905/883/905 957/935/957
f 958/936/958 957/935/957 905/883/905
f 905/883/905 906/884/906 958/936/958
f 959/937/959 958/936/958 906/884/906
f 906/884/906 907/885/907 959/937/959
f 960/938/960 959/937/959 907/885/907
f 907/885/907 908/886/908 960/938/960
f 961/939/961 960/938/960 908/886/908
f 908/886/908 909/887/909 961/939/961
f 962/940/962 961/939/961 909/887/909
f 909/887/909 910/888/910 962/940/962
f 963/941/963 962/940/962 910/888/910
f 910/888/910 911/889/911 963/941/963
f 964/942/964 963/941/963 911/889/911
f 911/889/911 912/890/912 964/942/964
f 965/943/965 964/942/964 912/890/912
f 912/890/912 913/891/913 965/943/965
f 966/944/966 965/943/965 913/891/913
f 913/891/913 914/892/914 966/944/966
f 967/945/967 966/944/966 914/892/914
f 914/892/914 915/893/915 967/945/967
f 968/946/968 967/945/967 915/893/915
f 915/893/915 916/894/916 968/946/968
f 969/947/969 968/946/968 916/894/916
f 916/894/916 917/895/917 969/947/969
f 970/948/970 969/947/969 917/895/917
f 917/895/917 918/896/918 970/948/970
f 971/949/971 970/948/970 918/896/918
f 918/896/918 919/897/919 971/949/971
f 972/950/972 971/949/971 919/897/919
f 919/897/919 920/898/920 972/950/972
f 973/951/973 972/950/972 920/898/920
f 920/898/920 921/899/921 973/951/973
f 974/952/974 973/951/973 921/899/921
f 921/899/921 922/900/922 974/952/974
f 975/953/975 974/952/974 922/900/922
f 922/900/922 923/901/923 975/953/975
f 976/954/976 975/953/975 923/901/923
f 923/901/923 924/902/924 976/954/976
f 977/955/977 976/954/976 924/902/924
f 924/902/924 925/903/925 977/955/977
f 978/956/978 977/955/977 925/903/925
f 925/903/925 926/904/926 978/956/978
f 979/957/979 978/956/978 926/904/926
f 926/904/926 927/905/927 979/957/979
f 980/958/980 979/957/979 927/905/927
f 927/905/927 928/906/928 980/958/980
f 981/959/981 980/958/980 928/906/928
f 928/906/928 929/907/929 981/959/981
f 982/960/982 981/959/981 929/907/929
f 929/907/929 930/908/930 982/960/982
f 983/961/983 982/960/982 930/908/930
f 930/908/930 931/909/931 983/961/983
f 984/962/984 983/961/983 931/909/931
f 931/909/931 932/910/932 984/962/984
f 985/963/985 984/962/984 932/910/932
f 932/910/932 933/911/933 985/963/985
f 986/964/986 985/963/985 933/911/933
f 933/911/933 934/912/934 986/964/986
f 987/965/987 986/964/986 934/912/934
f 934/912/934 935/913/935 987/965/987
f 988/966/988 987/965/987 935/913/935
f 935/913/935 936/914/936 988/966/988
f 989/967/989 990/968/990 938/916/938
f 938/916/938 937/915/937 989/967/989
f 991/969/991 989/967/989 937/915/937
f 937/915/937 939/917/939 991/969/991
f 992/970/992 991/969/991 939/917/939
f 939/917/939 940/918/940 992/970/992
f 993/971/993 992/970/992 940/918/940
f 940/918/940 941/919/941 993/971/993
f 994/972/994 993/971/993 941/919/941
f 941/919/941 942/920/942 994/972/994
f 995/973/995 994/972/994 942/920/942
f 942/920/942 943/921/943 995/973/995
f 996/974/996 995/973/995 943/921/943
f 943/921/943 944/922/944 996/974/996
f 997/871/997 996/974/996 944/922/944
f 944/922/944 945/923/945 997/871/997
f 998/975/998 997/871/997 945/923/945
f 945/923/945 946/924/946 998/975/998
f 999/873/999 998/975/998 946/924/946
f 946/924/946 947/925/947 999/873/999
f 1000/976/1000 999/873/999 947/925/947
f 947/925/947 948/926/948 1000/976/1000
f 1001/875/1001 1000/976/1000 948/926/948
f 948/926/948 949/927/949 1001/875/1001
f 1002/876/1002 1001/875/1001 949/927/949
f 949/927/949 950/928/950 1002/876/1002
f 1003/877/1003 1002/876/1002 950/928/950
f 950/928/950 951/929/951 1003/877/1003
f 1004/878/1004 1003/877/1003 951/929/951
f 951/929/951 952/930/952 1004/878/1004
f 1005/879/1005 1004/878/1004 952/930/952
f 952/930/952 953/931/953 1005/879/1005
f 1006/880/1006 1005/879/1005 953/931/953
f 953/931/953 954/932/954 1006/880/1006
f 1007/881/1007 1006/880/1006 954/932/954
f 954/932/954 955/933/955 1007/881/1007
f 1008/977/1008 1007/881/1007 955/933/955
f 955/933/955 956/934/956 1008/977/1008
f 1009/978/1009 1008/977/1008 956/934/956
f 956/934/956 957/935/957 1009/978/1009
f 1010/884/1010 1009/978/1009 957/935/957
f 957/935/957 958/936/958 1010/884/1010
f 1011/885/1011 1010/884/1010 958/936/958
f 958/936/958 959/937/959 1011/885/1011
f 1012/979/1012 1011/885/1011 959/937/959
f 959/937/959 960/938/960 1012/979/1012
f 1013/980/1013 1012/979/1012 960/938/960
f 960/938/960 961/939/961 1013/980/1013
f 1014/981/1014 1013/980/1013 961/939/961
f 961/939/961 962/940/962 1014/981/1014
f 1015/982/1015 1014/981/1014 962/940/962
f 962/940/962 963/941/963 1015/982/1015
f 1016/983/1016 1015/982/1015 963/941/963
f 963/941/963 964/942/964 1016/983/1016
f 1017/891/1017 1016/983/1016 964/942/964
f 964/942/964 965/943/965 1017/891/1017
f 1018/984/1018 1017/891/1017 965/943/965
f 965/943/965 966/944/966 1018/984/1018
f 1019/985/1019 1018/984/1018 966/944/966
f 966/944/966 967/945/967 1019/985/1019
f 1020/986/1020 1019/985/1019 967/945/967
f 967/945/967 968/946/968 1020/986/1020
f 1021/987/1021 1020/986/1020 968/946/968
f 968/946/968 969/947/969 1021/987/1021
f 1022/988/1022 1021/987/1021 969/947/969
f 969/947/969 970/948/970 1022/988/1022
f 1023/989/1023 1022/988/1022 970/948/970
f 970/948/970 971/949/971 1023/989/1023
f 1024/990/1024 1023/989/1023 971/949/971
f 971/949/971 972/950/972 1024/990/1024
f 1025/991/1025 1024/990/1024 972/950/972
f 972/950/972 973/951/973 1025/991/1025
f 1026/992/1026 1025/991/1025 973/951/973
f 973/951/973 974/952/974 1026/992/1026
f 1027/993/1027 1026/992/1026 974/952/974
f 974/952/974 975/953/975 1027/993/1027
f 1028/994/1028 1027/993/1027 975/953/975
f 975/953/975 976/954/976 1028/994/1028
f 1029/995/1029 1028/994/1028 976/954/976
f 976/954/976 977/955/977 1029/995/1029
f 1030/996/1030 1029/995/1029 977/955/977
f 977/955/977 978/956/978 1030/996/1030
f 1031/997/1031 1030/996/1030 978/956/978
f 978/956/978 979/957/979 1031/997/1031
f 1032/906/1032 1031/997/1031 979/957/979
f 979/957/979 980/958/980 1032/906/1032
f 1033/998/1033 1032/906/1032 980/958/980
f 980/958/980 981/959/981 1033/998/1033
f 1034/999/1034 1033/998/1033 981/959/981
f 981/959/981 982/960/982 1034/999/1034
f 1035/1000/1035 1034/999/1034 982/960/982
f 982/960/982 983/961/983 1035/1000/1035
f 1036/1001/1036 1035/1000/1035 983/961/983
f 983/961/983 984/962/984 1036/1001/1036
f 1037/1002/1037 1036/1001/1036 984/962/984
f 984/962/984 985/963/985 1037/1002/1037
f 1038/1003/1038 1037/1002/1037 985/963/985
f 985/963/985 986/964/986 1038/1003/1038
f 1039/1004/1039 1038/1003/1038 986/964/986
f 986/964/986 987/965/987 1039/1004/1039
f 1040/1005/1040 1039/1004/1039 987/965/987
f 987/965/987 988/966/988 1040/1005/1040
f 1041/1006/1041 1042/1007/1042 990/968/990
f 990/968/990 989/967/989 1041/1006/1041
f 1043/1008/1043 1041/1006/1041 989/967/989
f 989/967/989 991/969/991 1043/1008/1043
f 1044/1009/1044 1043/1008/1043 991/969/991
f 991/969/991 992/970/992 1044/1009/1044
f 1045/1010/1045 1044/1009/1044 992/970/992
f 992/970/992 993/971/993 1045/1010/1045
f 1046/1011/1046 1045/1010/1045 993/971/993
f 993/971/993 994/972/994 1046/1011/1046
f 1047/817/1047 1046/1011/1046 994/972/994
f 994/972/994 995/973/995 1047/817/1047
f 1048/1012/1048 1047/817/1047 995/973/995
f 995/973/995 996/974/996 1048/1012/1048
f 1049/1013/1049 1048/1012/1048 996/974/996
f 996/974/996 997/871/997 1049/1013/1049
f 1050/1014/1050 1049/1013/1049 997/871/997
f 997/871/997 998/975/998 1050/1014/1050
f 1051/1015/1051 1050/1014/1050 998/975/998
f 998/975/998 999/873/999 1051/1015/1051
f 1052/1016/1052 1051/1015/1051 999/873/999
f 999/873/999 1000/976/1000 1052/1016/1052
f 1053/1017/1053 1052/1016/1052 1000/976/1000
f 1000/976/1000 1001/875/1001 1053/1017/1053
f 1054/1018/1054 1053/1017/1053 1001/875/1001
f 1001/875/1001 1002/876/1002 1054/1018/1054
f 1055/1019/1055 1054/1018/1054 1002/876/1002
f 1002/876/1002 1003/877/1003 1055/1019/1055
f 1056/1020/1056 1055/1019/1055 1003/877/1003
f 1003/877/1003 1004/878/1004 1056/1020/1056
f 1057/1021/1057 1056/1020/1056 1004/878/1004
f 1004/878/1004 1005/879/1005 1057/1021/1057
f 1058/1022/1058 1057/1021/1057 1005/879/1005
f 1005/879/1005 1006/880/1006 1058/1022/1058
f 1059/1023/1059 1058/1022/1058 1006/880/1006
f 1006/880/1006 1007/881/1007 1059/1023/1059
f 1060/1024/1060 1059/1023/1059 1007/881/1007
f 1007/881/1007 1008/977/1008 1060/1024/1060
f 1061/1025/1061 1060/1024/1060 1008/977/1008
f 1008/977/1008 1009/978/1009 1061/1025/1061
f 1062/1026/1062 1061/1025/1061 1009/978/1009
f 1009/978/1009 1010/884/1010 1062/1026/1062
f 1063/1027/1063 1062/1026/1062 1010/884/1010
f 1010/884/1010 1011/885/1011 1063/1027/1063
f 1064/1028/1064 1063/1027/1063 1011/885/1011
f 1011/885/1011 1012/979/1012 1064/1028/1064
f 1065/1029/1065 1064/1028/1064 1012/979/1012
f 1012/979/1012 1013/980/1013 1065/1029/1065
f 1066/1030/1066 1065/1029/1065 1013/980/1013
f 1013/980/1013 1014/981/1014 1066/1030/1066
f 1067/1031/1067 1066/1030/1066 1014/981/1014
f 1014/981/1014 1015/982/1015 1067/1031/1067
f 1068/1032/1068 1067/1031/1067 1015/982/1015
f 1015/982/1015 1016/983/1016 1068/1032/1068
f 1069/1033/1069 1068/1032/1068 1016/983/1016
f 1016/983/1016 1017/891/1017 1069/1033/1069
f 1070/1034/1070 1069/1033/1069 1017/891/1017
f 1017/891/1017 1018/984/1018 1070/1034/1070
f 1071/1035/1071 1070/1034/1070 1018/984/1018
f 1018/984/1018 1019/985/1019 1071/1035/1071
f 1072/1036/1072 1071/1035/1071 1019/985/1019
f 1019/985/1019 1020/986/1020 1072/1036/1072
f 1073/1037/1073 1072/1036/1072 1020/986/1020
f 1020/986/1020 1021/987/1021 1073/1037/1073
f 1074/1038/1074 1073/1037/1073 1021/987/1021
f 1021/987/1021 1022/988/1022 1074/1038/1074
f 1075/1039/1075 1074/1038/1074 1022/988/1022
f 1022/988/1022 1023/989/1023 1075/1039/1075
f 1076/1040/1076 1075/1039/1075 1023/989/1023
f 1023/989/1023 1024/990/1024 1076/1040/1076
f 1077/1041/1077 1076/1040/1076 1024/990/1024
f 1024/990/1024 1025/991/1025 1077/1041/1077
f 1078/1042/1078 1077/1041/1077 1025/991/1025
f 1025/991/1025 1026/992/1026 1078/1042/1078
f 1079/1043/1079 1078/1042/1078 1026/992/1026
f 1026/992/1026 1027/993/1027 1079/1043/1079
f 1080/1044/1080 1079/1043/1079 1027/993/1027
f 1027/993/1027 1028/994/1028 1080/1044/1080
f 1081/1045/1081 1080/1044/1080 1028/994/1028
f 1028/994/1028 1029/995/1029 1081/1045/1081
f 1082/1046/1082 1081/1045/1081 1029/995/1029
f 1029/995/1029 1030/996/1030 1082/1046/1082
f 1083/1047/1083 1082/1046/1082 1030/996/1030
f 1030/996/1030 1031/997/1031 1083/1047/1083
f 1084/1048/1084 1083/1047/1083 1031/997/1031
f 1031/997/1031 1032/906/1032 1084/1048/1084
f 1085/1049/1085 1084/1048/1084 1032/906/1032
f 1032/906/1032 1033/998/1033 1085/1049/1085
f 1086/1050/1086 1085/1049/1085 1033/998/1033
f 1033/998/1033 1034/999/1034 1086/1050/1086
f 1087/1051/1087 1086/1050/1086 1034/999/1034
f 1034/999/1034 1035/1000/1035 1087/1051/1087
f 1088/1052/1088 1087/1051/1087 1035/1000/1035
f 1035/1000/1035 1036/1001/1036 1088/1052/1088
f 1089/1053/1089 1088/1052/1088 1036/1001/1036
f 1036/1001/1036 1037/1002/1037 1089/1053/1089
f 1090/1054/1090 1089/1053/1089 1037/1002/1037
f 1037/1002/1037 1038/1003/1038 1090/1054/1090
f 1091/1055/1091 1090/1054/1090 1038/1003/1038
f 1038/1003/1038 1039/1004/1039 1091/1055/1091
f 1092/1056/1092 1091/1055/1091 1039/1004/1039
f 1039/1004/1039 1040/1005/1040 1092/1056/1092
f 1093/1057/1093 1094/1058/1094 1042/1007/1042
f 1042/1007/1042 1041/1006/1041 1093/1057/1093
f 1095/1059/1095 1093/1057/1093 1041/1006/1041
f 1041/1006/1041 1043/1008/1043 1095/1059/1095
f 1096/1060/1096 1095/1059/1095 1043/1008/1043
f 1043/1008/1043 1044/1009/1044 1096/1060/1096
f 1097/1061/1097 1096/1060/1096 1044/1009/1044
f 1044/1009/1044 1045/1010/1045 1097/1061/1097
f 1098/1062/1098 1097/1061/1097 1045/1010/1045
f 1045/1010/1045 1046/1011/1046 1098/1062/1098
f 1099/1063/1099 1098/1062/1098 1046/1011/1046
f 1046/1011/1046 1047/817/1047 1099/1063/1099
f 1100/1064/1100 1099/1063/1099 1047/817/1047
f 1047/817/1047 1048/1012/1048 1100/1064/1100
f 1101/1065/1101 1100/1064/1100 1048/1012/1048
f 1048/1012/1048 1049/1013/1049 1101/1065/1101
f 1102/768/1102 1101/1065/1101 1049/1013/1049
f 1049/1013/1049 1050/1014/1050 1102/768/1102
f 1103/769/1103 1102/768/1102 1050/1014/1050
f 1050/1014/1050 1051/1015/1051 1103/769/1103
f 1104/1066/1104 1103/769/1103 1051/1015/1051
f 1051/1015/1051 1052/1016/1052 1104/1066/1104
f 1105/1067/1105 1104/1066/1104 1052/1016/1052
f 1052/1016/1052 1053/1017/1053 1105/1067/1105
f 1106/1068/1106 1105/1067/1105 1053/1017/1053
f 1053/1017/1053 1054/1018/1054 1106/1068/1106
f 1107/1069/1107 1106/1068/1106 1054/1018/1054
f 1054/1018/1054 1055/1019/1055 1107/1069/1107
f 1108/1070/1108 1107/1069/1107 1055/1019/1055
f 1055/1019/1055 1056/1020/1056 1108/1070/1108
f 1109/1071/1109 1108/1070/1108 1056/1020/1056
f 1056/1020/1056 1057/1021/1057 1109/1071/1109
f 1110/1072/1110 1109/1071/1109 1057/1021/1057
f 1057/1021/1057 1058/1022/1058 1110/1072/1110
f 1111/1073/1111 1110/1072/1110 1058/1022/1058
f 1058/1022/1058 1059/1023/1059 1111/1073/1111
f 1112/1074/1112 1111/1073/1111 1059/1023/1059
f 1059/1023/1059 1060/1024/1060 1112/1074/1112
f 1113/1075/1113 1112/1074/1112 1060/1024/1060
f 1060/1024/1060 1061/1025/1061 1113/1075/1113
f 1114/1076/1114 1113/1075/1113 1061/1025/1061
f 1061/1025/1061 1062/1026/1062 1114/1076/1114
f 1115/1077/1115 1114/1076/1114 1062/1026/1062
f 1062/1026/1062 1063/1027/1063 1115/1077/1115
f 1116/1078/1116 1115/1077/1115 1063/1027/1063
f 1063/1027/1063 1064/1028/1064 1116/1078/1116
f 1117/1079/1117 1116/1078/1116 1064/1028/1064
f 1064/1028/1064 1065/1029/1065 1117/1079/1117
f 1118/1080/1118 1117/1079/1117 1065/1029/1065
f 1065/1029/1065 1066/1030/1066 1118/1080/1118
f 1119/1081/1119 1118/1080/1118 1066/1030/1066
f 1066/1030/1066 1067/1031/1067 1119/1081/1119
f 1120/1082/1120 1119/1081/1119 1067/1031/1067
f 1067/1031/1067 1068/1032/1068 1120/1082/1120
f 1121/1083/1121 1120/1082/1120 1068/1032/1068
f 1068/1032/1068 1069/1033/1069 1121/1083/1121
f 1122/1084/1122 1121/1083/1121 1069/1033/1069
f 1069/1033/1069 1070/1034/1070 1122/1084/1122
f 1123/1085/1123 1122/1084/1122 1070/1034/1070
f 1070/1034/1070 1071/1035/1071 1123/1085/1123
f 1124/1086/1124 1123/1085/1123 1071/1035/1071
f 1071/1035/1071 1072/1036/1072 1124/1086/1124
f 1125/1087/1125 1124/1086/1124 1072/1036/1072
f 1072/1036/1072 1073/1037/1073 1125/1087/1125
f 1126/1088/1126 1125/1087/1125 1073/1037/1073
f 1073/1037/1073 1074/1038/1074 1126/1088/1126
f 1127/1089/1127 1126/1088/1126 1074/1038/1074
f 1074/1038/1074 1075/1039/1075 1127/1089/1127
f 1128/1090/1128 1127/1089/1127 1075/1039/1075
f 1075/1039/1075 1076/1040/1076 1128/1090/1128
f 1129/1091/1129 1128/1090/1128 1076/1040/1076
f 1076/1040/1076 1077/1041/1077 1129/1091/1129
f 1130/1092/1130 1129/1091/1129 1077/1041/1077
f 1077/1041/1077 1078/1042/1078 1130/1092/1130
f 1131/1093/1131 1130/1092/1130 1078/1042/1078
f 1078/1042/1078 1079/1043/1079 1131/1093/1131
f 1132/1094/1132 1131/1093/1131 1079/1043/1079
f 1079/1043/1079 1080/1044/1080 1132/1094/1132
f 1133/1095/1133 1132/1094/1132 1080/1044/1080
f 1080/1044/1080 1081/1045/1081 1133/1095/1133
f 1134/1096/1134 1133/1095/1133 1081/1045/1081
f 1081/1045/1081 1082/1046/1082 1134/1096/1134
f 1135/1097/1135 1134/1096/1134 1082/1046/1082
f 1082/1046/1082 1083/1047/1083 1135/1097/1135
f 1136/1098/1136 1135/1097/1135 1083/1047/1083
f 1083/1047/1083 1084/1048/1084 1136/1098/1136
f 1137/1099/1137 1136/1098/1136 1084/1048/1084
f 1084/1048/1084 1085/1049/1085 1137/1099/1137
f 1138/1100/1138 1137/1099/1137 1085/1049/1085
f 1085/1049/1085 1086/1050/1086 1138/1100/1138
f 1139/1101/1139 1138/1100/1138 1086/1050/1086
f 1086/1050/1086 1087/1051/1087 1139/1101/1139
f 1140/1102/1140 1139/1101/1139 1087/1051/1087
f 1087/1051/1087 1088/1052/1088 1140/1102/1140
f 1141/1103/1141 1140/1102/1140 1088/1052/1088
f 1088/1052/1088 1089/1053/1089 1141/1103/1141
f 1142/1104/1142 1141/1103/1141 1089/1053/1089
f 1089/1053/1089 1090/1054/1090 1142/1104/1142
f 1143/1105/1143 1142/1104/1142 1090/1054/1090
f 1090/1054/1090 1091/1055/1091 1143/1105/1143
f 1144/1106/1144 1143/1105/1143 1091/1055/1091
f 1091/1055/1091 1092/1056/1092 1144/1106/1144
f 1145/1107/1145 1146/1108/1146 1094/1058/1094
f 1094/1058/1094 1093/1057/1093 1145/1107/1145
f 1147/1109/1147 1145/1107/1145 1093/1057/1093
f 1093/1057/1093 1095/1059/1095 1147/1109/1147
f 1148/1110/1148 1147/1109/1147 1095/1059/1095
f 1095/1059/1095 1096/1060/1096 1148/1110/1148
f 1149/1111/1149 1148/1110/1148 1096/1060/1096
f 1096/1060/1096 1097/1061/1097 1149/1111/1149
f 1150/1112/1150 1149/1111/1149 1097/1061/1097
f 1097/1061/1097 1098/1062/1098 1150/1112/1150
f 1151/1113/1151 1150/1112/1150 1098/1062/1098
f 1098/1062/1098 1099/1063/1099 1151/1113/1151
f 1152/1114/1152 1151/1113/1151 1099/1063/1099
f 1099/1063/1099 1100/1064/1100 1152/1114/1152
f 1153/1115/1153 1152/1114/1152 1100/1064/1100
f 1100/1064/1100 1101/1065/1101 1153/1115/1153
f 1154/716/1154 1153/1115/1153 1101/1065/1101
f 1101/1065/1101 1102/768/1102 1154/716/1154
f 1155/1116/1155 1154/716/1154 1102/768/1102
f 1102/768/1102 1103/769/1103 1155/1116/1155
f 1156/1117/1156 1155/1116/1155 1103/769/1103
f 1103/769/1103 1104/1066/1104 1156/1117/1156
f 1157/1118/1157 1156/1117/1156 1104/1066/1104
f 1104/1066/1104 1105/1067/1105 1157/1118/1157
f 1158/1119/1158 1157/1118/1157 1105/1067/1105
f 1105/1067/1105 1106/1068/1106 1158/1119/1158
f 1159/1120/1159 1158/1119/1158 1106/1068/1106
f 1106/1068/1106 1107/1069/1107 1159/1120/1159
f 1160/1121/1160 1159/1120/1159 1107/1069/1107
f 1107/1069/1107 1108/1070/1108 1160/1121/1160
f 1161/1122/1161 1160/1121/1160 1108/1070/1108
f 1108/1070/1108 1109/1071/1109 1161/1122/1161
f 1162/1123/1162 1161/1122/1161 1109/1071/1109
f 1109/1071/1109 1110/1072/1110 1162/1123/1162
f 1163/1124/1163 1162/1123/1162 1110/1072/1110
f 1110/1072/1110 1111/1073/1111 1163/1124/1163
f 1164/1125/1164 1163/1124/1163 1111/1073/1111
f 1111/1073/1111 1112/1074/1112 1164/1125/1164
f 1165/1126/1165 1164/1125/1164 1112/1074/1112
f 1112/1074/1112 1113/1075/1113 1165/1126/1165
f 1166/1127/1166 1165/1126/1165 1113/1075/1113
f 1113/1075/1113 1114/1076/1114 1166/1127/1166
f 1167/1128/1167 1166/1127/1166 1114/1076/1114
f 1114/1076/1114 1115/1077/1115 1167/1128/1167
f 1168/1129/1168 1167/1128/1167 1115/1077/1115
f 1115/1077/1115 1116/1078/1116 1168/1129/1168
f 1169/1130/1169 1168/1129/1168 1116/1078/1116
f 1116/1078/1116 1117/1079/1117 1169/1130/1169
f 1170/1131/1170 1169/1130/1169 1117/1079/1117
f 1117/1079/1117 1118/1080/1118 1170/1131/1170
f 1171/1132/1171 1170/1131/1170 1118/1080/1118
f 1118/1080/1118 1119/1081/1119 1171/1132/1171
f 1172/1133/1172 1171/1132/1171 1119/1081/1119
f 1119/1081/1119 1120/1082/1120 1172/1133/1172
f 1173/1134/1173 1172/1133/1172 1120/1082/1120
f 1120/1082/1120 1121/1083/1121 1173/1134/1173
f 1174/1135/1174 1173/1134/1173 1121/1083/1121
f 1121/1083/1121 1122/1084/1122 1174/1135/1174
f 1175/1136/1175 1174/1135/1174 1122/1084/1122
f 1122/1084/1122 1123/1085/1123 1175/1136/1175
f 1176/1137/1176 1175/1136/1175 1123/1085/1123
f 1123/1085/1123 1124/1086/1124 1176/1137/1176
f 1177/1138/1177 1176/1137/1176 1124/1086/1124
f 1124/1086/1124 1125/1087/1125 1177/1138/1177
f 1178/1139/1178 1177/1138/1177 1125/1087/1125
f 1125/1087/1125 1126/1088/1126 1178/1139/1178
f 1179/1140/1179 1178/1139/1178 1126/1088/1126
f 1126/1088/1126 1127/1089/1127 1179/1140/1179
f 1180/1141/1180 1179/1140/1179 1127/1089/1127
f 1127/1089/1127 1128/1090/1128 1180/1141/1180
f 1181/1142/1181 1180/1141/1180 1128/1090/1128
f 1128/1090/1128 1129/1091/1129 1181/1142/1181
f 1182/1143/1182 1181/1142/1181 1129/1091/1129
f 1129/1091/1129 1130/1092/1130 1182/1143/1182
f 1183/1144/1183 1182/1143/1182 1130/1092/1130
f 1130/1092/1130 1131/1093/1131 1183/1144/1183
f 1184/1145/1184 1183/1144/1183 1131/1093/1131
f 1131/1093/1131 1132/1094/1132 1184/1145/1184
f 1185/1146/1185 1184/1145/1184 1132/1094/1132
f 1132/1094/1132 1133/1095/1133 1185/1146/1185
f 1186/1147/1186 1185/1146/1185 1133/1095/1133
f 1133/1095/1133 1134/1096/1134 1186/1147/1186
f 1187/1148/1187 1186/1147/1186 1134/1096/1134
f 1134/1096/1134 1135/1097/1135 1187/1148/1187
f 1188/1149/1188 1187/1148/1187 1135/1097/1135
f 1135/1097/1135 1136/1098/1136 1188/1149/1188
f 1189/1150/1189 1188/1149/1188 1136/1098/1136
f 1136/1098/1136 1137/1099/1137 1189/1150/1189
f 1190/1151/1190 1189/1150/1189 1137/1099/1137
f 1137/1099/1137 1138/1100/1138 1190/1151/1190
f 1191/1152/1191 1190/1151/1190 1138/1100/1138
f 1138/1100/1138 1139/1101/1139 1191/1152/1191
f 1192/1153/1192 1191/1152/1191 1139/1101/1139
f 1139/1101/1139 1140/1102/1140 1192/1153/1192
f 1193/1154/1193 1192/1153/1192 1140/1102/1140
f 1140/1102/1140 1141/1103/1141 1193/1154/1193
f 1194/1155/1194 1193/1154/1193 1141/1103/1141
f 1141/1103/1141 1142/1104/1142 1194/1155/1194
f 1195/1156/1195 1194/1155/1194 1142/1104/1142
f 1142/1104/1142 1143/1105/1143 1195/1156/1195
f 1196/1157/1196 1195/1156/1195 1143/1105/1143
f 1143/1105/1143 1144/1106/1144 1196/1157/1196
f 1197/1158/1197 1198/1159/1198 1146/1108/1146
f 1146/1108/1146 1145/1107/1145 1197/1158/1197
f 1199/1160/1199 1197/1158/1197 1145/1107/1145
f 1145/1107/1145 1147/1109/1147 1199/1160/1199
f 1200/1161/1200 1199/1160/1199 1147/1109/1147
f 1147/1109/1147 1148/1110/1148 1200/1161/1200
f 1201/1162/1201 1200/1161/1200 1148/1110/1148
f 1148/1110/1148 1149/1111/1149 1201/1162/1201
f 1202/1163/1202 1201/1162/1201 1149/1111/1149
f 1149/1111/1149 1150/1112/1150 1202/1163/1202
f 1203/1164/1203 1202/1163/1202 1150/1112/1150
f 1150/1112/1150 1151/1113/1151 1203/1164/1203
f 1204/1165/1204 1203/1164/1203 1151/1113/1151
f 1151/1113/1151 1152/1114/1152 1204/1165/1204
f 1205/663/1205 1204/1165/1204 1152/1114/1152
f 1152/1114/1152 1153/1115/1153 1205/663/1205
f 1206/664/1206 1205/663/1205 1153/1115/1153
f 1153/1115/1153 1154/716/1154 1206/664/1206
f 1207/665/1207 1206/664/1206 1154/716/1154
f 1154/716/1154 1155/1116/1155 1207/665/1207
f 1208/666/1208 1207/665/1207 1155/1116/1155
f 1155/1116/1155 1156/1117/1156 1208/666/1208
f 1209/667/1209 1208/666/1208 1156/1117/1156
f 1156/1117/1156 1157/1118/1157 1209/667/1209
f 1210/668/1210 1209/667/1209 1157/1118/1157
f 1157/1118/1157 1158/1119/1158 1210/668/1210
f 1211/1166/1211 1210/668/1210 1158/1119/1158
f 1158/1119/1158 1159/1120/1159 1211/1166/1211
f 1212/1167/1212 1211/1166/1211 1159/1120/1159
f 1159/1120/1159 1160/1121/1160 1212/1167/1212
f 1213/1168/1213 1212/1167/1212 1160/1121/1160
f 1160/1121/1160 1161/1122/1161 1213/1168/1213
f 1214/1169/1214 1213/1168/1213 1161/1122/1161
f 1161/1122/1161 1162/1123/1162 1214/1169/1214
f 1215/1170/1215 1214/1169/1214 1162/1123/1162
f 1162/1123/1162 1163/1124/1163 1215/1170/1215
f 1216/1171/1216 1215/1170/1215 1163/1124/1163
f 1163/1124/1163 1164/1125/1164 1216/1171/1216
f 1217/1172/1217 1216/1171/1216 1164/1125/1164
f 1164/1125/1164 1165/1126/1165 1217/1172/1217
f 1218/1173/1218 1217/1172/1217 1165/1126/1165
f 1165/1126/1165 1166/1127/1166 1218/1173/1218
f 1219/1174/1219 1218/1173/1218 1166/1127/1166
f 1166/1127/1166 1167/1128/1167 1219/1174/1219
f 1220/1175/1220 1219/1174/1219 1167/1128/1167
f 1167/1128/1167 1168/1129/1168 1220/1175/1220
f 1221/1176/1221 1220/1175/1220 1168/1129/1168
f 1168/1129/1168 1169/1130/1169 1221/1176/1221
f 1222/1177/1222 1221/1176/1221 1169/1130/1169
f 1169/1130/1169 1170/1131/1170 1222/1177/1222
f 1223/1178/1223 1222/1177/1222 1170/1131/1170
f 1170/1131/1170 1171/1132/1171 1223/1178/1223
f 1224/1179/1224 1223/1178/1223 1171/1132/1171
f 1171/1132/1171 1172/1133/1172 1224/1179/1224
f 1225/1180/1225 1224/1179/1224 1172/1133/1172
f 1172/1133/1172 1173/1134/1173 1225/1180/1225
f 1226/1181/1226 1225/1180/1225 1173/1134/1173
f 1173/1134/1173 1174/1135/1174 1226/1181/1226
f 1227/1182/1227 1226/1181/1226 1174/1135/1174
f 1174/1135/1174 1175/1136/1175 1227/1182/1227
f 1228/1183/1228 1227/1182/1227 1175/1136/1175
f 1175/1136/1175 1176/1137/1176 1228/1183/1228
f 1229/1184/1229 1228/1183/1228 1176/1137/1176
f 1176/1137/1176 1177/1138/1177 1229/1184/1229
f 1230/1185/1230 1229/1184/1229 1177/1138/1177
f 1177/1138/1177 1178/1139/1178 1230/1185/1230
f 1231/1186/1231 1230/1185/1230 1178/1139/1178
f 1178/1139/1178 1179/1140/1179 1231/1186/1231
f 1232/1187/1232 1231/1186/1231 1179/1140/1179
f 1179/1140/1179 1180/1141/1180 1232/1187/1232
f 1233/1188/1233 1232/1187/1232 1180/1141/1180
f 1180/1141/1180 1181/1142/1181 1233/1188/1233
f 1234/1189/1234 1233/1188/1233 1181/1142/1181
f 1181/1142/1181 1182/1143/1182 1234/1189/1234
f 1235/1190/1235 1234/1189/1234 1182/1143/1182
f 1182/1143/1182 1183/1144/1183 1235/1190/1235
f 1236/1191/1236 1235/1190/1235 1183/1144/1183
f 1183/1144/1183 1184/1145/1184 1236/1191/1236
f 1237/1192/1237 1236/1191/1236 1184/1145/1184
f 1184/1145/1184 1185/1146/1185 1237/1192/1237
f 1238/1193/1238 1237/1192/1237 1185/1146/1185
f 1185/1146/1185 1186/1147/1186 1238/1193/1238
f 1239/1194/1239 1238/1193/1238 1186/1147/1186
f 1186/1147/1186 1187/1148/1187 1239/1194/1239
f 1240/1195/1240 1239/1194/1239 1187/1148/1187
f 1187/1148/1187 1188/1149/1188 1240/1195/1240
f 1241/1196/1241 1240/1195/1240 1188/1149/1188
f 1188/1149/1188 1189/1150/1189 1241/1196/1241
f 1242/1197/1242 1241/1196/1241 1189/1150/1189
f 1189/1150/1189 1190/1151/1190 1242/1197/1242
f 1243/1198/1243 1242/1197/1242 1190/1151/1190
f 1190/1151/1190 1191/1152/1191 1243/1198/1243
f 1244/1199/1244 1243/1198/1243 1191/1152/1191
f 1191/1152/1191 1192/1153/1192 1244/1199/1244
f 1245/1200/1245 1244/1199/1244 1192/1153/1192
f 1192/1153/1192 1193/1154/1193 1245/1200/1245
f 1246/1201/1246 1245/1200/1245 1193/1154/1193
f 1193/1154/1193 1194/1155/1194 1246/1201/1246
f 1247/1202/1247 1246/1201/1246 1194/1155/1194
f 1194/1155/1194 1195/1156/1195 1247/1202/1247
f 1248/1203/1248 1247/1202/1247 1195/1156/1195
f 1195/1156/1195 1196/1157/1196 1248/1203/1248
f 4/4/4 3/3/3 1198/1159/1198
f 1198/1159/1198 1197/1158/1197 4/4/4
f 6/6/6 4/4/4 1197/1158/1197
f 1197/1158/1197 1199/1160/1199 6/6/6
f 8/8/8 6/6/6 1199/1160/1199
f 1199/1160/1199 1200/1161/1200 8/8/8
f 10/10/10 8/8/8 1200/1161/1200
f 1200/1161/1200 1201/1162/1201 10/10/10
f 12/12/12 10/10/10 1201/1162/1201
f 1201/1162/1201 1202/1163/1202 12/12/12
f 14/14/14 12/12/12 1202/1163/1202
f 1202/1163/1202 1203/1164/1203 14/14/14
f 16/16/16 14/14/14 1203/1164/1203
f 1203/1164/1203 1204/1165/1204 16/16/16
f 18/18/18 16/16/16 1204/1165/1204
f 1204/1165/1204 1205/663/1205 18/18/18
f 20/20/20 18/18/18 1205/663/1205
f 1205/663/1205 1206/664/1206 20/20/20
f 22/22/22 20/20/20 1206/664/1206
f 1206/664/1206 1207/665/1207 22/22/22
f 24/24/24 22/22/22 1207/665/1207
f 1207/665/1207 1208/666/1208 24/24/24
f 26/26/26 24/24/24 1208/666/1208
f 1208/666/1208 1209/667/1209 26/26/26
f 28/28/28 26/26/26 1209/667/1209
f 1209/667/1209 1210/668/1210 28/28/28
f 30/30/30 28/28/28 1210/668/1210
f 1210/668/1210 1211/1166/1211 30/30/30
f 32/32/32 30/30/30 1211/1166/1211
f 1211/1166/1211 1212/1167/1212 32/32/32
f 34/34/34 32/32/32 1212/1167/1212
f 1212/1167/1212 1213/1168/1213 34/34/34
f 36/36/36 34/34/34 1213/1168/1213
f 1213/1168/1213 1214/1169/1214 36/36/36
f 38/38/38 36/36/36 1214/1169/1214
f 1214/1169/1214 1215/1170/1215 38/38/38
f 40/40/40 38/38/38 1215/1170/1215
f 1215/1170/1215 1216/1171/1216 40/40/40
f 42/42/42 40/40/40 1216/1171/1216
f 1216/1171/1216 1217/1172/1217 42/42/42
f 44/44/44 42/42/42 1217/1172/1217
f 1217/1172/1217 1218/1173/1218 44/44/44
f 46/46/46 44/44/44 1218/1173/1218
f 1218/1173/1218 1219/1174/1219 46/46/46
f 48/48/48 46/46/46 1219/1174/1219
f 1219/1174/1219 1220/1175/1220 48/48/48
f 50/50/50 48/48/48 1220/1175/1220
f 1220/1175/1220 1221/1176/1221 50/50/50
f 52/52/52 50/50/50 1221/1176/1221
f 1221/1176/1221 1222/1177/1222 52/52/52
f 54/54/54 52/52/52 1222/1177/1222
f 1222/1177/1222 1223/1178/1223 54/54/54
f 56/56/56 54/54/54 1223/1178/1223
f 1223/1178/1223 1224/1179/1224 56/56/56
f 58/58/58 56/56/56 1224/1179/1224
f 1224/1179/1224 1225/1180/1225 58/58/58
f 60/60/60 58/58/58 1225/1180/1225
f 1225/1180/1225 1226/1181/1226 60/60/60
f 62/62/62 60/60/60 1226/1181/1226
f 1226/1181/1226 1227/1182/1227 62/62/62
f 64/64/64 62/62/62 1227/1182/1227
f 1227/1182/1227 1228/1183/1228 64/64/64
f 66/66/66 64/64/64 1228/1183/1228
f 1228/1183/1228 1229/1184/1229 66/66/66
f 68/68/68 66/66/66 1229/1184/1229
f 1229/1184/1229 1230/1185/1230 68/68/68
f 70/70/70 68/68/68 1230/1185/1230
f 1230/1185/1230 1231/1186/1231 70/70/70
f 72/72/72 70/70/70 1231/1186/1231
f 1231/1186/1231 1232/1187/1232 72/72/72
f 74/74/74 72/72/72 1232/1187/1232
f 1232/1187/1232 1233/1188/1233 74/74/74
f 76/76/76 74/74/74 1233/1188/1233
f 1233/1188/1233 1234/1189/1234 76/76/76
f 78/78/78 76/76/76 1234/1189/1234
f 1234/1189/1234 1235/1190/1235 78/78/78
f 80/80/80 78/78/78 1235/1190/1235
f 1235/1190/1235 1236/1191/1236 80/80/80
f 82/82/82 80/80/80 1236/1191/1236
f 1236/1191/1236 1237/1192/1237 82/82/82
f 84/84/84 82/82/82 1237/1192/1237
f 1237/1192/1237 1238/1193/1238 84/84/84
f 86/86/86 84/84/84 1238/1193/1238
f 1238/1193/1238 1239/1194/1239 86/86/86
f 88/88/88 86/86/86 1239/1194/1239
f 1239/1194/1239 1240/1195/1240 88/88/88
f 90/90/90 88/88/88 1240/1195/1240
f 1240/1195/1240 1241/1196/1241 90/90/90
f 92/92/92 90/90/90 1241/1196/1241
f 1241/1196/1241 1242/1197/1242 92/92/92
f 94/94/94 92/92/92 1242/1197/1242
f 1242/1197/1242 1243/1198/1243 94/94/94
f 96/96/96 94/94/94 1243/1198/1243
f 1243/1198/1243 1244/1199/1244 96/96/96
f 98/98/98 96/96/96 1244/1199/1244
f 1244/1199/1244 1245/1200/1245 98/98/98
f 100/100/100 98/98/98 1245/1200/1245
f 1245/1200/1245 1246/1201/1246 100/100/100
f 102/102/102 100/100/100 1246/1201/1246
f 1246/1201/1246 1247/1202/1247 102/102/102
f 104/104/104 102/102/102 1247/1202/1247
f 1247/1202/1247 1248/1203/1248 104/104/104
f 1249/1204/1249 1250/1205/1250 1251/1206/1251
f 1251/1206/1251 1252/1207/1252 1253/1208/1253
f 1253/1208/1253 1254/1209/1254 1255/1210/1255
f 1251/1206/1251 1253/1208/1253 1255/1210/1255
f 1255/1210/1255 1256/1211/1256 1257/1212/1257
f 1257/1212/1257 1258/1213/1258 1259/1214/1259
f 1255/1210/1255 1257/1212/1257 1259/1214/1259
f 1259/1214/1259 1260/1215/1260 1261/1216/1261
f 1261/1216/1261 1262/1217/1262 1263/1218/1263
f 1259/1214/1259 1261/1216/1261 1263/1218/1263
f 1255/1210/1255 1259/1214/1259 1263/1218/1263
f 1263/1218/1263 1264/1219/1264 1265/1220/1265
f 1265/1220/1265 1266/1221/1266 1267/1222/1267
f 1263/1218/1263 1265/1220/1265 1267/1222/1267
f 1267/1222/1267 1268/1223/1268 1269/1224/1269
f 1269/1224/1269 1270/1225/1270 1271/1226/1271
f 1267/1222/1267 1269/1224/1269 1271/1226/1271
f 1263/1218/1263 1267/1222/1267 1271/1226/1271
f 1255/1210/1255 1263/1218/1263 1271/1226/1271
f 1251/1206/1251 1255/1210/1255 1271/1226/1271
f 1249/1204/1249 1251/1206/1251 1271/1226/1271
f 1272/1227/1272 1249/1204/1249 1271/1226/1271
f 1273/1228/1273 1274/1229/1274 1275/1230/1275
f 1275/1230/1275 1276/1231/1276 1277/1232/1277
f 1277/1232/1277 1278/1233/1278 1279/1234/1279
f 1275/1230/1275 1277/1232/1277 1279/1234/1279
f 1279/1234/1279 1280/1235/1280 1281/1236/1281
f 1281/1236/1281 1282/1237/1282 1283/1238/1283
f 1279/1234/1279 1281/1236/1281 1283/1238/1283
f 1283/1238/1283 1284/1239/1284 1285/1240/1285
f 1285/1240/1285 1286/1241/1286 1287/1242/1287
f 1283/1238/1283 1285/1240/1285 1287/1242/1287
f 1279/1234/1279 1283/1238/1283 1287/1242/1287
f 1287/1242/1287 1288/1243/1288 1289/1244/1289
f 1289/1244/1289 1290/1245/1290 1291/1246/1291
f 1287/1242/1287 1289/1244/1289 1291/1246/1291
f 1291/1246/1291 1292/1247/1292 1293/1248/1293
f 1293/1248/1293 1294/1249/1294 1295/1250/1295
f 1291/1246/1291 1293/1248/1293 1295/1250/1295
f 1287/1242/1287 1291/1246/1291 1295/1250/1295
f 1279/1234/1279 1287/1242/1287 1295/1250/1295
f 1275/1230/1275 1279/1234/1279 1295/1250/1295
f 1273/1228/1273 1275/1230/1275 1295/1250/1295
f 1296/1251/1296 1273/1228/1273 1295/1250/1295
f 3/3/3 2/2/2 1296/1252/1296
f 1296/1252/1296 1295/1253/1295 3/3/3
f 2/2/2 106/106/106 1273/1254/1273
f 1273/1254/1273 1296/1252/1296 2/2/2
f 106/106/106 158/158/158 1274/1255/1274
f 1274/1255/1274 1273/1254/1273 106/106/106
f 158/158/158 210/210/210 1275/1256/1275
f 1275/1256/1275 1274/1255/1274 158/158/158
f 210/210/210 262/262/262 1276/1257/1276
f 1276/1257/1276 1275/1256/1275 210/210/210
f 262/262/262 314/314/314 1277/1258/1277
f 1277/1258/1277 1276/1257/1276 262/262/262
f 314/314/314 366/262/366 1278/1257/1278
f 1278/1257/1278 1277/1258/1277 314/314/314
f 366/262/366 418/210/418 1279/1259/1279
f 1279/1259/1279 1278/1257/1278 366/262/366
f 418/210/418 470/451/470 1280/1260/1280
f 1280/1260/1280 1279/1259/1279 418/210/418
f 470/451/470 522/502/522 1281/1261/1281
f 1281/1261/1281 1280/1260/1280 470/451/470
f 522/502/522 574/552/574 1282/1262/1282
f 1282/1262/1282 1281/1261/1281 522/502/522
f 574/552/574 626/604/626 1283/1263/1283
f 1283/1263/1283 1282/1262/1282 574/552/574
f 626/604/626 678/656/678 1284/1264/1284
f 1284/1264/1284 1283/1263/1283 626/604/626
f 678/656/678 730/708/730 1285/1265/1285
f 1285/1265/1285 1284/1264/1284 678/656/678
f 730/708/730 782/760/782 1286/1266/1286
f 1286/1266/1286 1285/1265/1285 730/708/730
f 782/760/782 834/812/834 1287/1267/1287
f 1287/1267/1287 1286/1266/1286 782/760/782
f 834/812/834 886/864/886 1288/1268/1288
f 1288/1268/1288 1287/1267/1287 834/812/834
f 886/864/886 938/916/938 1289/1269/1289
f 1289/1269/1289 1288/1268/1288 886/864/886
f 938/916/938 990/968/990 1290/1270/1290
f 1290/1270/1290 1289/1269/1289 938/916/938
f 990/968/990 1042/1007/1042 1291/1267/1291
f 1291/1267/1291 1290/1270/1290 990/968/990
f 1042/1007/1042 1094/1058/1094 1292/1271/1292
f 1292/1271/1292 1291/1267/1291 1042/1007/1042
f 1094/1058/1094 1146/1108/1146 1293/1272/1293
f 1293/1272/1293 1292/1271/1292 1094/1058/1094
f 1146/1108/1146 1198/1159/1198 1294/1273/1294
f 1294/1273/1294 1293/1272/1293 1146/1108/1146
f 1198/1159/1198 3/3/3 1295/1253/1295
f 1295/1253/1295 1294/1273/1294 1198/1159/1198
f 103/103/103 104/104/104 1297/1274/1297
f 1297/1274/1297 1298/1275/1298 103/103/103
f 104/104/104 1248/1203/1248 1299/1276/1299
f 1299/1276/1299 1297/1274/1297 104/104/104
f 1248/1203/1248 1196/1157/1196 1300/1277/1300
f 1300/1277/1300 1299/1276/1299 1248/1203/1248
f 1196/1157/1196 1144/1106/1144 1301/1278/1301
f 1301/1278/1301 1300/1277/1300 1196/1157/1196
f 1144/1106/1144 1092/1056/1092 1302/1279/1302
f 1302/1279/1302 1301/1278/1301 1144/1106/1144
f 1092/1056/1092 1040/1005/1040 1303/1280/1303
f 1303/1280/1303 1302/1279/1302 1092/1056/1092
f 1040/1005/1040 988/966/988 1304/1281/1304
f 1304/1281/1304 1303/1280/1303 1040/1005/1040
f 988/966/988 936/914/936 1305/1282/1305
f 1305/1282/1305 1304/1281/1304 988/966/988
f 936/914/936 884/862/884 1306/1283/1306
f 1306/1283/1306 1305/1282/1305 936/914/936
f 884/862/884 832/810/832 1307/1284/1307
f 1307/1284/1307 1306/1283/1306 884/862/884
f 832/810/832 780/758/780 1308/1285/1308
f 1308/1285/1308 1307/1284/1307 832/810/832
f 780/758/780 728/706/728 1309/1286/1309
f 1309/1286/1309 1308/1285/1308 780/758/780
f 728/706/728 676/654/676 1310/1287/1310
f 1310/1287/1310 1309/1286/1309 728/706/728
f 676/654/676 624/602/624 1311/1288/1311
f 1311/1288/1311 1310/1287/1310 676/654/676
f 624/602/624 572/550/572 1312/1289/1312
f 1312/1289/1312 1311/1288/1311 624/602/624
f 572/550/572 520/500/520 1313/1290/1313
f 1313/1290/1313 1312/1289/1312 572/550/572
f 520/500/520 468/449/468 1314/1291/1314
f 1314/1291/1314 1313/1290/1313 520/500/520
f 468/449/468 416/404/416 1315/1292/1315
f 1315/1292/1315 1314/1291/1314 468/449/468
f 416/404/416 364/364/364 1316/1293/1316
f 1316/1293/1316 1315/1292/1315 416/404/416
f 364/364/364 312/312/312 1317/1294/1317
f 1317/1294/1317 1316/1293/1316 364/364/364
f 312/312/312 260/260/260 1318/1295/1318
f 1318/1295/1318 1317/1294/1317 312/312/312
f 260/260/260 208/208/208 1319/1296/1319
f 1319/1296/1319 1318/1295/1318 260/260/260
f 208/208/208 156/156/156 1320/1297/1320
f 1320/1297/1320 1319/1296/1319 208/208/208
f 156/156/156 103/103/103 1298/1275/1298
f 1298/1275/1298 1320/1297/1320 156/156/156
f 1298/1275/1298 1297/1274/1297 1272/1298/1272
f 1272/1298/1272 1271/1299/1271 1298/1275/1298
f 1297/1274/1297 1299/1276/1299 1249/1300/1249
f 1249/1300/1249 1272/1298/1272 1297/1274/1297
f 1299/1276/1299 1300/1277/1300 1250/1301/1250
f 1250/1301/1250 1249/1300/1249 1299/1276/1299
f 1300/1277/1300 1301/1278/1301 1251/1302/1251
f 1251/1302/1251 1250/1301/1250 1300/1277/1300
f 1301/1278/1301 1302/1279/1302 1252/1303/1252
f 1252/1303/1252 1251/1302/1251 1301/1278/1301
f 1302/1279/1302 1303/1280/1303 1253/1304/1253
f 1253/1304/1253 1252/1303/1252 1302/1279/1302
f 1303/1280/1303 1304/1281/1304 1254/1305/1254
f 1254/1305/1254 1253/1304/1253 1303/1280/1303
f 1304/1281/1304 1305/1282/1305 1255/1306/1255
f 1255/1306/1255 1254/1305/1254 1304/1281/1304
f 1305/1282/1305 1306/1283/1306 1256/1307/1256
f 1256/1307/1256 1255/1306/1255 1305/1282/1305
f 1306/1283/1306 1307/1284/1307 1257/1308/1257
f 1257/1308/1257 1256/1307/1256 1306/1283/1306
f 1307/1284/1307 1308/1285/1308 1258/1309/1258
f 1258/1309/1258 1257/1308/1257 1307/1284/1307
f 1308/1285/1308 1309/1286/1309 1259/1310/1259
f 1259/1310/1259 1258/1309/1258 1308/1285/1308
f 1309/1286/1309 1310/1287/1310 1260/1311/1260
f 1260/1311/1260 1259/1310/1259 1309/1286/1309
f 1310/1287/1310 1311/1288/1311 1261/1312/1261
f 1261/1312/1261 1260/1311/1260 1310/1287/1310
f 1311/1288/1311 1312/1289/1312 1262/1313/1262
f 1262/1313/1262 1261/1312/1261 1311/1288/1311
f 1312/1289/1312 1313/1290/1313 1263/1314/1263
f 1263/1314/1263 1262/1313/1262 1312/1289/1312
f 1313/1290/1313 1314/1291/1314 1264/1315/1264
f 1264/1315/1264 1263/1314/1263 1313/1290/1313
f 1314/1291/1314 1315/1292/1315 1265/1316/1265
f 1265/1316/1265 1264/1315/1264 1314/1291/1314
f 1315/1292/1315 1316/1293/1316 1266/1317/1266
f 1266/1317/1266 1265/1316/1265 1315/1292/1315
f 1316/1293/1316 1317/1294/1317 1267/1318/1267
f 1267/1318/1267 1266/1317/1266 1316/1293/1316
f 1317/1294/1317 1318/1295/1318 1268/1319/1268
f 1268/1319/1268 1267/1318/1267 1317/1294/1317
f 1318/1295/1318 1319/1296/1319 1269/1320/1269
f 1269/1320/1269 1268/1319/1268 1318/1295/1318
f 1319/1296/1319 1320/1297/1320 1270/1321/1270
f 1270/1321/1270 1269/1320/1269 1319/1296/1319
f 1320/1297/1320 1298/1275/1298 1271/1299/1271
f 1271/1299/1271 1270/1321/1270 1320/1297/1320
o Line002
v 0.000029 -0.024837 0.279964
v 0.000029 -0.025525 0.272190
v 0.006609 -0.024657 0.272190
v 0.006431 -0.023992 0.279964
v 0.000029 -0.026093 0.263772
v 0.006756 -0.025205 0.263772
v 0.000029 -0.026580 0.254926
v 0.006883 -0.025676 0.254927
v 0.000029 -0.027027 0.245868
v 0.006998 -0.026108 0.245868
v 0.012764 -0.022108 0.272190
v 0.012420 -0.021512 0.279964
v 0.013048 -0.022599 0.263772
v 0.013292 -0.023021 0.254927
v 0.013515 -0.023409 0.245868
v 0.009642 -0.016652 0.370688
v 0.011309 -0.019538 0.323622
v 0.015967 -0.015960 0.323596
v 0.013606 -0.013609 0.370688
v 0.018049 -0.018052 0.272190
v 0.017568 -0.017560 0.279966
v 0.018451 -0.018454 0.263772
v 0.018795 -0.018798 0.254927
v 0.019112 -0.019115 0.245868
v 0.019547 -0.011290 0.323582
v 0.016663 -0.009625 0.370688
v 0.015876 -0.015854 0.323305
v 0.019428 -0.011222 0.323304
v 0.015620 -0.015613 0.323153
v 0.019123 -0.011046 0.323153
v 0.015317 -0.015315 0.323085
v 0.018755 -0.010833 0.323085
v 0.014988 -0.014985 0.323031
v 0.018352 -0.010600 0.323031
v 0.014668 -0.014662 0.322953
v 0.017958 -0.010373 0.322952
v 0.014404 -0.014390 0.322822
v 0.017630 -0.010183 0.322821
v 0.014241 -0.014213 0.322646
v 0.017423 -0.010064 0.322645
v 0.014198 -0.014167 0.318687
v 0.017368 -0.010033 0.318687
v 0.014166 -0.014135 0.314707
v 0.017330 -0.010010 0.314707
v 0.014187 -0.014156 0.310828
v 0.017355 -0.010025 0.310828
v 0.014287 -0.014256 0.307098
v 0.017478 -0.010096 0.307099
v 0.014492 -0.014462 0.303570
v 0.017729 -0.010241 0.303570
v 0.014828 -0.014798 0.300291
v 0.018141 -0.010479 0.300291
v 0.015322 -0.015292 0.297308
v 0.018745 -0.010828 0.297308
v 0.016235 -0.016204 0.292745
v 0.019863 -0.011473 0.292746
v 0.016978 -0.016947 0.286889
v 0.020773 -0.011998 0.286890
v 0.021509 -0.012423 0.279967
v 0.022105 -0.012767 0.272190
v 0.022596 -0.013051 0.263772
v 0.023018 -0.013295 0.254927
v 0.023406 -0.013518 0.245868
v 0.021801 -0.005848 0.323582
v 0.018584 -0.004986 0.370688
v 0.021669 -0.005813 0.323304
v 0.021329 -0.005721 0.323153
v 0.020918 -0.005611 0.323085
v 0.020468 -0.005491 0.323031
v 0.020030 -0.005373 0.322952
v 0.019663 -0.005275 0.322821
v 0.019432 -0.005213 0.322645
v 0.019371 -0.005197 0.318687
v 0.019328 -0.005185 0.314707
v 0.019357 -0.005193 0.310828
v 0.019494 -0.005230 0.307099
v 0.019774 -0.005305 0.303570
v 0.020233 -0.005428 0.300291
v 0.020907 -0.005609 0.297308
v 0.022154 -0.005943 0.292746
v 0.023169 -0.006215 0.286890
v 0.023989 -0.006434 0.279967
v 0.024654 -0.006613 0.272190
v 0.025202 -0.006759 0.263772
v 0.025673 -0.006886 0.254927
v 0.026105 -0.007001 0.245868
v 0.022570 -0.000008 0.323582
v 0.019240 -0.000008 0.370688
v 0.022433 -0.000008 0.323304
v 0.022081 -0.000008 0.323153
v 0.021656 -0.000008 0.323085
v 0.021190 -0.000008 0.323031
v 0.020736 -0.000008 0.322952
v 0.020356 -0.000008 0.322821
v 0.020117 -0.000008 0.322645
v 0.020054 -0.000008 0.318687
v 0.020010 -0.000008 0.314707
v 0.020040 -0.000008 0.310828
v 0.020181 -0.000008 0.307099
v 0.020471 -0.000008 0.303570
v 0.020946 -0.000008 0.300291
v 0.021645 -0.000008 0.297308
v 0.022935 -0.000008 0.292746
v 0.023986 -0.000008 0.286890
v 0.024835 -0.000008 0.279967
v 0.025524 -0.000008 0.272190
v 0.026091 -0.000008 0.263772
v 0.026579 -0.000008 0.254927
v 0.027026 -0.000008 0.245868
v 0.021801 0.005833 0.323582
v 0.018584 0.004971 0.370688
v 0.021669 0.005797 0.323304
v 0.021329 0.005706 0.323153
v 0.020918 0.005596 0.323085
v 0.020468 0.005475 0.323031
v 0.020030 0.005358 0.322952
v 0.019663 0.005260 0.322821
v 0.019432 0.005198 0.322645
v 0.019371 0.005181 0.318687
v 0.019328 0.005170 0.314707
v 0.019357 0.005178 0.310828
v 0.019494 0.005214 0.307099
v 0.019774 0.005289 0.303570
v 0.020233 0.005412 0.300291
v 0.020907 0.005593 0.297308
v 0.022154 0.005927 0.292746
v 0.023169 0.006199 0.286890
v 0.023989 0.006419 0.279967
v 0.024654 0.006597 0.272190
v 0.025202 0.006744 0.263772
v 0.025673 0.006870 0.254927
v 0.026105 0.006986 0.245868
v 0.019547 0.011275 0.323582
v 0.016663 0.009610 0.370688
v 0.019428 0.011207 0.323304
v 0.019123 0.011030 0.323153
v 0.018755 0.010818 0.323085
v 0.018352 0.010585 0.323031
v 0.017959 0.010358 0.322952
v 0.017630 0.010168 0.322821
v 0.017423 0.010049 0.322645
v 0.017368 0.010017 0.318687
v 0.017330 0.009995 0.314707
v 0.017355 0.010010 0.310828
v 0.017478 0.010080 0.307099
v 0.017729 0.010225 0.303570
v 0.018141 0.010463 0.300291
v 0.018745 0.010812 0.297308
v 0.019863 0.011457 0.292746
v 0.020773 0.011983 0.286890
v 0.021509 0.012408 0.279967
v 0.022105 0.012752 0.272190
v 0.022596 0.013036 0.263772
v 0.023018 0.013279 0.254927
v 0.023406 0.013503 0.245868
v 0.015967 0.015944 0.323596
v 0.013606 0.013593 0.370688
v 0.015876 0.015839 0.323305
v 0.015620 0.015597 0.323153
v 0.015317 0.015299 0.323085
v 0.014988 0.014970 0.323031
v 0.014668 0.014647 0.322953
v 0.014404 0.014374 0.322822
v 0.014241 0.014198 0.322646
v 0.014198 0.014151 0.318687
v 0.014166 0.014120 0.314707
v 0.014187 0.014141 0.310828
v 0.014287 0.014241 0.307098
v 0.014492 0.014446 0.303570
v 0.014828 0.014782 0.300291
v 0.015322 0.015276 0.297308
v 0.016235 0.016189 0.292745
v 0.016978 0.016932 0.286889
v 0.017568 0.017544 0.279966
v 0.018049 0.018037 0.272190
v 0.018451 0.018438 0.263772
v 0.018795 0.018783 0.254927
v 0.019112 0.019099 0.245868
v 0.011309 0.019523 0.323622
v 0.009642 0.016637 0.370688
v 0.012764 0.022092 0.272190
v 0.012420 0.021496 0.279964
v 0.013048 0.022584 0.263772
v 0.013292 0.023006 0.254927
v 0.013515 0.023393 0.245868
v 0.006610 0.024642 0.272190
v 0.006431 0.023977 0.279964
v 0.006756 0.025190 0.263772
v 0.006883 0.025661 0.254927
v 0.006998 0.026093 0.245868
v 0.000029 0.025510 0.272190
v 0.000029 0.024822 0.279964
v 0.000029 0.026077 0.263772
v 0.000029 0.026565 0.254926
v 0.000029 0.027012 0.245868
v 0.000029 -0.055052 0.011848
v 0.014252 -0.053178 0.011848
v 0.014348 -0.053537 0.186133
v 0.000029 -0.055424 0.186133
v 0.027528 -0.047679 0.011848
v 0.027714 -0.048001 0.186133
v 0.038928 -0.038931 0.011848
v 0.039191 -0.039194 0.186133
v 0.047676 -0.027531 0.011848
v 0.047998 -0.027717 0.186133
v 0.053175 -0.014255 0.011848
v 0.053534 -0.014351 0.186133
v 0.055051 -0.000008 0.011848
v 0.055423 -0.000008 0.186133
v 0.053175 0.014239 0.011848
v 0.053534 0.014335 0.186133
v 0.047676 0.027515 0.011848
v 0.047998 0.027701 0.186133
v 0.038928 0.038916 0.011848
v 0.039191 0.039179 0.186133
v 0.027528 0.047664 0.011848
v 0.027714 0.047986 0.186133
v 0.014275 0.053155 0.011848
v 0.014371 0.053514 0.186133
v -0.055039 -0.000008 0.010977
v -0.053164 -0.014254 0.010977
v -0.053527 -0.014352 0.187170
v -0.055415 -0.000008 0.187170
v -0.047665 -0.027530 0.010977
v -0.047991 -0.027718 0.187170
v -0.038917 -0.038930 0.010977
v -0.039183 -0.039196 0.187170
v -0.027537 -0.047664 0.010977
v -0.027725 -0.047990 0.187170
v -0.014265 0.053153 0.010977
v -0.027517 0.047662 0.010977
v -0.027705 0.047988 0.187170
v -0.014362 0.053516 0.187170
v -0.038917 0.038914 0.010977
v -0.039183 0.039180 0.187170
v -0.047665 0.027514 0.010977
v -0.047991 0.027702 0.187170
v -0.053164 0.014239 0.010977
v -0.053527 0.014336 0.187170
vn 0.1303 -0.9876 0.0874
vn 0.1304 -0.9885 0.0770
vn 0.2582 -0.9630 0.0777
vn 0.2579 -0.9621 0.0881
vn 0.1305 -0.9896 0.0606
vn 0.2584 -0.9641 0.0611
vn 0.1306 -0.9901 0.0517
vn 0.2586 -0.9646 0.0522
vn 0.1306 -0.9902 0.0489
vn 0.2586 -0.9647 0.0493
vn 0.4985 -0.8634 0.0777
vn 0.4981 -0.8626 0.0882
vn 0.4991 -0.8644 0.0611
vn 0.4993 -0.8648 0.0522
vn 0.4994 -0.8650 0.0493
vn 0.6077 -0.7910 0.0700
vn 0.7317 -0.6748 -0.0966
vn 0.7057 -0.7050 0.0706
vn 0.7050 -0.7050 0.0777
vn 0.7335 -0.6724 0.0991
vn 0.7058 -0.7058 0.0611
vn 0.7061 -0.7061 0.0522
vn 0.7062 -0.7062 0.0493
vn 0.8505 -0.4911 -0.1883
vn 0.8640 -0.4986 0.0705
vn 0.5573 -0.4278 -0.7116
vn 0.6046 -0.3493 -0.7159
vn 0.2281 -0.1750 -0.9578
vn 0.2481 -0.1433 -0.9581
vn 0.1101 -0.0845 -0.9903
vn 0.1193 -0.0688 -0.9905
vn 0.1127 -0.0865 -0.9899
vn 0.1221 -0.0705 -0.9900
vn 0.1940 -0.1488 -0.9697
vn 0.2105 -0.1215 -0.9700
vn 0.3612 -0.2771 -0.8903
vn 0.3934 -0.2271 -0.8909
vn 0.6945 -0.5326 -0.4838
vn 0.7585 -0.4378 -0.4828
vn 0.7935 -0.6085 -0.0135
vn 0.8660 -0.4998 -0.0136
vn 0.7935 -0.6085 -0.0017
vn 0.8661 -0.4999 -0.0018
vn 0.7933 -0.6084 0.0226
vn 0.8659 -0.4997 0.0228
vn 0.7921 -0.6074 0.0595
vn 0.8645 -0.4990 0.0600
vn 0.7885 -0.6047 0.1121
vn 0.8605 -0.4967 0.1130
vn 0.7798 -0.5980 0.1850
vn 0.8509 -0.4911 0.1865
vn 0.7686 -0.5895 0.2485
vn 0.8385 -0.4839 0.2505
vn 0.7737 -0.5934 0.2221
vn 0.8441 -0.4872 0.2239
vn 0.7848 -0.6019 0.1477
vn 0.8564 -0.4943 0.1489
vn 0.8613 -0.4972 0.1048
vn 0.8634 -0.4985 0.0776
vn 0.8644 -0.4991 0.0611
vn 0.8648 -0.4993 0.0522
vn 0.8650 -0.4994 0.0493
vn 0.9483 -0.2541 -0.1900
vn 0.9635 -0.2582 0.0705
vn 0.6731 -0.1804 -0.7172
vn 0.2767 -0.0742 -0.9581
vn 0.1330 -0.0356 -0.9905
vn 0.1361 -0.0365 -0.9900
vn 0.2347 -0.0629 -0.9700
vn 0.4388 -0.1176 -0.8909
vn 0.8459 -0.2267 -0.4828
vn 0.9658 -0.2588 -0.0136
vn 0.9659 -0.2588 -0.0018
vn 0.9657 -0.2588 0.0228
vn 0.9642 -0.2584 0.0600
vn 0.9597 -0.2572 0.1130
vn 0.9490 -0.2543 0.1865
vn 0.9351 -0.2506 0.2506
vn 0.9414 -0.2522 0.2239
vn 0.9551 -0.2559 0.1490
vn 0.9606 -0.2574 0.1048
vn 0.9630 -0.2580 0.0777
vn 0.9641 -0.2583 0.0611
vn 0.9646 -0.2585 0.0522
vn 0.9648 -0.2585 0.0493
vn 0.9818 -0.0000 -0.1900
vn 0.9975 -0.0000 0.0705
vn 0.6969 -0.0000 -0.7172
vn 0.2865 -0.0000 -0.9581
vn 0.1377 -0.0000 -0.9905
vn 0.1409 -0.0000 -0.9900
vn 0.2430 -0.0000 -0.9700
vn 0.4542 -0.0000 -0.8909
vn 0.8757 -0.0000 -0.4828
vn 0.9999 -0.0000 -0.0136
vn 1.0000 -0.0000 -0.0018
vn 0.9997 -0.0000 0.0228
vn 0.9982 -0.0000 0.0600
vn 0.9936 -0.0000 0.1130
vn 0.9825 -0.0000 0.1865
vn 0.9681 -0.0000 0.2506
vn 0.9746 -0.0000 0.2239
vn 0.9888 -0.0000 0.1490
vn 0.9945 -0.0000 0.1048
vn 0.9970 -0.0000 0.0777
vn 0.9981 -0.0000 0.0611
vn 0.9986 -0.0000 0.0522
vn 0.9988 -0.0000 0.0493
vn 0.9483 0.2541 -0.1900
vn 0.9635 0.2582 0.0705
vn 0.6731 0.1804 -0.7172
vn 0.2767 0.0742 -0.9581
vn 0.1330 0.0356 -0.9905
vn 0.1361 0.0365 -0.9900
vn 0.2347 0.0629 -0.9700
vn 0.4388 0.1176 -0.8909
vn 0.8459 0.2267 -0.4828
vn 0.9658 0.2588 -0.0136
vn 0.9659 0.2588 -0.0018
vn 0.9657 0.2588 0.0228
vn 0.9642 0.2584 0.0600
vn 0.9597 0.2572 0.1130
vn 0.9490 0.2543 0.1865
vn 0.9351 0.2506 0.2506
vn 0.9414 0.2522 0.2239
vn 0.9551 0.2559 0.1490
vn 0.9606 0.2574 0.1048
vn 0.9630 0.2580 0.0777
vn 0.9641 0.2583 0.0611
vn 0.9646 0.2585 0.0522
vn 0.9648 0.2585 0.0493
vn 0.8505 0.4911 -0.1883
vn 0.8640 0.4986 0.0705
vn 0.6046 0.3493 -0.7159
vn 0.2481 0.1433 -0.9581
vn 0.1193 0.0688 -0.9905
vn 0.1221 0.0705 -0.9900
vn 0.2105 0.1215 -0.9700
vn 0.3934 0.2271 -0.8909
vn 0.7585 0.4378 -0.4828
vn 0.8660 0.4998 -0.0136
vn 0.8661 0.4999 -0.0018
vn 0.8659 0.4997 0.0228
vn 0.8645 0.4990 0.0600
vn 0.8605 0.4967 0.1130
vn 0.8509 0.4911 0.1865
vn 0.8385 0.4839 0.2505
vn 0.8441 0.4872 0.2239
vn 0.8564 0.4943 0.1489
vn 0.8613 0.4972 0.1048
vn 0.8634 0.4985 0.0776
vn 0.8644 0.4991 0.0611
vn 0.8648 0.4993 0.0522
vn 0.8650 0.4994 0.0493
vn 0.7317 0.6748 -0.0966
vn 0.7057 0.7050 0.0706
vn 0.5573 0.4278 -0.7116
vn 0.2281 0.1750 -0.9578
vn 0.1101 0.0845 -0.9903
vn 0.1127 0.0865 -0.9899
vn 0.1940 0.1488 -0.9697
vn 0.3612 0.2771 -0.8903
vn 0.6945 0.5326 -0.4838
vn 0.7935 0.6085 -0.0135
vn 0.7935 0.6085 -0.0017
vn 0.7933 0.6084 0.0226
vn 0.7921 0.6074 0.0595
vn 0.7885 0.6047 0.1121
vn 0.7798 0.5980 0.1850
vn 0.7686 0.5895 0.2485
vn 0.7737 0.5934 0.2221
vn 0.7848 0.6019 0.1477
vn 0.7335 0.6724 0.0991
vn 0.7050 0.7050 0.0777
vn 0.7058 0.7058 0.0611
vn 0.7061 0.7061 0.0522
vn 0.7062 0.7062 0.0493
vn 0.6077 0.7910 0.0700
vn 0.4985 0.8634 0.0777
vn 0.4981 0.8626 0.0882
vn 0.4991 0.8644 0.0611
vn 0.4993 0.8648 0.0522
vn 0.4994 0.8650 0.0493
vn 0.2582 0.9630 0.0777
vn 0.2579 0.9621 0.0881
vn 0.2584 0.9641 0.0611
vn 0.2586 0.9646 0.0522
vn 0.2586 0.9647 0.0493
vn 0.1304 0.9885 0.0770
vn 0.1303 0.9876 0.0874
vn 0.1305 0.9896 0.0606
vn 0.1306 0.9901 0.0517
vn 0.1306 0.9902 0.0489
vn 0.1306 -0.9914 -0.0021
vn 0.2589 -0.9659 -0.0021
vn 0.5000 -0.8660 -0.0021
vn 0.7071 -0.7071 -0.0021
vn 0.8660 -0.5000 -0.0021
vn 0.9659 -0.2588 -0.0021
vn 1.0000 -0.0000 -0.0021
vn 0.9659 0.2588 -0.0021
vn 0.8660 0.5000 -0.0021
vn 0.7071 0.7071 -0.0021
vn 0.5000 0.8660 -0.0021
vn 0.3828 0.9238 -0.0021
vn -1.0000 -0.0000 -0.0021
vn -0.9659 -0.2588 -0.0021
vn -0.8660 -0.5000 -0.0021
vn -0.7071 -0.7071 -0.0021
vn -0.6088 -0.7933 -0.0021
vn -0.3828 0.9238 -0.0021
vn -0.5000 0.8660 -0.0021
vn -0.7071 0.7071 -0.0021
vn -0.8660 0.5000 -0.0021
vn -0.9659 0.2588 -0.0021
vt 0.158664 0.204821
vt 0.155184 0.186013
vt 0.172782 0.183598
vt 0.175741 0.202289
vt 0.151879 0.165977
vt 0.169856 0.163448
vt 0.148341 0.145514
vt 0.166542 0.142451
vt 0.143732 0.125442
vt 0.161992 0.121189
vt 0.190345 0.181303
vt 0.192796 0.200109
vt 0.187813 0.160918
vt 0.184811 0.139485
vt 0.180694 0.117568
vt 0.209827 0.425338
vt 0.199578 0.307228
vt 0.214916 0.306694
vt 0.222637 0.424944
vt 0.207886 0.179387
vt 0.209792 0.198377
vt 0.205841 0.158773
vt 0.203360 0.137044
vt 0.200013 0.114763
vt 0.230173 0.306313
vt 0.235333 0.424690
vt 0.215005 0.306607
vt 0.230226 0.306225
vt 0.215190 0.306331
vt 0.230340 0.305975
vt 0.215452 0.305810
vt 0.230502 0.305474
vt 0.215768 0.305138
vt 0.230699 0.304817
vt 0.216112 0.304433
vt 0.230916 0.304121
vt 0.216458 0.303793
vt 0.231140 0.303484
vt 0.216789 0.303244
vt 0.231368 0.302926
vt 0.217055 0.293470
vt 0.231518 0.293123
vt 0.217239 0.283741
vt 0.231596 0.283362
vt 0.217143 0.274214
vt 0.231533 0.273791
vt 0.216828 0.265057
vt 0.231316 0.264563
vt 0.216262 0.256394
vt 0.230952 0.255817
vt 0.215525 0.248353
vt 0.230481 0.247675
vt 0.214698 0.241014
vt 0.229951 0.240222
vt 0.213340 0.229616
vt 0.229081 0.228686
vt 0.211643 0.215267
vt 0.227975 0.214181
vt 0.226739 0.197129
vt 0.225431 0.177974
vt 0.223989 0.157187
vt 0.222221 0.135275
vt 0.219876 0.112805
vt 0.245383 0.306115
vt 0.247966 0.424565
vt 0.245408 0.306036
vt 0.245462 0.305790
vt 0.245539 0.305291
vt 0.245633 0.304632
vt 0.245739 0.303932
vt 0.245850 0.303286
vt 0.245963 0.302717
vt 0.246030 0.292896
vt 0.246059 0.283117
vt 0.246024 0.273523
vt 0.245915 0.264262
vt 0.245737 0.255473
vt 0.245507 0.247274
vt 0.245249 0.239756
vt 0.244824 0.228139
vt 0.244279 0.213538
vt 0.243660 0.196378
vt 0.242993 0.177116
vt 0.242248 0.156225
vt 0.241329 0.134216
vt 0.240124 0.111659
vt 0.260570 0.306053
vt 0.260570 0.424527
vt 0.260570 0.305977
vt 0.260570 0.305731
vt 0.260570 0.305231
vt 0.260570 0.304572
vt 0.260570 0.303869
vt 0.260570 0.303220
vt 0.260570 0.302645
vt 0.260570 0.292820
vt 0.260570 0.283035
vt 0.260570 0.273434
vt 0.260570 0.264163
vt 0.260570 0.255360
vt 0.260570 0.247145
vt 0.260570 0.239605
vt 0.260570 0.227959
vt 0.260570 0.213324
vt 0.260570 0.196129
vt 0.260569 0.176830
vt 0.260569 0.155903
vt 0.260569 0.133864
vt 0.260569 0.111283
vt 0.275756 0.306115
vt 0.273174 0.424565
vt 0.275732 0.306036
vt 0.275678 0.305791
vt 0.275601 0.305291
vt 0.275506 0.304632
vt 0.275401 0.303932
vt 0.275290 0.303287
vt 0.275176 0.302717
vt 0.275110 0.292897
vt 0.275080 0.283117
vt 0.275115 0.273523
vt 0.275224 0.264262
vt 0.275402 0.255473
vt 0.275632 0.247274
vt 0.275890 0.239756
vt 0.276315 0.228139
vt 0.276861 0.213537
vt 0.277480 0.196378
vt 0.278146 0.177116
vt 0.278892 0.156225
vt 0.279810 0.134216
vt 0.281015 0.111659
vt 0.290966 0.306313
vt 0.285807 0.424690
vt 0.290913 0.306225
vt 0.290799 0.305975
vt 0.290638 0.305474
vt 0.290441 0.304817
vt 0.290224 0.304121
vt 0.289999 0.303484
vt 0.289771 0.302926
vt 0.289622 0.293123
vt 0.289543 0.283362
vt 0.289607 0.273791
vt 0.289823 0.264563
vt 0.290187 0.255817
vt 0.290659 0.247674
vt 0.291188 0.240221
vt 0.292059 0.228685
vt 0.293164 0.214181
vt 0.294400 0.197129
vt 0.295708 0.177974
vt 0.297150 0.157187
vt 0.298918 0.135275
vt 0.301263 0.112805
vt 0.306224 0.306694
vt 0.298503 0.424944
vt 0.306135 0.306608
vt 0.305950 0.306331
vt 0.305688 0.305811
vt 0.305372 0.305139
vt 0.305028 0.304433
vt 0.304681 0.303794
vt 0.304350 0.303244
vt 0.304085 0.293470
vt 0.303900 0.283741
vt 0.303996 0.274214
vt 0.304311 0.265057
vt 0.304877 0.256394
vt 0.305614 0.248352
vt 0.306442 0.241014
vt 0.307800 0.229616
vt 0.309497 0.215267
vt 0.311348 0.198376
vt 0.313253 0.179386
vt 0.315298 0.158773
vt 0.317779 0.137044
vt 0.321126 0.114763
vt 0.321562 0.307228
vt 0.311313 0.425338
vt 0.330794 0.181303
vt 0.328344 0.200109
vt 0.333327 0.160918
vt 0.336328 0.139485
vt 0.340445 0.117568
vt 0.348358 0.183597
vt 0.345399 0.202289
vt 0.351283 0.163448
vt 0.354597 0.142451
vt 0.359147 0.121189
vt 0.365956 0.186012
vt 0.362475 0.204821
vt 0.369261 0.165977
vt 0.372799 0.145514
vt 0.377407 0.125442
vt 0.024073 0.496540
vt 0.069436 0.495492
vt 0.071010 0.976021
vt 0.027325 0.977664
vt 0.113889 0.491768
vt 0.114476 0.974015
vt 0.157810 0.491531
vt 0.158142 0.972484
vt 0.201696 0.490329
vt 0.201742 0.971375
vt 0.247324 0.490948
vt 0.245055 0.970814
vt 0.290184 0.492980
vt 0.288021 0.970729
vt 0.335907 0.490948
vt 0.331132 0.970814
vt 0.378667 0.490329
vt 0.374300 0.971375
vt 0.422551 0.491531
vt 0.417900 0.972484
vt 0.466473 0.491768
vt 0.461566 0.974015
vt 0.510925 0.495493
vt 0.505031 0.976021
vt 0.768159 0.240777
vt 0.810456 0.241514
vt 0.809876 0.955804
vt 0.768159 0.954990
vt 0.852700 0.243731
vt 0.851748 0.958239
vt 0.894782 0.247463
vt 0.893981 0.962170
vt 0.937001 0.251306
vt 0.936370 0.967244
vt 0.556773 0.256188
vt 0.599317 0.251305
vt 0.599947 0.967243
vt 0.557495 0.972796
vt 0.641535 0.247462
vt 0.642336 0.962169
vt 0.683617 0.243729
vt 0.684569 0.958238
vt 0.725862 0.241514
vt 0.726441 0.955804
s 1
usemtl 01_-_Default
f 1321/1322/1321 1322/1323/1322 1323/1324/1323 1324/1325/1324
f 1322/1323/1322 1325/1326/1325 1326/1327/1326 1323/1324/1323
f 1325/1326/1325 1327/1328/1327 1328/1329/1328 1326/1327/1326
f 1327/1328/1327 1329/1330/1329 1330/1331/1330 1328/1329/1328
f 1324/1325/1324 1323/1324/1323 1331/1332/1331 1332/1333/1332
f 1323/1324/1323 1326/1327/1326 1333/1334/1333 1331/1332/1331
f 1326/1327/1326 1328/1329/1328 1334/1335/1334 1333/1334/1333
f 1328/1329/1328 1330/1331/1330 1335/1336/1335 1334/1335/1334
f 1336/1337/1336 1337/1338/1336 1338/1339/1337 1339/1340/1338
f 1332/1333/1332 1331/1332/1331 1340/1341/1339 1341/1342/1340
f 1331/1332/1331 1333/1334/1333 1342/1343/1341 1340/1341/1339
f 1333/1334/1333 1334/1335/1334 1343/1344/1342 1342/1343/1341
f 1334/1335/1334 1335/1336/1335 1344/1345/1343 1343/1344/1342
f 1339/1340/1338 1338/1339/1337 1345/1346/1344 1346/1347/1345
f 1338/1339/1337 1347/1348/1346 1348/1349/1347 1345/1346/1344
f 1347/1348/1346 1349/1350/1348 1350/1351/1349 1348/1349/1347
f 1349/1350/1348 1351/1352/1350 1352/1353/1351 1350/1351/1349
f 1351/1352/1350 1353/1354/1352 1354/1355/1353 1352/1353/1351
f 1353/1354/1352 1355/1356/1354 1356/1357/1355 1354/1355/1353
f 1355/1356/1354 1357/1358/1356 1358/1359/1357 1356/1357/1355
f 1357/1358/1356 1359/1360/1358 1360/1361/1359 1358/1359/1357
f 1359/1360/1358 1361/1362/1360 1362/1363/1361 1360/1361/1359
f 1361/1362/1360 1363/1364/1362 1364/1365/1363 1362/1363/1361
f 1363/1364/1362 1365/1366/1364 1366/1367/1365 1364/1365/1363
f 1365/1366/1364 1367/1368/1366 1368/1369/1367 1366/1367/1365
f 1367/1368/1366 1369/1370/1368 1370/1371/1369 1368/1369/1367
f 1369/1370/1368 1371/1372/1370 1372/1373/1371 1370/1371/1369
f 1371/1372/1370 1373/1374/1372 1374/1375/1373 1372/1373/1371
f 1373/1374/1372 1375/1376/1374 1376/1377/1375 1374/1375/1373
f 1375/1376/1374 1377/1378/1376 1378/1379/1377 1376/1377/1375
f 1377/1378/1376 1341/1342/1340 1379/1380/1378 1378/1379/1377
f 1341/1342/1340 1340/1341/1339 1380/1381/1379 1379/1380/1378
f 1340/1341/1339 1342/1343/1341 1381/1382/1380 1380/1381/1379
f 1342/1343/1341 1343/1344/1342 1382/1383/1381 1381/1382/1380
f 1343/1344/1342 1344/1345/1343 1383/1384/1382 1382/1383/1381
f 1346/1347/1345 1345/1346/1344 1384/1385/1383 1385/1386/1384
f 1345/1346/1344 1348/1349/1347 1386/1387/1385 1384/1385/1383
f 1348/1349/1347 1350/1351/1349 1387/1388/1386 1386/1387/1385
f 1350/1351/1349 1352/1353/1351 1388/1389/1387 1387/1388/1386
f 1352/1353/1351 1354/1355/1353 1389/1390/1388 1388/1389/1387
f 1354/1355/1353 1356/1357/1355 1390/1391/1389 1389/1390/1388
f 1356/1357/1355 1358/1359/1357 1391/1392/1390 1390/1391/1389
f 1358/1359/1357 1360/1361/1359 1392/1393/1391 1391/1392/1390
f 1360/1361/1359 1362/1363/1361 1393/1394/1392 1392/1393/1391
f 1362/1363/1361 1364/1365/1363 1394/1395/1393 1393/1394/1392
f 1364/1365/1363 1366/1367/1365 1395/1396/1394 1394/1395/1393
f 1366/1367/1365 1368/1369/1367 1396/1397/1395 1395/1396/1394
f 1368/1369/1367 1370/1371/1369 1397/1398/1396 1396/1397/1395
f 1370/1371/1369 1372/1373/1371 1398/1399/1397 1397/1398/1396
f 1372/1373/1371 1374/1375/1373 1399/1400/1398 1398/1399/1397
f 1374/1375/1373 1376/1377/1375 1400/1401/1399 1399/1400/1398
f 1376/1377/1375 1378/1379/1377 1401/1402/1400 1400/1401/1399
f 1378/1379/1377 1379/1380/1378 1402/1403/1401 1401/1402/1400
f 1379/1380/1378 1380/1381/1379 1403/1404/1402 1402/1403/1401
f 1380/1381/1379 1381/1382/1380 1404/1405/1403 1403/1404/1402
f 1381/1382/1380 1382/1383/1381 1405/1406/1404 1404/1405/1403
f 1382/1383/1381 1383/1384/1382 1406/1407/1405 1405/1406/1404
f 1385/1386/1384 1384/1385/1383 1407/1408/1406 1408/1409/1407
f 1384/1385/1383 1386/1387/1385 1409/1410/1408 1407/1408/1406
f 1386/1387/1385 1387/1388/1386 1410/1411/1409 1409/1410/1408
f 1387/1388/1386 1388/1389/1387 1411/1412/1410 1410/1411/1409
f 1388/1389/1387 1389/1390/1388 1412/1413/1411 1411/1412/1410
f 1389/1390/1388 1390/1391/1389 1413/1414/1412 1412/1413/1411
f 1390/1391/1389 1391/1392/1390 1414/1415/1413 1413/1414/1412
f 1391/1392/1390 1392/1393/1391 1415/1416/1414 1414/1415/1413
f 1392/1393/1391 1393/1394/1392 1416/1417/1415 1415/1416/1414
f 1393/1394/1392 1394/1395/1393 1417/1418/1416 1416/1417/1415
f 1394/1395/1393 1395/1396/1394 1418/1419/1417 1417/1418/1416
f 1395/1396/1394 1396/1397/1395 1419/1420/1418 1418/1419/1417
f 1396/1397/1395 1397/1398/1396 1420/1421/1419 1419/1420/1418
f 1397/1398/1396 1398/1399/1397 1421/1422/1420 1420/1421/1419
f 1398/1399/1397 1399/1400/1398 1422/1423/1421 1421/1422/1420
f 1399/1400/1398 1400/1401/1399 1423/1424/1422 1422/1423/1421
f 1400/1401/1399 1401/1402/1400 1424/1425/1423 1423/1424/1422
f 1401/1402/1400 1402/1403/1401 1425/1426/1424 1424/1425/1423
f 1402/1403/1401 1403/1404/1402 1426/1427/1425 1425/1426/1424
f 1403/1404/1402 1404/1405/1403 1427/1428/1426 1426/1427/1425
f 1404/1405/1403 1405/1406/1404 1428/1429/1427 1427/1428/1426
f 1405/1406/1404 1406/1407/1405 1429/1430/1428 1428/1429/1427
f 1408/1409/1407 1407/1408/1406 1430/1431/1429 1431/1432/1430
f 1407/1408/1406 1409/1410/1408 1432/1433/1431 1430/1431/1429
f 1409/1410/1408 1410/1411/1409 1433/1434/1432 1432/1433/1431
f 1410/1411/1409 1411/1412/1410 1434/1435/1433 1433/1434/1432
f 1411/1412/1410 1412/1413/1411 1435/1436/1434 1434/1435/1433
f 1412/1413/1411 1413/1414/1412 1436/1437/1435 1435/1436/1434
f 1413/1414/1412 1414/1415/1413 1437/1438/1436 1436/1437/1435
f 1414/1415/1413 1415/1416/1414 1438/1439/1437 1437/1438/1436
f 1415/1416/1414 1416/1417/1415 1439/1440/1438 1438/1439/1437
f 1416/1417/1415 1417/1418/1416 1440/1441/1439 1439/1440/1438
f 1417/1418/1416 1418/1419/1417 1441/1442/1440 1440/1441/1439
f 1418/1419/1417 1419/1420/1418 1442/1443/1441 1441/1442/1440
f 1419/1420/1418 1420/1421/1419 1443/1444/1442 1442/1443/1441
f 1420/1421/1419 1421/1422/1420 1444/1445/1443 1443/1444/1442
f 1421/1422/1420 1422/1423/1421 1445/1446/1444 1444/1445/1443
f 1422/1423/1421 1423/1424/1422 1446/1447/1445 1445/1446/1444
f 1423/1424/1422 1424/1425/1423 1447/1448/1446 1446/1447/1445
f 1424/1425/1423 1425/1426/1424 1448/1449/1447 1447/1448/1446
f 1425/1426/1424 1426/1427/1425 1449/1450/1448 1448/1449/1447
f 1426/1427/1425 1427/1428/1426 1450/1451/1449 1449/1450/1448
f 1427/1428/1426 1428/1429/1427 1451/1452/1450 1450/1451/1449
f 1428/1429/1427 1429/1430/1428 1452/1453/1451 1451/1452/1450
f 1431/1432/1430 1430/1431/1429 1453/1454/1452 1454/1455/1453
f 1430/1431/1429 1432/1433/1431 1455/1456/1454 1453/1454/1452
f 1432/1433/1431 1433/1434/1432 1456/1457/1455 1455/1456/1454
f 1433/1434/1432 1434/1435/1433 1457/1458/1456 1456/1457/1455
f 1434/1435/1433 1435/1436/1434 1458/1459/1457 1457/1458/1456
f 1435/1436/1434 1436/1437/1435 1459/1460/1458 1458/1459/1457
f 1436/1437/1435 1437/1438/1436 1460/1461/1459 1459/1460/1458
f 1437/1438/1436 1438/1439/1437 1461/1462/1460 1460/1461/1459
f 1438/1439/1437 1439/1440/1438 1462/1463/1461 1461/1462/1460
f 1439/1440/1438 1440/1441/1439 1463/1464/1462 1462/1463/1461
f 1440/1441/1439 1441/1442/1440 1464/1465/1463 1463/1464/1462
f 1441/1442/1440 1442/1443/1441 1465/1466/1464 1464/1465/1463
f 1442/1443/1441 1443/1444/1442 1466/1467/1465 1465/1466/1464
f 1443/1444/1442 1444/1445/1443 1467/1468/1466 1466/1467/1465
f 1444/1445/1443 1445/1446/1444 1468/1469/1467 1467/1468/1466
f 1445/1446/1444 1446/1447/1445 1469/1470/1468 1468/1469/1467
f 1446/1447/1445 1447/1448/1446 1470/1471/1469 1469/1470/1468
f 1447/1448/1446 1448/1449/1447 1471/1472/1470 1470/1471/1469
f 1448/1449/1447 1449/1450/1448 1472/1473/1471 1471/1472/1470
f 1449/1450/1448 1450/1451/1449 1473/1474/1472 1472/1473/1471
f 1450/1451/1449 1451/1452/1450 1474/1475/1473 1473/1474/1472
f 1451/1452/1450 1452/1453/1451 1475/1476/1474 1474/1475/1473
f 1454/1455/1453 1453/1454/1452 1476/1477/1475 1477/1478/1476
f 1453/1454/1452 1455/1456/1454 1478/1479/1477 1476/1477/1475
f 1455/1456/1454 1456/1457/1455 1479/1480/1478 1478/1479/1477
f 1456/1457/1455 1457/1458/1456 1480/1481/1479 1479/1480/1478
f 1457/1458/1456 1458/1459/1457 1481/1482/1480 1480/1481/1479
f 1458/1459/1457 1459/1460/1458 1482/1483/1481 1481/1482/1480
f 1459/1460/1458 1460/1461/1459 1483/1484/1482 1482/1483/1481
f 1460/1461/1459 1461/1462/1460 1484/1485/1483 1483/1484/1482
f 1461/1462/1460 1462/1463/1461 1485/1486/1484 1484/1485/1483
f 1462/1463/1461 1463/1464/1462 1486/1487/1485 1485/1486/1484
f 1463/1464/1462 1464/1465/1463 1487/1488/1486 1486/1487/1485
f 1464/1465/1463 1465/1466/1464 1488/1489/1487 1487/1488/1486
f 1465/1466/1464 1466/1467/1465 1489/1490/1488 1488/1489/1487
f 1466/1467/1465 1467/1468/1466 1490/1491/1489 1489/1490/1488
f 1467/1468/1466 1468/1469/1467 1491/1492/1490 1490/1491/1489
f 1468/1469/1467 1469/1470/1468 1492/1493/1491 1491/1492/1490
f 1469/1470/1468 1470/1471/1469 1493/1494/1492 1492/1493/1491
f 1470/1471/1469 1471/1472/1470 1494/1495/1493 1493/1494/1492
f 1471/1472/1470 1472/1473/1471 1495/1496/1494 1494/1495/1493
f 1472/1473/1471 1473/1474/1472 1496/1497/1495 1495/1496/1494
f 1473/1474/1472 1474/1475/1473 1497/1498/1496 1496/1497/1495
f 1474/1475/1473 1475/1476/1474 1498/1499/1497 1497/1498/1496
f 1477/1478/1476 1476/1477/1475 1499/1500/1498 1500/1501/1498
f 1494/1495/1493 1495/1496/1494 1501/1502/1499 1502/1503/1500
f 1495/1496/1494 1496/1497/1495 1503/1504/1501 1501/1502/1499
f 1496/1497/1495 1497/1498/1496 1504/1505/1502 1503/1504/1501
f 1497/1498/1496 1498/1499/1497 1505/1506/1503 1504/1505/1502
f 1502/1503/1500 1501/1502/1499 1506/1507/1504 1507/1508/1505
f 1501/1502/1499 1503/1504/1501 1508/1509/1506 1506/1507/1504
f 1503/1504/1501 1504/1505/1502 1509/1510/1507 1508/1509/1506
f 1504/1505/1502 1505/1506/1503 1510/1511/1508 1509/1510/1507
f 1507/1508/1505 1506/1507/1504 1511/1512/1509 1512/1513/1510
f 1506/1507/1504 1508/1509/1506 1513/1514/1511 1511/1512/1509
f 1508/1509/1506 1509/1510/1507 1514/1515/1512 1513/1514/1511
f 1509/1510/1507 1510/1511/1508 1515/1516/1513 1514/1515/1512
s 2
f 1516/1517/1514 1517/1518/1515 1518/1519/1515 1519/1520/1514
f 1517/1518/1515 1520/1521/1516 1521/1522/1516 1518/1519/1515
f 1520/1521/1516 1522/1523/1517 1523/1524/1517 1521/1522/1516
f 1522/1523/1517 1524/1525/1518 1525/1526/1518 1523/1524/1517
f 1524/1525/1518 1526/1527/1519 1527/1528/1519 1525/1526/1518
f 1526/1527/1519 1528/1529/1520 1529/1530/1520 1527/1528/1519
f 1528/1529/1520 1530/1531/1521 1531/1532/1521 1529/1530/1520
f 1530/1531/1521 1532/1533/1522 1533/1534/1522 1531/1532/1521
f 1532/1533/1522 1534/1535/1523 1535/1536/1523 1533/1534/1522
f 1534/1535/1523 1536/1537/1524 1537/1538/1524 1535/1536/1523
f 1536/1537/1524 1538/1539/1525 1539/1540/1525 1537/1538/1524
s 3
f 1540/1541/1526 1541/1542/1527 1542/1543/1527 1543/1544/1526
f 1541/1542/1527 1544/1545/1528 1545/1546/1528 1542/1543/1527
f 1544/1545/1528 1546/1547/1529 1547/1548/1529 1545/1546/1528
f 1546/1547/1529 1548/1549/1530 1549/1550/1530 1547/1548/1529
f 1550/1551/1531 1551/1552/1532 1552/1553/1532 1553/1554/1531
f 1551/1552/1532 1554/1555/1533 1555/1556/1533 1552/1553/1532
f 1554/1555/1533 1556/1557/1534 1557/1558/1534 1555/1556/1533
f 1556/1557/1534 1558/1559/1535 1559/1560/1535 1557/1558/1534
f 1558/1559/1535 1540/1541/1526 1543/1544/1526 1559/1560/1535
o Cylinder001
v 0.000226 0.016574 0.372826
v -0.005428 0.015577 0.372826
v -0.006413 0.018282 0.377880
v 0.000226 0.019452 0.377880
v -0.010400 0.012706 0.372826
v -0.012250 0.014912 0.377880
v -0.014090 0.008308 0.372826
v -0.016583 0.009748 0.377880
v -0.016054 0.002913 0.372826
v -0.018889 0.003413 0.377880
v -0.016054 -0.002828 0.372826
v -0.018889 -0.003327 0.377880
v -0.014090 -0.008222 0.372826
v -0.016583 -0.009662 0.377880
v -0.010400 -0.012620 0.372826
v -0.012250 -0.014826 0.377880
v -0.005428 -0.015491 0.372826
v -0.006413 -0.018196 0.377880
v 0.000226 -0.016488 0.372826
v 0.000226 -0.019367 0.377880
v 0.005880 -0.015491 0.372826
v 0.006864 -0.018196 0.377880
v 0.010852 -0.012620 0.372826
v 0.012702 -0.014826 0.377880
v 0.014542 -0.008222 0.372826
v 0.017035 -0.009662 0.377880
v 0.016505 -0.002828 0.372826
v 0.019340 -0.003327 0.377880
v 0.016505 0.002913 0.372826
v 0.019340 0.003413 0.377880
v 0.014542 0.008308 0.372826
v 0.017035 0.009748 0.377880
v 0.010852 0.012706 0.372826
v 0.012702 0.014912 0.377880
v 0.005880 0.015577 0.372826
v 0.006864 0.018282 0.377880
v -0.006991 0.019870 0.383658
v 0.000226 0.021143 0.383658
v -0.013337 0.016206 0.383658
v -0.018047 0.010593 0.383658
v -0.020553 0.003707 0.383658
v -0.020553 -0.003621 0.383658
v -0.018047 -0.010507 0.383658
v -0.013337 -0.016120 0.383658
v -0.006991 -0.019784 0.383658
v 0.000226 -0.021057 0.383658
v 0.007442 -0.019784 0.383658
v 0.013788 -0.016120 0.383658
v 0.018499 -0.010507 0.383658
v 0.021005 -0.003621 0.383658
v 0.021005 0.003707 0.383658
v 0.018499 0.010593 0.383658
v 0.013788 0.016206 0.383658
v 0.007442 0.019870 0.383658
v -0.007270 0.020637 0.389584
v 0.000226 0.021959 0.389584
v -0.013862 0.016832 0.389584
v -0.018754 0.011001 0.389584
v -0.021357 0.003849 0.389584
v -0.021357 -0.003763 0.389584
v -0.018754 -0.010915 0.389584
v -0.013862 -0.016746 0.389584
v -0.007270 -0.020551 0.389584
v 0.000226 -0.021873 0.389584
v 0.007722 -0.020551 0.389584
v 0.014313 -0.016746 0.389584
v 0.019206 -0.010915 0.389584
v 0.021809 -0.003763 0.389584
v 0.021809 0.003849 0.389584
v 0.019206 0.011001 0.389584
v 0.014313 0.016832 0.389584
v 0.007722 0.020637 0.389584
v 0.009127 0.010652 0.372166
v 0.012219 0.006967 0.372166
v 0.013864 0.002448 0.372166
v 0.013864 -0.002362 0.372166
v 0.012219 -0.006881 0.372166
v 0.009127 -0.010566 0.372166
v 0.004962 -0.012970 0.372166
v 0.000226 -0.013806 0.372166
v -0.004511 -0.012970 0.372166
v -0.008676 -0.010566 0.372166
v -0.011767 -0.006881 0.372166
v -0.013412 -0.002362 0.372166
v -0.013412 0.002448 0.372166
v -0.011767 0.006967 0.372166
v -0.008676 0.010652 0.372166
v -0.004511 0.013056 0.372166
v 0.000226 0.013892 0.372166
v 0.004962 0.013056 0.372166
v -0.002100 0.006434 0.392139
v -0.004146 0.005253 0.392139
v -0.005665 0.003444 0.392139
v -0.006472 0.001224 0.392139
v -0.006472 -0.001138 0.392139
v -0.005665 -0.003358 0.392139
v -0.004146 -0.005167 0.392139
v -0.002100 -0.006348 0.392139
v 0.000226 -0.006759 0.392139
v 0.002552 -0.006348 0.392139
v 0.004598 -0.005167 0.392139
v 0.006116 -0.003358 0.392139
v 0.006924 -0.001138 0.392139
v 0.006924 0.001224 0.392139
v 0.006116 0.003444 0.392139
v 0.004598 0.005253 0.392139
v 0.002552 0.006434 0.392139
v 0.000226 0.006845 0.392139
v -0.007077 0.020107 0.390917
v 0.000226 0.021395 0.390917
v -0.013499 0.016400 0.390917
v -0.018266 0.010719 0.390917
v -0.020802 0.003751 0.390917
v -0.020802 -0.003665 0.390917
v -0.018266 -0.010633 0.390917
v -0.013499 -0.016314 0.390917
v -0.007077 -0.020022 0.390917
v 0.000226 -0.021309 0.390917
v 0.007529 -0.020022 0.390917
v 0.013951 -0.016314 0.390917
v 0.018717 -0.010633 0.390917
v 0.021254 -0.003665 0.390917
v 0.021254 0.003751 0.390917
v 0.018717 0.010719 0.390917
v 0.013951 0.016400 0.390917
v 0.007529 0.020107 0.390917
v -0.005457 0.015656 0.391584
v 0.000226 0.016658 0.391584
v -0.010454 0.012771 0.391584
v -0.014163 0.008350 0.391584
v -0.016137 0.002928 0.391584
v -0.016137 -0.002842 0.391584
v -0.014163 -0.008264 0.391584
v -0.010454 -0.012685 0.391584
v -0.005457 -0.015570 0.391584
v 0.000226 -0.016572 0.391584
v 0.005908 -0.015570 0.391584
v 0.010906 -0.012685 0.391584
v 0.014615 -0.008264 0.391584
v 0.016588 -0.002842 0.391584
v 0.016588 0.002928 0.391584
v 0.014615 0.008350 0.391584
v 0.010906 0.012771 0.391584
v 0.005908 0.015656 0.391584
v 0.000226 0.019603 0.369661
v -0.006464 0.018423 0.369661
v -0.006826 0.019418 0.370419
v 0.000226 0.020662 0.370419
v -0.012347 0.015027 0.369661
v -0.013028 0.015838 0.370419
v -0.016713 0.009823 0.369661
v -0.017631 0.010352 0.370419
v -0.019037 0.003439 0.369661
v -0.020080 0.003623 0.370419
v -0.019037 -0.003354 0.369661
v -0.020080 -0.003537 0.370419
v -0.016713 -0.009737 0.369661
v -0.017631 -0.010266 0.370419
v -0.012347 -0.014941 0.369661
v -0.013028 -0.015752 0.370419
v -0.006464 -0.018337 0.369661
v -0.006826 -0.019332 0.370419
v 0.000226 -0.019517 0.369661
v 0.000226 -0.020576 0.370419
v 0.006916 -0.018337 0.369661
v 0.007278 -0.019332 0.370419
v 0.012799 -0.014941 0.369661
v 0.013479 -0.015752 0.370419
v 0.017165 -0.009737 0.369661
v 0.018082 -0.010266 0.370419
v 0.019488 -0.003354 0.369661
v 0.020531 -0.003537 0.370419
v 0.019488 0.003439 0.369661
v 0.020531 0.003623 0.370419
v 0.017165 0.009823 0.369661
v 0.018082 0.010352 0.370419
v 0.012799 0.015027 0.369661
v 0.013479 0.015838 0.370419
v 0.006916 0.018423 0.369661
v 0.007278 0.019418 0.370419
v -0.007017 0.019941 0.371177
v 0.000226 0.021218 0.371177
v -0.013385 0.016264 0.371177
v -0.018113 0.010631 0.371177
v -0.020628 0.003720 0.371177
v -0.020628 -0.003634 0.371177
v -0.018113 -0.010545 0.371177
v -0.013385 -0.016178 0.371177
v -0.007017 -0.019855 0.371177
v 0.000226 -0.021132 0.371177
v 0.007468 -0.019855 0.371177
v 0.013837 -0.016178 0.371177
v 0.018564 -0.010545 0.371177
v 0.021079 -0.003634 0.371177
v 0.021079 0.003720 0.371177
v 0.018564 0.010631 0.371177
v 0.013837 0.016264 0.371177
v 0.007468 0.019941 0.371177
v -0.007017 0.019941 0.371935
v 0.000226 0.021218 0.371935
v -0.013385 0.016264 0.371935
v -0.018113 0.010631 0.371935
v -0.020628 0.003720 0.371935
v -0.020628 -0.003634 0.371935
v -0.018113 -0.010545 0.371935
v -0.013385 -0.016178 0.371935
v -0.007017 -0.019855 0.371935
v 0.000226 -0.021132 0.371935
v 0.007468 -0.019855 0.371935
v 0.013837 -0.016178 0.371935
v 0.018564 -0.010545 0.371935
v 0.021079 -0.003634 0.371935
v 0.021079 0.003720 0.371935
v 0.018564 0.010631 0.371935
v 0.013837 0.016264 0.371935
v 0.007468 0.019941 0.371935
v -0.006826 0.019418 0.372693
v 0.000226 0.020662 0.372693
v -0.013028 0.015838 0.372693
v -0.017631 0.010352 0.372693
v -0.020080 0.003623 0.372693
v -0.020080 -0.003537 0.372693
v -0.017631 -0.010266 0.372693
v -0.013028 -0.015752 0.372693
v -0.006826 -0.019332 0.372693
v 0.000226 -0.020576 0.372693
v 0.007278 -0.019332 0.372693
v 0.013479 -0.015752 0.372693
v 0.018082 -0.010266 0.372693
v 0.020531 -0.003537 0.372693
v 0.020531 0.003623 0.372693
v 0.018082 0.010352 0.372693
v 0.013479 0.015838 0.372693
v 0.007278 0.019418 0.372693
v -0.006464 0.018423 0.373451
v 0.000226 0.019603 0.373451
v -0.012347 0.015027 0.373451
v -0.016713 0.009823 0.373451
v -0.019037 0.003439 0.373451
v -0.019037 -0.003354 0.373451
v -0.016713 -0.009737 0.373451
v -0.012347 -0.014941 0.373451
v -0.006464 -0.018337 0.373451
v 0.000226 -0.019517 0.373451
v 0.006916 -0.018337 0.373451
v 0.012799 -0.014941 0.373451
v 0.017165 -0.009737 0.373451
v 0.019488 -0.003354 0.373451
v 0.019488 0.003439 0.373451
v 0.017165 0.009823 0.373451
v 0.012799 0.015027 0.373451
v 0.006916 0.018423 0.373451
v -0.002290 -0.020045 0.333831
v -0.002952 -0.019939 0.333906
v -0.002831 -0.019166 0.333624
v -0.002177 -0.019320 0.333567
v -0.001647 -0.020098 0.333924
v -0.001539 -0.019400 0.333670
v -0.001052 -0.020099 0.334168
v -0.000945 -0.019408 0.333917
v -0.000535 -0.020048 0.334547
v -0.000425 -0.019345 0.334292
v -0.000125 -0.019948 0.335045
v -0.000010 -0.019213 0.334777
v 0.000148 -0.019800 0.335644
v 0.000271 -0.019014 0.335356
v 0.000249 -0.019617 0.336286
v 0.000383 -0.018765 0.335972
v 0.000175 -0.019419 0.336904
v 0.000322 -0.018494 0.336562
v -0.000058 -0.019217 0.337471
v 0.000102 -0.018215 0.337099
v -0.000433 -0.019021 0.337957
v -0.000260 -0.017943 0.337556
v -0.000934 -0.018843 0.338336
v -0.000749 -0.017693 0.337906
v -0.001546 -0.018692 0.338578
v -0.001350 -0.017479 0.338124
v -0.002207 -0.018585 0.338654
v -0.002004 -0.017325 0.338182
v -0.002851 -0.018532 0.338561
v -0.002643 -0.017245 0.338078
v -0.003446 -0.018532 0.338317
v -0.003237 -0.017238 0.337831
v -0.003963 -0.018582 0.337937
v -0.003756 -0.017300 0.337457
v -0.004373 -0.018682 0.337440
v -0.004171 -0.017432 0.336972
v -0.004645 -0.018831 0.336841
v -0.004452 -0.017631 0.336392
v -0.004747 -0.019014 0.336199
v -0.004565 -0.017880 0.335776
v -0.004673 -0.019212 0.335580
v -0.004503 -0.018151 0.335186
v -0.004440 -0.019414 0.335014
v -0.004284 -0.018430 0.334650
v -0.004065 -0.019609 0.334527
v -0.003921 -0.018702 0.334193
v -0.003564 -0.019788 0.334149
v -0.003432 -0.018953 0.333842
v -0.002359 -0.020764 0.334000
v -0.003025 -0.020706 0.334087
v -0.001713 -0.020792 0.334087
v -0.001118 -0.020791 0.334331
v -0.000602 -0.020761 0.334715
v -0.000197 -0.020703 0.335223
v 0.000070 -0.020619 0.335837
v 0.000163 -0.020515 0.336498
v 0.000081 -0.020403 0.337137
v -0.000160 -0.020290 0.337725
v -0.000544 -0.020181 0.338232
v -0.001053 -0.020081 0.338630
v -0.001671 -0.019997 0.338888
v -0.002337 -0.019939 0.338975
v -0.002983 -0.019911 0.338888
v -0.003578 -0.019913 0.338644
v -0.004093 -0.019943 0.338260
v -0.004499 -0.020000 0.337752
v -0.004765 -0.020085 0.337138
v -0.004859 -0.020189 0.336477
v -0.004777 -0.020300 0.335838
v -0.004535 -0.020414 0.335250
v -0.004152 -0.020523 0.334743
v -0.003643 -0.020623 0.334345
v -0.002380 -0.021385 0.334051
v -0.003049 -0.021381 0.334143
v -0.001734 -0.021388 0.334136
v -0.001138 -0.021391 0.334381
v -0.000624 -0.021393 0.334768
v -0.000221 -0.021394 0.335281
v 0.000042 -0.021394 0.335904
v 0.000132 -0.021394 0.336575
v 0.000045 -0.021392 0.337224
v -0.000200 -0.021390 0.337822
v -0.000587 -0.021387 0.338339
v -0.001100 -0.021383 0.338746
v -0.001721 -0.021380 0.339012
v -0.002390 -0.021376 0.339104
v -0.003036 -0.021373 0.339019
v -0.003631 -0.021370 0.338775
v -0.004145 -0.021368 0.338387
v -0.004549 -0.021367 0.337874
v -0.004812 -0.021367 0.337251
v -0.004901 -0.021367 0.336580
v -0.004815 -0.021369 0.335931
v -0.004570 -0.021371 0.335333
v -0.004182 -0.021374 0.334816
v -0.003670 -0.021378 0.334409
v -0.002366 -0.021820 0.334044
v -0.002995 -0.021864 0.334154
v -0.001720 -0.021797 0.334131
v -0.001125 -0.021799 0.334334
v -0.000610 -0.021849 0.334717
v -0.000205 -0.021933 0.335223
v 0.000061 -0.022050 0.335836
v 0.000154 -0.022188 0.336494
v 0.000072 -0.022332 0.337130
v -0.000170 -0.022476 0.337715
v -0.000554 -0.022611 0.338220
v -0.001063 -0.022731 0.338615
v -0.001682 -0.022828 0.338872
v -0.002348 -0.022890 0.338957
v -0.002994 -0.022913 0.338870
v -0.003589 -0.022899 0.338627
v -0.004105 -0.022849 0.338244
v -0.004510 -0.022765 0.337737
v -0.004776 -0.022649 0.337125
v -0.004869 -0.022511 0.336467
v -0.004787 -0.022367 0.335831
v -0.004545 -0.022223 0.335246
v -0.004161 -0.022087 0.334741
v -0.003610 -0.021960 0.334415
v -0.000167 -0.025683 0.329305
v -0.000758 -0.025551 0.328993
v -0.001606 -0.022388 0.334029
v -0.000976 -0.022676 0.334083
v 0.000319 -0.025954 0.329652
v -0.000463 -0.023065 0.334240
v 0.000683 -0.026343 0.330015
v -0.000083 -0.023527 0.334484
v 0.000910 -0.026825 0.330375
v 0.000148 -0.024037 0.334800
v 0.000985 -0.027378 0.330713
v 0.000213 -0.024570 0.335174
v 0.000890 -0.027978 0.331010
v 0.000096 -0.025099 0.335591
v 0.000630 -0.028564 0.331231
v -0.000197 -0.025568 0.336008
v 0.000238 -0.029078 0.331359
v -0.000631 -0.025932 0.336383
v -0.000260 -0.029500 0.331394
v -0.001175 -0.026182 0.336702
v -0.000833 -0.029810 0.331336
v -0.001797 -0.026307 0.336949
v -0.001453 -0.029989 0.331186
v -0.002466 -0.026297 0.337109
v -0.002092 -0.030017 0.330944
v -0.003151 -0.026143 0.337167
v -0.002683 -0.029886 0.330633
v -0.003780 -0.025855 0.337113
v -0.003169 -0.029615 0.330286
v -0.004293 -0.025467 0.336957
v -0.003533 -0.029226 0.329922
v -0.004674 -0.025004 0.336713
v -0.003760 -0.028744 0.329562
v -0.004904 -0.024494 0.336396
v -0.003835 -0.028191 0.329224
v -0.004970 -0.023961 0.336022
v -0.003740 -0.027591 0.328928
v -0.004853 -0.023433 0.335606
v -0.003481 -0.027005 0.328706
v -0.004559 -0.022964 0.335188
v -0.003088 -0.026491 0.328578
v -0.004125 -0.022599 0.334813
v -0.002591 -0.026069 0.328543
v -0.003582 -0.022349 0.334494
v -0.002018 -0.025759 0.328601
v -0.002960 -0.022224 0.334247
v -0.001397 -0.025580 0.328752
v -0.002291 -0.022234 0.334087
v 0.002489 -0.027852 0.324870
v 0.001976 -0.027780 0.324435
v 0.002919 -0.028081 0.325305
v 0.003251 -0.028446 0.325719
v 0.003470 -0.028923 0.326091
v 0.003562 -0.029490 0.326399
v 0.003513 -0.030125 0.326624
v 0.003320 -0.030764 0.326737
v 0.003011 -0.031342 0.326732
v 0.002607 -0.031835 0.326617
v 0.002132 -0.032221 0.326402
v 0.001611 -0.032475 0.326096
v 0.001065 -0.032575 0.325706
v 0.000552 -0.032503 0.325270
v 0.000122 -0.032273 0.324835
v -0.000210 -0.031909 0.324422
v -0.000429 -0.031432 0.324050
v -0.000522 -0.030864 0.323742
v -0.000472 -0.030229 0.323517
v -0.000279 -0.029591 0.323404
v 0.000030 -0.029013 0.323409
v 0.000434 -0.028519 0.323523
v 0.000909 -0.028134 0.323738
v 0.001430 -0.027880 0.324045
v 0.006205 -0.029245 0.320832
v 0.005743 -0.029190 0.320343
v 0.006603 -0.029464 0.321299
v 0.006923 -0.029825 0.321725
v 0.007150 -0.030306 0.322087
v 0.007269 -0.030883 0.322366
v 0.007267 -0.031535 0.322540
v 0.007138 -0.032196 0.322587
v 0.006900 -0.032799 0.322507
v 0.006572 -0.033319 0.322312
v 0.006175 -0.033731 0.322016
v 0.005726 -0.034011 0.321633
v 0.005247 -0.034132 0.321174
v 0.004785 -0.034078 0.320686
v 0.004387 -0.033858 0.320218
v 0.004067 -0.033497 0.319793
v 0.003840 -0.033017 0.319430
v 0.003720 -0.032439 0.319151
v 0.003723 -0.031787 0.318977
v 0.003852 -0.031126 0.318930
v 0.004090 -0.030523 0.319011
v 0.004417 -0.030003 0.319206
v 0.004815 -0.029591 0.319501
v 0.005263 -0.029312 0.319885
v 0.010089 -0.030008 0.317109
v 0.009621 -0.029951 0.316626
v 0.010503 -0.030232 0.317561
v 0.010849 -0.030598 0.317963
v 0.011109 -0.031086 0.318295
v 0.011267 -0.031671 0.318537
v 0.011308 -0.032331 0.318671
v 0.011221 -0.033000 0.318677
v 0.011022 -0.033609 0.318560
v 0.010727 -0.034135 0.318334
v 0.010354 -0.034551 0.318015
v 0.009922 -0.034832 0.317616
v 0.009448 -0.034954 0.317152
v 0.008980 -0.034897 0.316669
v 0.008565 -0.034674 0.316217
v 0.008220 -0.034307 0.315815
v 0.007960 -0.033820 0.315483
v 0.007801 -0.033235 0.315241
v 0.007761 -0.032574 0.315107
v 0.007847 -0.031906 0.315101
v 0.008047 -0.031296 0.315218
v 0.008342 -0.030771 0.315444
v 0.008714 -0.030355 0.315763
v 0.009146 -0.030073 0.316162
v 0.013206 -0.030323 0.313573
v 0.012645 -0.030256 0.313186
v 0.013713 -0.030556 0.313930
v 0.014145 -0.030932 0.314242
v 0.014482 -0.031427 0.314494
v 0.014702 -0.032018 0.314670
v 0.014786 -0.032683 0.314756
v 0.014718 -0.033353 0.314740
v 0.014513 -0.033962 0.314625
v 0.014189 -0.034484 0.314427
v 0.013767 -0.034894 0.314156
v 0.013266 -0.035168 0.313825
v 0.012706 -0.035281 0.313447
v 0.012144 -0.035214 0.313060
v 0.011637 -0.034981 0.312703
v 0.011205 -0.034605 0.312391
v 0.010869 -0.034110 0.312140
v 0.010649 -0.033519 0.311963
v 0.010565 -0.032855 0.311877
v 0.010632 -0.032184 0.311894
v 0.010838 -0.031575 0.312008
v 0.011162 -0.031053 0.312207
v 0.011584 -0.030643 0.312478
v 0.012085 -0.030369 0.312808
v 0.014569 -0.030386 0.309910
v 0.013866 -0.030309 0.309902
v 0.015207 -0.030629 0.309916
v 0.015754 -0.031013 0.309921
v 0.016184 -0.031515 0.309925
v 0.016471 -0.032111 0.309927
v 0.016588 -0.032778 0.309926
v 0.016517 -0.033449 0.309924
v 0.016273 -0.034055 0.309920
v 0.015879 -0.034572 0.309914
v 0.015359 -0.034975 0.309907
v 0.014739 -0.035240 0.309900
v 0.014043 -0.035343 0.309892
v 0.013340 -0.035266 0.309884
v 0.012702 -0.035023 0.309878
v 0.012155 -0.034639 0.309873
v 0.011725 -0.034137 0.309869
v 0.011438 -0.033540 0.309868
v 0.011321 -0.032873 0.309868
v 0.011392 -0.032203 0.309870
v 0.011636 -0.031597 0.309875
v 0.012030 -0.031080 0.309880
v 0.012550 -0.030676 0.309887
v 0.013170 -0.030411 0.309894
v 0.013819 -0.030153 0.307034
v 0.013221 -0.030104 0.307390
v 0.014356 -0.030368 0.306684
v 0.014809 -0.030726 0.306356
v 0.015158 -0.031206 0.306068
v 0.015381 -0.031785 0.305835
v 0.015457 -0.032440 0.305674
v 0.015371 -0.033106 0.305605
v 0.015140 -0.033715 0.305631
v 0.014784 -0.034241 0.305744
v 0.014324 -0.034661 0.305936
v 0.013784 -0.034948 0.306199
v 0.013185 -0.035077 0.306524
v 0.012587 -0.035028 0.306880
v 0.012050 -0.034813 0.307230
v 0.011597 -0.034454 0.307557
v 0.011248 -0.033975 0.307846
v 0.011025 -0.033396 0.308078
v 0.010949 -0.032741 0.308239
v 0.011035 -0.032075 0.308308
v 0.011266 -0.031466 0.308282
v 0.011623 -0.030939 0.308169
v 0.012082 -0.030520 0.307978
v 0.012622 -0.030233 0.307715
v 0.011920 -0.029576 0.305080
v 0.011546 -0.029595 0.305659
v 0.012237 -0.029724 0.304512
v 0.012485 -0.030021 0.303981
v 0.012654 -0.030446 0.303515
v 0.012733 -0.030981 0.303138
v 0.012709 -0.031606 0.302879
v 0.012583 -0.032259 0.302770
v 0.012370 -0.032874 0.302814
v 0.012086 -0.033423 0.303000
v 0.011750 -0.033879 0.303313
v 0.011376 -0.034217 0.303741
v 0.010982 -0.034408 0.304270
v 0.010608 -0.034427 0.304849
v 0.010291 -0.034279 0.305417
v 0.010042 -0.033983 0.305948
v 0.009873 -0.033558 0.306415
v 0.009795 -0.033023 0.306791
v 0.009818 -0.032398 0.307050
v 0.009945 -0.031744 0.307160
v 0.010158 -0.031130 0.307115
v 0.010441 -0.030581 0.306930
v 0.010778 -0.030124 0.306616
v 0.011152 -0.029787 0.306188
v 0.009380 -0.028821 0.304117
v 0.009244 -0.028911 0.304784
v 0.009463 -0.028900 0.303463
v 0.009495 -0.029131 0.302852
v 0.009475 -0.029500 0.302315
v 0.009402 -0.029990 0.301883
v 0.009276 -0.030584 0.301586
v 0.009108 -0.031226 0.301461
v 0.008917 -0.031847 0.301514
v 0.008713 -0.032420 0.301729
v 0.008508 -0.032915 0.302092
v 0.008313 -0.033306 0.302586
v 0.008138 -0.033562 0.303196
v 0.008002 -0.033652 0.303863
v 0.007918 -0.033573 0.304518
v 0.007886 -0.033341 0.305128
v 0.007907 -0.032973 0.305665
v 0.007980 -0.032483 0.306097
v 0.008106 -0.031889 0.306394
v 0.008274 -0.031247 0.306519
v 0.008465 -0.030626 0.306466
v 0.008668 -0.030053 0.306251
v 0.008873 -0.029558 0.305889
v 0.009069 -0.029167 0.305395
v 0.006750 -0.028062 0.304228
v 0.006881 -0.028229 0.304887
v 0.006574 -0.028066 0.303581
v 0.006366 -0.028228 0.302977
v 0.006135 -0.028537 0.302446
v 0.005896 -0.028978 0.302019
v 0.005658 -0.029540 0.301726
v 0.005448 -0.030169 0.301602
v 0.005285 -0.030798 0.301654
v 0.005173 -0.031398 0.301867
v 0.005118 -0.031937 0.302226
v 0.005124 -0.032386 0.302714
v 0.005194 -0.032713 0.303317
v 0.005325 -0.032880 0.303977
v 0.005501 -0.032876 0.304624
v 0.005710 -0.032714 0.305228
v 0.005940 -0.032406 0.305758
v 0.006180 -0.031964 0.306186
v 0.006417 -0.031402 0.306479
v 0.006628 -0.030773 0.306603
v 0.006791 -0.030144 0.306550
v 0.006902 -0.029545 0.306337
v 0.006957 -0.029005 0.305979
v 0.006952 -0.028557 0.305491
v 0.004586 -0.027478 0.305487
v 0.005036 -0.027731 0.305970
v 0.004101 -0.027398 0.305011
v 0.003607 -0.027482 0.304565
v 0.003128 -0.027723 0.304172
v 0.002693 -0.028111 0.303853
v 0.002325 -0.028638 0.303632
v 0.002067 -0.029254 0.303535
v 0.001941 -0.029894 0.303567
v 0.001942 -0.030524 0.303718
v 0.002069 -0.031112 0.303976
v 0.002316 -0.031626 0.304330
v 0.002681 -0.032034 0.304771
v 0.003131 -0.032287 0.305254
v 0.003616 -0.032368 0.305730
v 0.004111 -0.032283 0.306176
v 0.004589 -0.032042 0.306569
v 0.005025 -0.031654 0.306888
v 0.005392 -0.031127 0.307109
v 0.005650 -0.030511 0.307206
v 0.005776 -0.029872 0.307174
v 0.005775 -0.029241 0.307024
v 0.005649 -0.028653 0.306765
v 0.005401 -0.028139 0.306411
v 0.003512 -0.027249 0.307968
v 0.004187 -0.027539 0.308063
v 0.002803 -0.027134 0.307869
v 0.002097 -0.027186 0.307771
v 0.001431 -0.027398 0.307679
v 0.000842 -0.027763 0.307598
v 0.000365 -0.028274 0.307534
v 0.000055 -0.028884 0.307492
v -0.000062 -0.029526 0.307478
v 0.000005 -0.030167 0.307490
v 0.000248 -0.030775 0.307526
v 0.000658 -0.031316 0.307584
v 0.001227 -0.031756 0.307665
v 0.001903 -0.032045 0.307760
v 0.002611 -0.032160 0.307859
v 0.003317 -0.032108 0.307957
v 0.003983 -0.031896 0.308049
v 0.004573 -0.031531 0.308130
v 0.005050 -0.031020 0.308195
v 0.005359 -0.030411 0.308236
v 0.005476 -0.029769 0.308250
v 0.005409 -0.029127 0.308238
v 0.005167 -0.028519 0.308203
v 0.004757 -0.027979 0.308144
v 0.005433 -0.027138 0.311374
v 0.005898 -0.027437 0.310978
v 0.004946 -0.027012 0.311803
v 0.004463 -0.027052 0.312243
v 0.004009 -0.027253 0.312670
v 0.003609 -0.027609 0.313060
v 0.003288 -0.028111 0.313392
v 0.003083 -0.028715 0.313627
v 0.003010 -0.029354 0.313746
v 0.003063 -0.029995 0.313751
v 0.003236 -0.030606 0.313645
v 0.003524 -0.031152 0.313431
v 0.003919 -0.031600 0.313111
v 0.004384 -0.031900 0.312715
v 0.004871 -0.032026 0.312285
v 0.005354 -0.031985 0.311846
v 0.005808 -0.031784 0.311419
v 0.006208 -0.031429 0.311028
v 0.006529 -0.030926 0.310697
v 0.006734 -0.030323 0.310461
v 0.006807 -0.029684 0.310343
v 0.006754 -0.029042 0.310338
v 0.006581 -0.028432 0.310444
v 0.006293 -0.027886 0.310658
v 0.011466 -0.026164 0.316710
v 0.011872 -0.026474 0.316270
v 0.011059 -0.026024 0.317201
v 0.010672 -0.026049 0.317716
v 0.010324 -0.026233 0.318227
v 0.010034 -0.026570 0.318708
v 0.009823 -0.027056 0.319129
v 0.009715 -0.027644 0.319446
v 0.009718 -0.028272 0.319630
v 0.009823 -0.028906 0.319682
v 0.010022 -0.029513 0.319602
v 0.010307 -0.030061 0.319392
v 0.010670 -0.030516 0.319052
v 0.011076 -0.030826 0.318612
v 0.011483 -0.030965 0.318121
v 0.011870 -0.030941 0.317606
v 0.012218 -0.030757 0.317095
v 0.012507 -0.030419 0.316614
v 0.012719 -0.029934 0.316193
v 0.012827 -0.029346 0.315876
v 0.012824 -0.028718 0.315692
v 0.012719 -0.028084 0.315640
v 0.012520 -0.027476 0.315720
v 0.012235 -0.026929 0.315930
v 0.019878 -0.023409 0.322496
v 0.020287 -0.023719 0.322060
v 0.019494 -0.023261 0.323003
v 0.019155 -0.023270 0.323549
v 0.018874 -0.023432 0.324107
v 0.018671 -0.023742 0.324646
v 0.018560 -0.024195 0.325137
v 0.018557 -0.024751 0.325526
v 0.018659 -0.025348 0.325779
v 0.018852 -0.025954 0.325892
v 0.019125 -0.026539 0.325864
v 0.019465 -0.027071 0.325692
v 0.019860 -0.027517 0.325374
v 0.020270 -0.027826 0.324937
v 0.020653 -0.027975 0.324431
v 0.020993 -0.027965 0.323884
v 0.021273 -0.027804 0.323327
v 0.021476 -0.027494 0.322788
v 0.021587 -0.027040 0.322297
v 0.021590 -0.026485 0.321907
v 0.021488 -0.025888 0.321655
v 0.021295 -0.025281 0.321542
v 0.021022 -0.024696 0.321570
v 0.020682 -0.024164 0.321742
v 0.028877 -0.018021 0.327690
v 0.029325 -0.018310 0.327275
v 0.028493 -0.017872 0.328195
v 0.028187 -0.017861 0.328761
v 0.027973 -0.017984 0.329357
v 0.027864 -0.018239 0.329951
v 0.027875 -0.018623 0.330513
v 0.028008 -0.019100 0.330981
v 0.028247 -0.019618 0.331314
v 0.028571 -0.020151 0.331503
v 0.028962 -0.020668 0.331543
v 0.029401 -0.021144 0.331429
v 0.029868 -0.021549 0.331153
v 0.030315 -0.021838 0.330739
v 0.030699 -0.021986 0.330233
v 0.031005 -0.021997 0.329667
v 0.031219 -0.021874 0.329072
v 0.031328 -0.021619 0.328477
v 0.031318 -0.021235 0.327916
v 0.031184 -0.020758 0.327447
v 0.030945 -0.020240 0.327115
v 0.030621 -0.019708 0.326926
v 0.030230 -0.019190 0.326885
v 0.029792 -0.018715 0.327000
v 0.036810 -0.009199 0.331356
v 0.037315 -0.009427 0.330969
v 0.036412 -0.009066 0.331855
v 0.036131 -0.009027 0.332433
v 0.035979 -0.009082 0.333058
v 0.035969 -0.009230 0.333697
v 0.036110 -0.009472 0.334320
v 0.036395 -0.009785 0.334859
v 0.036790 -0.010135 0.335264
v 0.037266 -0.010503 0.335525
v 0.037798 -0.010869 0.335631
v 0.038359 -0.011213 0.335574
v 0.038921 -0.011516 0.335343
v 0.039426 -0.011744 0.334955
v 0.039824 -0.011878 0.334457
v 0.040105 -0.011917 0.333879
v 0.040256 -0.011862 0.333254
v 0.040267 -0.011713 0.332614
v 0.040126 -0.011472 0.331991
v 0.039840 -0.011158 0.331452
v 0.039446 -0.010808 0.331047
v 0.038969 -0.010440 0.330787
v 0.038437 -0.010074 0.330680
v 0.037877 -0.009730 0.330738
v 0.038462 -0.000324 0.332255
v 0.039021 -0.000324 0.331889
v 0.038034 -0.000324 0.332741
v 0.037750 -0.000324 0.333314
v 0.037619 -0.000324 0.333943
v 0.037654 -0.000324 0.334595
v 0.037865 -0.000324 0.335238
v 0.038239 -0.000324 0.335804
v 0.038731 -0.000324 0.336240
v 0.039310 -0.000324 0.336533
v 0.039943 -0.000324 0.336671
v 0.040598 -0.000324 0.336644
v 0.041242 -0.000324 0.336440
v 0.041806 -0.000324 0.336073
v 0.042237 -0.000324 0.335587
v 0.042522 -0.000324 0.335014
v 0.042651 -0.000324 0.334385
v 0.042613 -0.000324 0.333734
v 0.042397 -0.000324 0.333091
v 0.042018 -0.000324 0.332525
v 0.041523 -0.000324 0.332090
v 0.040943 -0.000324 0.331798
v 0.040312 -0.000324 0.331659
v 0.039660 -0.000324 0.331685
v 0.002629 -0.014886 0.375940
v 0.002000 -0.014916 0.375700
v 0.001906 -0.012272 0.375581
v 0.002535 -0.012237 0.375821
v 0.003155 -0.014854 0.376325
v 0.003060 -0.012199 0.376205
v 0.003560 -0.014822 0.376824
v 0.003465 -0.012160 0.376704
v 0.003825 -0.014790 0.377409
v 0.003730 -0.012122 0.377289
v 0.003934 -0.014761 0.378051
v 0.003838 -0.012088 0.377931
v 0.003867 -0.014736 0.378722
v 0.003772 -0.012059 0.378601
v 0.003626 -0.014719 0.379351
v 0.003531 -0.012038 0.379230
v 0.003241 -0.014710 0.379877
v 0.003146 -0.012027 0.379756
v 0.002741 -0.014710 0.380282
v 0.002646 -0.012027 0.380161
v 0.002156 -0.014717 0.380548
v 0.002060 -0.012036 0.380427
v 0.001513 -0.014733 0.380657
v 0.001418 -0.012055 0.380537
v 0.000843 -0.014757 0.380592
v 0.000747 -0.012083 0.380472
v 0.000214 -0.014787 0.380352
v 0.000119 -0.012118 0.380232
v -0.000312 -0.014819 0.379967
v -0.000407 -0.012156 0.379848
v -0.000717 -0.014851 0.379468
v -0.000811 -0.012195 0.379349
v -0.000982 -0.014883 0.378883
v -0.001077 -0.012233 0.378764
v -0.001091 -0.014912 0.378241
v -0.001185 -0.012268 0.378122
v -0.001025 -0.014937 0.377570
v -0.001119 -0.012297 0.377452
v -0.000783 -0.014954 0.376941
v -0.000877 -0.012318 0.376823
v -0.000398 -0.014963 0.376415
v -0.000492 -0.012328 0.376297
v 0.000101 -0.014964 0.376010
v 0.000008 -0.012329 0.375892
v 0.000687 -0.014956 0.375744
v 0.000593 -0.012319 0.375625
v 0.001330 -0.014940 0.375635
v 0.001236 -0.012300 0.375516
v 0.002689 -0.017429 0.376015
v 0.002059 -0.017440 0.375774
v 0.003215 -0.017416 0.376400
v 0.003620 -0.017403 0.376900
v 0.003886 -0.017390 0.377486
v 0.003995 -0.017379 0.378128
v 0.003929 -0.017369 0.378799
v 0.003688 -0.017363 0.379429
v 0.003303 -0.017359 0.379955
v 0.002804 -0.017359 0.380360
v 0.002218 -0.017362 0.380626
v 0.001575 -0.017369 0.380735
v 0.000904 -0.017378 0.380669
v 0.000275 -0.017390 0.380428
v -0.000252 -0.017402 0.380044
v -0.000657 -0.017415 0.379544
v -0.000923 -0.017428 0.378958
v -0.001032 -0.017439 0.378315
v -0.000966 -0.017449 0.377644
v -0.000725 -0.017456 0.377015
v -0.000340 -0.017459 0.376488
v 0.000160 -0.017459 0.376083
v 0.000745 -0.017456 0.375817
v 0.001388 -0.017450 0.375708
v 0.002680 -0.019770 0.376003
v 0.002050 -0.019748 0.375762
v 0.003206 -0.019795 0.376388
v 0.003611 -0.019820 0.376888
v 0.003877 -0.019844 0.377474
v 0.003986 -0.019867 0.378116
v 0.003920 -0.019886 0.378787
v 0.003679 -0.019900 0.379417
v 0.003295 -0.019907 0.379943
v 0.002795 -0.019907 0.380348
v 0.002209 -0.019901 0.380614
v 0.001566 -0.019889 0.380723
v 0.000895 -0.019871 0.380657
v 0.000266 -0.019849 0.380416
v -0.000261 -0.019824 0.380031
v -0.000666 -0.019799 0.379532
v -0.000932 -0.019775 0.378946
v -0.001041 -0.019752 0.378303
v -0.000975 -0.019733 0.377632
v -0.000734 -0.019719 0.377003
v -0.000349 -0.019712 0.376476
v 0.000151 -0.019712 0.376071
v 0.000737 -0.019718 0.375805
v 0.001379 -0.019730 0.375696
v 0.002572 -0.021810 0.375865
v 0.001946 -0.021727 0.375628
v 0.003096 -0.021899 0.376246
v 0.003498 -0.021991 0.376742
v 0.003761 -0.022080 0.377324
v 0.003867 -0.022161 0.377963
v 0.003799 -0.022231 0.378631
v 0.003556 -0.022280 0.379259
v 0.003170 -0.022306 0.379784
v 0.002670 -0.022307 0.380189
v 0.002085 -0.022286 0.380456
v 0.001444 -0.022241 0.380567
v 0.000776 -0.022175 0.380504
v 0.000149 -0.022093 0.380266
v -0.000375 -0.022004 0.379885
v -0.000777 -0.021912 0.379390
v -0.001040 -0.021823 0.378808
v -0.001146 -0.021741 0.378168
v -0.001078 -0.021672 0.377501
v -0.000835 -0.021622 0.376873
v -0.000449 -0.021597 0.376348
v 0.000051 -0.021595 0.375943
v 0.000636 -0.021617 0.375676
v 0.001277 -0.021661 0.375565
v 0.002345 -0.023431 0.375575
v 0.001731 -0.023245 0.375355
v 0.002854 -0.023632 0.375938
v 0.003241 -0.023838 0.376415
v 0.003490 -0.024038 0.376978
v 0.003583 -0.024222 0.377601
v 0.003503 -0.024378 0.378254
v 0.003253 -0.024490 0.378872
v 0.002863 -0.024546 0.379392
v 0.002363 -0.024550 0.379796
v 0.001782 -0.024501 0.380068
v 0.001147 -0.024401 0.380188
v 0.000489 -0.024252 0.380138
v -0.000124 -0.024067 0.379918
v -0.000633 -0.023865 0.379555
v -0.001020 -0.023659 0.379078
v -0.001269 -0.023459 0.378515
v -0.001362 -0.023275 0.377892
v -0.001283 -0.023119 0.377239
v -0.001032 -0.023008 0.376621
v -0.000642 -0.022951 0.376101
v -0.000142 -0.022948 0.375697
v 0.000439 -0.022996 0.375425
v 0.001073 -0.023096 0.375305
v 0.002536 -0.024235 0.375057
v 0.001941 -0.024074 0.374779
v 0.002995 -0.024481 0.375452
v 0.003305 -0.024794 0.375936
v 0.003455 -0.025154 0.376481
v 0.003432 -0.025545 0.377061
v 0.003224 -0.025949 0.377648
v 0.002845 -0.026323 0.378181
v 0.002341 -0.026631 0.378607
v 0.001744 -0.026862 0.378914
v 0.001088 -0.027008 0.379090
v 0.000407 -0.027057 0.379120
v -0.000266 -0.027000 0.378993
v -0.000861 -0.026838 0.378715
v -0.001320 -0.026592 0.378320
v -0.001630 -0.026280 0.377836
v -0.001780 -0.025919 0.377291
v -0.001757 -0.025528 0.376711
v -0.001549 -0.025125 0.376124
v -0.001170 -0.024751 0.375591
v -0.000666 -0.024443 0.375165
v -0.000069 -0.024211 0.374858
v 0.000587 -0.024066 0.374683
v 0.001268 -0.024016 0.374652
v 0.002511 -0.025020 0.373017
v 0.002022 -0.024581 0.372865
v 0.002849 -0.025549 0.373193
v 0.003031 -0.026136 0.373382
v 0.003050 -0.026751 0.373573
v 0.002903 -0.027360 0.373758
v 0.002582 -0.027931 0.373925
v 0.002116 -0.028403 0.374056
v 0.001556 -0.028732 0.374141
v 0.000937 -0.028913 0.374176
v 0.000292 -0.028940 0.374164
v -0.000345 -0.028807 0.374101
v -0.000940 -0.028509 0.373989
v -0.001429 -0.028071 0.373837
v -0.001767 -0.027542 0.373661
v -0.001949 -0.026954 0.373473
v -0.001969 -0.026340 0.373281
v -0.001821 -0.025731 0.373096
v -0.001500 -0.025160 0.372929
v -0.001034 -0.024687 0.372798
v -0.000475 -0.024358 0.372714
v 0.000145 -0.024177 0.372678
v 0.000789 -0.024151 0.372690
v 0.001426 -0.024283 0.372753
v 0.003169 -0.027553 0.364211
v 0.002682 -0.027118 0.364043
v 0.003507 -0.028081 0.364389
v 0.003690 -0.028671 0.364568
v 0.003712 -0.029291 0.364740
v 0.003567 -0.029908 0.364894
v 0.003252 -0.030489 0.365022
v 0.002790 -0.030974 0.365109
v 0.002236 -0.031315 0.365147
v 0.001622 -0.031507 0.365139
v 0.000982 -0.031545 0.365086
v 0.000349 -0.031421 0.364990
v -0.000243 -0.031130 0.364851
v -0.000731 -0.030696 0.364684
v -0.001068 -0.030167 0.364506
v -0.001251 -0.029577 0.364327
v -0.001273 -0.028957 0.364155
v -0.001129 -0.028341 0.364000
v -0.000813 -0.027759 0.363873
v -0.000352 -0.027275 0.363786
v 0.000203 -0.026933 0.363747
v 0.000817 -0.026741 0.363756
v 0.001457 -0.026703 0.363809
v 0.002090 -0.026827 0.363905
v 0.004460 -0.030613 0.352657
v 0.003973 -0.030180 0.352487
v 0.004798 -0.031142 0.352834
v 0.004981 -0.031733 0.353009
v 0.005004 -0.032355 0.353172
v 0.004861 -0.032975 0.353315
v 0.004547 -0.033561 0.353428
v 0.004088 -0.034049 0.353498
v 0.003535 -0.034395 0.353521
v 0.002923 -0.034591 0.353498
v 0.002284 -0.034632 0.353431
v 0.001653 -0.034511 0.353324
v 0.001061 -0.034222 0.353178
v 0.000574 -0.033789 0.353007
v 0.000236 -0.033260 0.352830
v 0.000053 -0.032669 0.352655
v 0.000030 -0.032047 0.352492
v 0.000173 -0.031427 0.352350
v 0.000487 -0.030841 0.352236
v 0.000947 -0.030353 0.352166
v 0.001499 -0.030007 0.352143
v 0.002111 -0.029811 0.352167
v 0.002750 -0.029770 0.352233
v 0.003381 -0.029891 0.352341
v 0.005937 -0.033571 0.340913
v 0.005450 -0.033137 0.340743
v 0.006276 -0.034100 0.341086
v 0.006459 -0.034693 0.341255
v 0.006483 -0.035317 0.341412
v 0.006341 -0.035939 0.341546
v 0.006028 -0.036527 0.341650
v 0.005570 -0.037017 0.341711
v 0.005019 -0.037365 0.341725
v 0.004408 -0.037563 0.341694
v 0.003770 -0.037606 0.341622
v 0.003139 -0.037486 0.341511
v 0.002548 -0.037197 0.341363
v 0.002060 -0.036763 0.341194
v 0.001722 -0.036234 0.341020
v 0.001538 -0.035641 0.340851
v 0.001514 -0.035017 0.340695
v 0.001656 -0.034395 0.340561
v 0.001969 -0.033807 0.340457
v 0.002427 -0.033316 0.340396
v 0.002979 -0.032969 0.340382
v 0.003590 -0.032770 0.340412
v 0.004228 -0.032728 0.340485
v 0.004859 -0.032848 0.340596
v 0.007164 -0.035810 0.331470
v 0.006675 -0.035374 0.331310
v 0.007504 -0.036342 0.331633
v 0.007689 -0.036937 0.331791
v 0.007714 -0.037564 0.331935
v 0.007574 -0.038189 0.332057
v 0.007263 -0.038780 0.332150
v 0.006806 -0.039273 0.332202
v 0.006255 -0.039622 0.332210
v 0.005644 -0.039821 0.332176
v 0.005006 -0.039863 0.332104
v 0.004375 -0.039742 0.331996
v 0.003783 -0.039452 0.331855
v 0.003294 -0.039016 0.331695
v 0.002955 -0.038484 0.331532
v 0.002769 -0.037888 0.331374
v 0.002744 -0.037261 0.331230
v 0.002884 -0.036637 0.331108
v 0.003196 -0.036046 0.331015
v 0.003652 -0.035553 0.330963
v 0.004203 -0.035204 0.330955
v 0.004814 -0.035005 0.330988
v 0.005452 -0.034963 0.331061
v 0.006083 -0.035083 0.331169
v 0.007695 -0.036700 0.326904
v 0.007195 -0.036243 0.326861
v 0.008046 -0.037254 0.326945
v 0.008243 -0.037871 0.326982
v 0.008280 -0.038518 0.327013
v 0.008149 -0.039162 0.327037
v 0.007845 -0.039767 0.327050
v 0.007394 -0.040270 0.327053
v 0.006845 -0.040623 0.327044
v 0.006233 -0.040821 0.327025
v 0.005591 -0.040856 0.326997
v 0.004952 -0.040723 0.326963
v 0.004351 -0.040416 0.326921
v 0.003851 -0.039959 0.326878
v 0.003500 -0.039406 0.326837
v 0.003303 -0.038788 0.326800
v 0.003266 -0.038141 0.326769
v 0.003397 -0.037498 0.326746
v 0.003700 -0.036892 0.326732
v 0.004152 -0.036389 0.326730
v 0.004701 -0.036036 0.326738
v 0.005313 -0.035839 0.326757
v 0.005955 -0.035803 0.326785
v 0.006593 -0.035936 0.326820
v 0.008128 -0.036117 0.318563
v 0.007624 -0.035669 0.318624
v 0.008485 -0.036661 0.318470
v 0.008689 -0.037268 0.318352
v 0.008732 -0.037905 0.318215
v 0.008609 -0.038538 0.318067
v 0.008313 -0.039134 0.317914
v 0.007867 -0.039630 0.317772
v 0.007323 -0.039978 0.317654
v 0.006715 -0.040174 0.317566
v 0.006074 -0.040210 0.317510
v 0.005436 -0.040081 0.317491
v 0.004832 -0.039780 0.317512
v 0.004328 -0.039331 0.317573
v 0.003971 -0.038787 0.317666
v 0.003767 -0.038180 0.317784
v 0.003724 -0.037544 0.317921
v 0.003847 -0.036911 0.318069
v 0.004143 -0.036314 0.318223
v 0.004589 -0.035819 0.318365
v 0.005133 -0.035470 0.318482
v 0.005741 -0.035275 0.318570
v 0.006382 -0.035238 0.318626
v 0.007021 -0.035368 0.318645
v 0.008602 -0.034311 0.314469
v 0.008081 -0.033928 0.314684
v 0.008982 -0.034767 0.314168
v 0.009213 -0.035270 0.313800
v 0.009287 -0.035791 0.313386
v 0.009195 -0.036304 0.312948
v 0.008930 -0.036781 0.312506
v 0.008513 -0.037170 0.312107
v 0.007991 -0.037436 0.311789
v 0.007397 -0.037574 0.311561
v 0.006764 -0.037582 0.311434
v 0.006125 -0.037454 0.311416
v 0.005512 -0.037187 0.311518
v 0.004992 -0.036804 0.311732
v 0.004612 -0.036348 0.312034
v 0.004381 -0.035845 0.312402
v 0.004307 -0.035324 0.312815
v 0.004399 -0.034811 0.313253
v 0.004663 -0.034334 0.313695
v 0.005081 -0.033945 0.314094
v 0.005603 -0.033679 0.314413
v 0.006197 -0.033541 0.314640
v 0.006830 -0.033533 0.314767
v 0.007469 -0.033661 0.314785
v 0.009085 -0.032252 0.313111
v 0.008526 -0.032033 0.313427
v 0.009519 -0.032474 0.312663
v 0.009817 -0.032690 0.312115
v 0.009966 -0.032888 0.311498
v 0.009955 -0.033056 0.310842
v 0.009771 -0.033185 0.310180
v 0.009427 -0.033258 0.309580
v 0.008963 -0.033271 0.309100
v 0.008412 -0.033227 0.308755
v 0.007803 -0.033131 0.308559
v 0.007169 -0.032984 0.308528
v 0.006538 -0.032793 0.308674
v 0.005979 -0.032574 0.308990
v 0.005545 -0.032352 0.309438
v 0.005247 -0.032136 0.309986
v 0.005098 -0.031938 0.310603
v 0.005109 -0.031769 0.311258
v 0.005293 -0.031641 0.311921
v 0.005637 -0.031568 0.312521
v 0.006101 -0.031555 0.313001
v 0.006652 -0.031599 0.313346
v 0.007260 -0.031695 0.313541
v 0.007895 -0.031841 0.313573
v 0.009792 -0.029623 0.313024
v 0.009208 -0.029497 0.313336
v 0.010269 -0.029693 0.312582
v 0.010621 -0.029708 0.312041
v 0.010835 -0.029668 0.311430
v 0.010894 -0.029576 0.310781
v 0.010785 -0.029430 0.310124
v 0.010511 -0.029245 0.309528
v 0.010107 -0.029040 0.309052
v 0.009601 -0.028826 0.308708
v 0.009023 -0.028616 0.308512
v 0.008401 -0.028421 0.308479
v 0.007764 -0.028251 0.308621
v 0.007179 -0.028125 0.308933
v 0.006703 -0.028055 0.309375
v 0.006351 -0.028040 0.309916
v 0.006137 -0.028080 0.310527
v 0.006077 -0.028172 0.311176
v 0.006187 -0.028318 0.311833
v 0.006461 -0.028504 0.312428
v 0.006865 -0.028709 0.312905
v 0.007371 -0.028922 0.313249
v 0.007949 -0.029132 0.313444
v 0.008571 -0.029327 0.313478
v 0.010838 -0.026758 0.313839
v 0.010257 -0.026617 0.314152
v 0.011323 -0.026811 0.313406
v 0.011695 -0.026777 0.312882
v 0.011939 -0.026663 0.312298
v 0.012037 -0.026470 0.311682
v 0.011973 -0.026204 0.311065
v 0.011747 -0.025890 0.310510
v 0.011388 -0.025560 0.310072
v 0.010924 -0.025233 0.309764
v 0.010381 -0.024924 0.309598
v 0.009786 -0.024652 0.309586
v 0.009166 -0.024432 0.309741
v 0.008585 -0.024290 0.310054
v 0.008099 -0.024238 0.310488
v 0.007727 -0.024271 0.311011
v 0.007484 -0.024386 0.311596
v 0.007386 -0.024578 0.312211
v 0.007450 -0.024844 0.312829
v 0.007676 -0.025159 0.313383
v 0.008034 -0.025488 0.313821
v 0.008498 -0.025816 0.314129
v 0.009041 -0.026124 0.314296
v 0.009636 -0.026397 0.314308
v 0.012191 -0.024470 0.314789
v 0.011699 -0.024193 0.315157
v 0.012603 -0.024634 0.314311
v 0.012921 -0.024684 0.313755
v 0.013132 -0.024622 0.313150
v 0.013220 -0.024447 0.312528
v 0.013172 -0.024159 0.311920
v 0.012987 -0.023785 0.311391
v 0.012690 -0.023365 0.310990
v 0.012302 -0.022923 0.310729
v 0.011847 -0.022483 0.310616
v 0.011346 -0.022068 0.310661
v 0.010823 -0.021702 0.310876
v 0.010331 -0.021424 0.311244
v 0.009918 -0.021261 0.311722
v 0.009600 -0.021210 0.312278
v 0.009390 -0.021273 0.312883
v 0.009301 -0.021448 0.313505
v 0.009349 -0.021735 0.314113
v 0.009534 -0.022109 0.314642
v 0.009831 -0.022529 0.315043
v 0.010219 -0.022971 0.315304
v 0.010674 -0.023411 0.315417
v 0.011175 -0.023826 0.315372
v -0.000794 -0.022432 0.334287
v -0.001348 -0.022231 0.334087
v -0.000347 -0.022688 0.334601
v -0.000028 -0.022985 0.335012
v 0.000137 -0.023310 0.335505
v 0.000125 -0.023643 0.336042
v -0.000063 -0.023950 0.336569
v -0.000401 -0.024204 0.337049
v -0.000864 -0.024396 0.337461
v -0.001430 -0.024519 0.337782
v -0.002074 -0.024563 0.337990
v -0.002749 -0.024517 0.338062
v -0.003387 -0.024384 0.337992
v -0.003941 -0.024183 0.337792
v -0.004389 -0.023927 0.337478
v -0.004707 -0.023629 0.337067
v -0.004873 -0.023305 0.336574
v -0.004861 -0.022972 0.336036
v -0.004673 -0.022665 0.335510
v -0.004335 -0.022411 0.335029
v -0.003871 -0.022218 0.334618
v -0.003306 -0.022096 0.334297
v -0.002662 -0.022052 0.334088
v -0.001986 -0.022105 0.334037
v -0.002290 0.019397 0.333831
v -0.002177 0.018671 0.333567
v -0.002831 0.018517 0.333624
v -0.002952 0.019290 0.333906
v -0.001647 0.019449 0.333924
v -0.001539 0.018751 0.333670
v -0.001052 0.019450 0.334168
v -0.000945 0.018759 0.333917
v -0.000535 0.019399 0.334547
v -0.000425 0.018696 0.334292
v -0.000125 0.019299 0.335045
v -0.000010 0.018564 0.334777
v 0.000148 0.019151 0.335644
v 0.000271 0.018365 0.335356
v 0.000249 0.018968 0.336286
v 0.000383 0.018116 0.335972
v 0.000175 0.018770 0.336904
v 0.000322 0.017845 0.336562
v -0.000058 0.018568 0.337471
v 0.000102 0.017566 0.337099
v -0.000433 0.018372 0.337957
v -0.000260 0.017294 0.337556
v -0.000934 0.018194 0.338336
v -0.000749 0.017044 0.337906
v -0.001546 0.018043 0.338578
v -0.001350 0.016830 0.338124
v -0.002207 0.017936 0.338654
v -0.002004 0.016677 0.338182
v -0.002851 0.017884 0.338561
v -0.002643 0.016597 0.338078
v -0.003446 0.017883 0.338317
v -0.003237 0.016589 0.337831
v -0.003963 0.017933 0.337937
v -0.003756 0.016651 0.337457
v -0.004373 0.018033 0.337440
v -0.004171 0.016783 0.336972
v -0.004645 0.018182 0.336841
v -0.004452 0.016983 0.336392
v -0.004747 0.018365 0.336199
v -0.004565 0.017231 0.335776
v -0.004673 0.018563 0.335580
v -0.004503 0.017503 0.335186
v -0.004440 0.018765 0.335014
v -0.004284 0.017782 0.334650
v -0.004065 0.018960 0.334527
v -0.003921 0.018053 0.334193
v -0.003564 0.019139 0.334149
v -0.003432 0.018304 0.333842
v -0.002359 0.020116 0.334000
v -0.003025 0.020057 0.334087
v -0.001713 0.020144 0.334087
v -0.001118 0.020142 0.334331
v -0.000602 0.020112 0.334715
v -0.000197 0.020054 0.335223
v 0.000070 0.019970 0.335837
v 0.000163 0.019866 0.336498
v 0.000081 0.019755 0.337137
v -0.000160 0.019641 0.337725
v -0.000544 0.019532 0.338232
v -0.001053 0.019432 0.338630
v -0.001671 0.019349 0.338888
v -0.002337 0.019290 0.338975
v -0.002983 0.019262 0.338888
v -0.003578 0.019264 0.338644
v -0.004093 0.019294 0.338260
v -0.004499 0.019352 0.337752
v -0.004765 0.019436 0.337138
v -0.004859 0.019540 0.336477
v -0.004777 0.019651 0.335838
v -0.004535 0.019765 0.335250
v -0.004152 0.019874 0.334743
v -0.003643 0.019974 0.334345
v -0.002380 0.020736 0.334051
v -0.003049 0.020733 0.334143
v -0.001734 0.020739 0.334136
v -0.001138 0.020742 0.334381
v -0.000624 0.020744 0.334768
v -0.000221 0.020745 0.335281
v 0.000042 0.020746 0.335904
v 0.000132 0.020745 0.336575
v 0.000045 0.020743 0.337224
v -0.000200 0.020741 0.337822
v -0.000587 0.020738 0.338339
v -0.001100 0.020734 0.338746
v -0.001721 0.020731 0.339012
v -0.002390 0.020727 0.339104
v -0.003036 0.020724 0.339019
v -0.003631 0.020721 0.338775
v -0.004145 0.020719 0.338387
v -0.004549 0.020718 0.337874
v -0.004812 0.020718 0.337251
v -0.004901 0.020719 0.336580
v -0.004815 0.020720 0.335931
v -0.004570 0.020723 0.335333
v -0.004182 0.020725 0.334816
v -0.003670 0.020729 0.334409
v -0.002366 0.021171 0.334044
v -0.002995 0.021215 0.334154
v -0.001720 0.021148 0.334131
v -0.001125 0.021151 0.334334
v -0.000610 0.021201 0.334717
v -0.000205 0.021285 0.335223
v 0.000061 0.021401 0.335836
v 0.000154 0.021539 0.336494
v 0.000072 0.021683 0.337130
v -0.000170 0.021827 0.337715
v -0.000554 0.021962 0.338220
v -0.001063 0.022082 0.338615
v -0.001682 0.022179 0.338872
v -0.002348 0.022241 0.338957
v -0.002994 0.022265 0.338870
v -0.003589 0.022250 0.338627
v -0.004105 0.022200 0.338244
v -0.004510 0.022116 0.337737
v -0.004776 0.022000 0.337125
v -0.004869 0.021862 0.336467
v -0.004787 0.021718 0.335831
v -0.004545 0.021574 0.335246
v -0.004161 0.021439 0.334741
v -0.003610 0.021312 0.334415
v -0.000167 0.025034 0.329305
v -0.000976 0.022027 0.334083
v -0.001606 0.021739 0.334029
v -0.000758 0.024903 0.328993
v 0.000319 0.025305 0.329652
v -0.000463 0.022416 0.334240
v 0.000683 0.025694 0.330015
v -0.000083 0.022878 0.334484
v 0.000910 0.026176 0.330375
v 0.000148 0.023389 0.334800
v 0.000985 0.026729 0.330713
v 0.000213 0.023921 0.335174
v 0.000890 0.027329 0.331010
v 0.000096 0.024450 0.335591
v 0.000630 0.027916 0.331232
v -0.000197 0.024919 0.336008
v 0.000238 0.028429 0.331359
v -0.000631 0.025283 0.336383
v -0.000260 0.028851 0.331394
v -0.001175 0.025533 0.336702
v -0.000833 0.029161 0.331336
v -0.001797 0.025658 0.336949
v -0.001453 0.029340 0.331186
v -0.002466 0.025649 0.337109
v -0.002092 0.029369 0.330944
v -0.003151 0.025494 0.337167
v -0.002683 0.029237 0.330633
v -0.003780 0.025206 0.337113
v -0.003169 0.028966 0.330286
v -0.004293 0.024818 0.336957
v -0.003533 0.028577 0.329922
v -0.004674 0.024355 0.336713
v -0.003760 0.028095 0.329562
v -0.004904 0.023845 0.336396
v -0.003835 0.027542 0.329224
v -0.004970 0.023312 0.336022
v -0.003740 0.026942 0.328928
v -0.004853 0.022784 0.335606
v -0.003481 0.026356 0.328706
v -0.004559 0.022315 0.335188
v -0.003088 0.025842 0.328578
v -0.004125 0.021950 0.334813
v -0.002591 0.025420 0.328543
v -0.003582 0.021701 0.334494
v -0.002018 0.025110 0.328602
v -0.002960 0.021575 0.334247
v -0.001397 0.024931 0.328752
v -0.002291 0.021585 0.334087
v 0.002489 0.027203 0.324870
v 0.001976 0.027131 0.324435
v 0.002919 0.027433 0.325306
v 0.003251 0.027797 0.325719
v 0.003470 0.028274 0.326091
v 0.003562 0.028841 0.326399
v 0.003513 0.029477 0.326624
v 0.003320 0.030115 0.326737
v 0.003011 0.030693 0.326732
v 0.002607 0.031186 0.326617
v 0.002132 0.031572 0.326402
v 0.001611 0.031826 0.326096
v 0.001065 0.031926 0.325706
v 0.000552 0.031854 0.325270
v 0.000122 0.031625 0.324835
v -0.000210 0.031260 0.324422
v -0.000429 0.030783 0.324050
v -0.000521 0.030216 0.323742
v -0.000472 0.029581 0.323517
v -0.000279 0.028942 0.323404
v 0.000030 0.028364 0.323409
v 0.000434 0.027871 0.323523
v 0.000909 0.027485 0.323738
v 0.001430 0.027231 0.324045
v 0.006205 0.028596 0.320832
v 0.005743 0.028541 0.320343
v 0.006603 0.028815 0.321299
v 0.006923 0.029176 0.321725
v 0.007150 0.029657 0.322087
v 0.007269 0.030234 0.322366
v 0.007267 0.030886 0.322540
v 0.007138 0.031547 0.322587
v 0.006900 0.032150 0.322507
v 0.006572 0.032670 0.322312
v 0.006175 0.033082 0.322016
v 0.005727 0.033362 0.321633
v 0.005247 0.033484 0.321174
v 0.004785 0.033429 0.320686
v 0.004387 0.033210 0.320218
v 0.004067 0.032848 0.319793
v 0.003840 0.032368 0.319430
v 0.003720 0.031790 0.319151
v 0.003723 0.031138 0.318977
v 0.003852 0.030477 0.318930
v 0.004090 0.029874 0.319011
v 0.004417 0.029355 0.319206
v 0.004815 0.028942 0.319501
v 0.005263 0.028663 0.319885
v 0.010089 0.029360 0.317109
v 0.009621 0.029302 0.316626
v 0.010503 0.029583 0.317561
v 0.010849 0.029949 0.317963
v 0.011109 0.030437 0.318295
v 0.011267 0.031022 0.318537
v 0.011308 0.031682 0.318671
v 0.011221 0.032351 0.318677
v 0.011022 0.032961 0.318560
v 0.010727 0.033486 0.318334
v 0.010354 0.033902 0.318015
v 0.009922 0.034183 0.317616
v 0.009448 0.034305 0.317152
v 0.008980 0.034248 0.316669
v 0.008565 0.034025 0.316217
v 0.008220 0.033658 0.315815
v 0.007960 0.033171 0.315483
v 0.007801 0.032586 0.315241
v 0.007761 0.031926 0.315107
v 0.007847 0.031257 0.315101
v 0.008047 0.030647 0.315218
v 0.008342 0.030122 0.315444
v 0.008714 0.029706 0.315763
v 0.009146 0.029424 0.316162
v 0.013206 0.029674 0.313573
v 0.012645 0.029607 0.313186
v 0.013713 0.029907 0.313930
v 0.014145 0.030283 0.314242
v 0.014482 0.030778 0.314494
v 0.014702 0.031370 0.314670
v 0.014786 0.032034 0.314756
v 0.014718 0.032704 0.314740
v 0.014513 0.033313 0.314625
v 0.014189 0.033835 0.314427
v 0.013767 0.034246 0.314156
v 0.013266 0.034520 0.313825
v 0.012706 0.034632 0.313447
v 0.012144 0.034565 0.313060
v 0.011637 0.034332 0.312703
v 0.011205 0.033957 0.312391
v 0.010869 0.033461 0.312140
v 0.010649 0.032870 0.311963
v 0.010565 0.032206 0.311877
v 0.010632 0.031535 0.311894
v 0.010838 0.030926 0.312008
v 0.011162 0.030404 0.312207
v 0.011584 0.029994 0.312478
v 0.012085 0.029720 0.312808
v 0.014569 0.029737 0.309910
v 0.013866 0.029660 0.309902
v 0.015207 0.029980 0.309916
v 0.015754 0.030364 0.309921
v 0.016184 0.030866 0.309925
v 0.016471 0.031462 0.309927
v 0.016588 0.032130 0.309926
v 0.016517 0.032800 0.309924
v 0.016273 0.033406 0.309920
v 0.015879 0.033923 0.309914
v 0.015359 0.034326 0.309907
v 0.014739 0.034592 0.309900
v 0.014043 0.034694 0.309892
v 0.013340 0.034617 0.309885
v 0.012702 0.034374 0.309878
v 0.012155 0.033990 0.309873
v 0.011725 0.033488 0.309869
v 0.011438 0.032891 0.309868
v 0.011321 0.032224 0.309868
v 0.011392 0.031554 0.309870
v 0.011636 0.030948 0.309875
v 0.012030 0.030431 0.309880
v 0.012550 0.030028 0.309887
v 0.013170 0.029762 0.309894
v 0.013819 0.029504 0.307034
v 0.013221 0.029455 0.307390
v 0.014356 0.029719 0.306684
v 0.014809 0.030077 0.306356
v 0.015158 0.030557 0.306068
v 0.015381 0.031136 0.305835
v 0.015457 0.031791 0.305674
v 0.015371 0.032457 0.305605
v 0.015140 0.033066 0.305631
v 0.014784 0.033593 0.305744
v 0.014324 0.034012 0.305936
v 0.013784 0.034299 0.306199
v 0.013185 0.034428 0.306524
v 0.012587 0.034379 0.306880
v 0.012050 0.034164 0.307230
v 0.011597 0.033806 0.307557
v 0.011248 0.033326 0.307846
v 0.011025 0.032747 0.308078
v 0.010949 0.032092 0.308239
v 0.011035 0.031426 0.308308
v 0.011266 0.030817 0.308282
v 0.011623 0.030290 0.308169
v 0.012082 0.029871 0.307978
v 0.012622 0.029584 0.307715
v 0.011920 0.028927 0.305080
v 0.011546 0.028947 0.305659
v 0.012237 0.029076 0.304512
v 0.012485 0.029372 0.303981
v 0.012654 0.029797 0.303515
v 0.012733 0.030332 0.303138
v 0.012709 0.030957 0.302879
v 0.012583 0.031610 0.302770
v 0.012370 0.032225 0.302814
v 0.012086 0.032774 0.303000
v 0.011750 0.033231 0.303313
v 0.011376 0.033568 0.303741
v 0.010982 0.033759 0.304270
v 0.010608 0.033778 0.304849
v 0.010291 0.033630 0.305417
v 0.010042 0.033334 0.305948
v 0.009873 0.032909 0.306415
v 0.009795 0.032374 0.306791
v 0.009818 0.031749 0.307050
v 0.009945 0.031095 0.307160
v 0.010158 0.030481 0.307115
v 0.010441 0.029932 0.306930
v 0.010778 0.029475 0.306616
v 0.011152 0.029138 0.306188
v 0.009380 0.028172 0.304117
v 0.009244 0.028262 0.304784
v 0.009463 0.028251 0.303463
v 0.009495 0.028483 0.302852
v 0.009475 0.028851 0.302315
v 0.009402 0.029341 0.301883
v 0.009276 0.029936 0.301586
v 0.009108 0.030577 0.301461
v 0.008917 0.031198 0.301514
v 0.008713 0.031771 0.301729
v 0.008508 0.032267 0.302092
v 0.008313 0.032657 0.302586
v 0.008138 0.032913 0.303196
v 0.008002 0.033003 0.303863
v 0.007918 0.032924 0.304518
v 0.007886 0.032693 0.305128
v 0.007907 0.032324 0.305665
v 0.007980 0.031834 0.306097
v 0.008106 0.031240 0.306394
v 0.008274 0.030599 0.306519
v 0.008465 0.029977 0.306466
v 0.008668 0.029405 0.306251
v 0.008873 0.028909 0.305889
v 0.009069 0.028518 0.305395
v 0.006750 0.027414 0.304228
v 0.006881 0.027581 0.304887
v 0.006574 0.027417 0.303581
v 0.006366 0.027580 0.302977
v 0.006135 0.027888 0.302446
v 0.005896 0.028329 0.302019
v 0.005658 0.028891 0.301726
v 0.005448 0.029520 0.301602
v 0.005285 0.030150 0.301654
v 0.005173 0.030749 0.301867
v 0.005118 0.031288 0.302226
v 0.005124 0.031737 0.302714
v 0.005194 0.032064 0.303317
v 0.005325 0.032231 0.303977
v 0.005501 0.032228 0.304624
v 0.005710 0.032065 0.305228
v 0.005940 0.031757 0.305758
v 0.006180 0.031316 0.306186
v 0.006417 0.030753 0.306479
v 0.006628 0.030125 0.306603
v 0.006791 0.029495 0.306550
v 0.006902 0.028896 0.306337
v 0.006957 0.028357 0.305979
v 0.006952 0.027908 0.305491
v 0.004586 0.026829 0.305487
v 0.005036 0.027083 0.305970
v 0.004101 0.026749 0.305011
v 0.003607 0.026834 0.304565
v 0.003129 0.027074 0.304172
v 0.002693 0.027463 0.303853
v 0.002325 0.027990 0.303632
v 0.002067 0.028606 0.303535
v 0.001941 0.029245 0.303567
v 0.001942 0.029875 0.303718
v 0.002069 0.030463 0.303976
v 0.002316 0.030978 0.304330
v 0.002681 0.031385 0.304771
v 0.003131 0.031639 0.305254
v 0.003616 0.031719 0.305730
v 0.004111 0.031634 0.306176
v 0.004589 0.031393 0.306569
v 0.005025 0.031005 0.306888
v 0.005392 0.030478 0.307109
v 0.005650 0.029862 0.307206
v 0.005776 0.029223 0.307174
v 0.005775 0.028593 0.307024
v 0.005649 0.028004 0.306765
v 0.005401 0.027490 0.306411
v 0.003512 0.026601 0.307968
v 0.004187 0.026890 0.308063
v 0.002803 0.026485 0.307869
v 0.002097 0.026537 0.307771
v 0.001431 0.026749 0.307679
v 0.000842 0.027114 0.307598
v 0.000365 0.027626 0.307534
v 0.000055 0.028235 0.307492
v -0.000062 0.028877 0.307478
v 0.000005 0.029518 0.307490
v 0.000248 0.030126 0.307526
v 0.000658 0.030667 0.307585
v 0.001227 0.031107 0.307665
v 0.001903 0.031396 0.307760
v 0.002611 0.031511 0.307859
v 0.003317 0.031459 0.307957
v 0.003983 0.031247 0.308049
v 0.004573 0.030882 0.308130
v 0.005050 0.030371 0.308195
v 0.005359 0.029762 0.308236
v 0.005476 0.029120 0.308250
v 0.005409 0.028478 0.308238
v 0.005167 0.027871 0.308203
v 0.004757 0.027330 0.308144
v 0.005433 0.026489 0.311374
v 0.005898 0.026788 0.310978
v 0.004946 0.026363 0.311803
v 0.004463 0.026403 0.312243
v 0.004009 0.026605 0.312670
v 0.003609 0.026960 0.313060
v 0.003288 0.027462 0.313392
v 0.003083 0.028066 0.313627
v 0.003010 0.028705 0.313746
v 0.003063 0.029346 0.313751
v 0.003236 0.029957 0.313645
v 0.003524 0.030503 0.313431
v 0.003919 0.030951 0.313111
v 0.004384 0.031251 0.312715
v 0.004871 0.031377 0.312285
v 0.005354 0.031336 0.311846
v 0.005808 0.031135 0.311419
v 0.006208 0.030780 0.311028
v 0.006529 0.030277 0.310697
v 0.006734 0.029674 0.310461
v 0.006807 0.029035 0.310343
v 0.006754 0.028393 0.310338
v 0.006581 0.027783 0.310444
v 0.006293 0.027237 0.310658
v 0.011466 0.025515 0.316710
v 0.011872 0.025825 0.316270
v 0.011059 0.025375 0.317201
v 0.010672 0.025400 0.317716
v 0.010324 0.025584 0.318227
v 0.010034 0.025921 0.318708
v 0.009823 0.026407 0.319129
v 0.009715 0.026995 0.319446
v 0.009718 0.027623 0.319630
v 0.009823 0.028257 0.319682
v 0.010022 0.028865 0.319602
v 0.010307 0.029412 0.319392
v 0.010670 0.029867 0.319052
v 0.011076 0.030177 0.318612
v 0.011483 0.030317 0.318121
v 0.011870 0.030292 0.317606
v 0.012218 0.030108 0.317095
v 0.012507 0.029771 0.316615
v 0.012719 0.029285 0.316193
v 0.012827 0.028697 0.315876
v 0.012824 0.028069 0.315692
v 0.012719 0.027435 0.315640
v 0.012520 0.026827 0.315720
v 0.012235 0.026280 0.315930
v 0.019878 0.022760 0.322496
v 0.020287 0.023070 0.322060
v 0.019494 0.022612 0.323003
v 0.019155 0.022621 0.323549
v 0.018874 0.022783 0.324107
v 0.018671 0.023093 0.324646
v 0.018560 0.023546 0.325137
v 0.018557 0.024102 0.325526
v 0.018659 0.024699 0.325779
v 0.018852 0.025306 0.325892
v 0.019125 0.025891 0.325864
v 0.019465 0.026422 0.325692
v 0.019860 0.026868 0.325374
v 0.020270 0.027178 0.324938
v 0.020653 0.027326 0.324431
v 0.020993 0.027317 0.323884
v 0.021273 0.027155 0.323327
v 0.021477 0.026845 0.322788
v 0.021587 0.026391 0.322297
v 0.021590 0.025836 0.321907
v 0.021488 0.025239 0.321655
v 0.021295 0.024632 0.321542
v 0.021022 0.024047 0.321570
v 0.020682 0.023516 0.321742
v 0.028877 0.017372 0.327690
v 0.029325 0.017661 0.327275
v 0.028493 0.017223 0.328195
v 0.028187 0.017212 0.328761
v 0.027973 0.017336 0.329357
v 0.027864 0.017591 0.329951
v 0.027875 0.017974 0.330513
v 0.028008 0.018451 0.330981
v 0.028247 0.018970 0.331314
v 0.028571 0.019502 0.331503
v 0.028962 0.020020 0.331543
v 0.029401 0.020495 0.331429
v 0.029868 0.020900 0.331153
v 0.030315 0.021189 0.330739
v 0.030699 0.021338 0.330233
v 0.031005 0.021349 0.329667
v 0.031219 0.021225 0.329072
v 0.031328 0.020970 0.328477
v 0.031318 0.020587 0.327916
v 0.031184 0.020110 0.327447
v 0.030945 0.019591 0.327115
v 0.030621 0.019059 0.326926
v 0.030230 0.018541 0.326885
v 0.029792 0.018066 0.327000
v 0.036810 0.008550 0.331356
v 0.037315 0.008779 0.330969
v 0.036412 0.008417 0.331855
v 0.036131 0.008378 0.332433
v 0.035979 0.008433 0.333058
v 0.035969 0.008581 0.333697
v 0.036110 0.008823 0.334320
v 0.036395 0.009136 0.334859
v 0.036790 0.009486 0.335264
v 0.037266 0.009854 0.335525
v 0.037798 0.010220 0.335631
v 0.038359 0.010564 0.335574
v 0.038921 0.010867 0.335343
v 0.039426 0.011095 0.334955
v 0.039824 0.011229 0.334457
v 0.040105 0.011268 0.333879
v 0.040256 0.011213 0.333254
v 0.040267 0.011064 0.332614
v 0.040126 0.010823 0.331991
v 0.039840 0.010509 0.331452
v 0.039446 0.010159 0.331047
v 0.038969 0.009791 0.330787
v 0.038437 0.009426 0.330680
v 0.037877 0.009081 0.330738
v 0.002629 0.014238 0.375940
v 0.002535 0.011588 0.375821
v 0.001906 0.011623 0.375581
v 0.002000 0.014267 0.375700
v 0.003155 0.014206 0.376325
v 0.003060 0.011550 0.376205
v 0.003560 0.014173 0.376824
v 0.003465 0.011511 0.376704
v 0.003825 0.014141 0.377409
v 0.003730 0.011474 0.377289
v 0.003934 0.014112 0.378051
v 0.003838 0.011439 0.377931
v 0.003867 0.014087 0.378722
v 0.003772 0.011410 0.378601
v 0.003626 0.014070 0.379351
v 0.003531 0.011389 0.379230
v 0.003241 0.014061 0.379877
v 0.003146 0.011378 0.379756
v 0.002741 0.014061 0.380282
v 0.002646 0.011378 0.380161
v 0.002156 0.014069 0.380548
v 0.002060 0.011387 0.380427
v 0.001513 0.014085 0.380657
v 0.001418 0.011406 0.380537
v 0.000843 0.014108 0.380592
v 0.000747 0.011435 0.380472
v 0.000214 0.014138 0.380352
v 0.000119 0.011470 0.380232
v -0.000312 0.014170 0.379967
v -0.000407 0.011508 0.379848
v -0.000717 0.014203 0.379468
v -0.000811 0.011546 0.379349
v -0.000982 0.014234 0.378883
v -0.001077 0.011584 0.378764
v -0.001091 0.014263 0.378241
v -0.001185 0.011619 0.378122
v -0.001025 0.014288 0.377570
v -0.001119 0.011648 0.377452
v -0.000783 0.014305 0.376941
v -0.000877 0.011669 0.376823
v -0.000398 0.014314 0.376415
v -0.000492 0.011679 0.376297
v 0.000101 0.014315 0.376010
v 0.000008 0.011680 0.375892
v 0.000687 0.014307 0.375744
v 0.000593 0.011671 0.375625
v 0.001330 0.014291 0.375635
v 0.001236 0.011652 0.375516
v 0.002689 0.016780 0.376015
v 0.002059 0.016791 0.375774
v 0.003215 0.016767 0.376400
v 0.003620 0.016754 0.376900
v 0.003886 0.016742 0.377486
v 0.003995 0.016730 0.378128
v 0.003929 0.016721 0.378799
v 0.003688 0.016714 0.379429
v 0.003303 0.016710 0.379955
v 0.002804 0.016710 0.380360
v 0.002218 0.016713 0.380626
v 0.001575 0.016720 0.380735
v 0.000904 0.016729 0.380669
v 0.000275 0.016741 0.380428
v -0.000252 0.016754 0.380044
v -0.000657 0.016767 0.379544
v -0.000923 0.016779 0.378958
v -0.001032 0.016790 0.378315
v -0.000966 0.016800 0.377644
v -0.000725 0.016807 0.377015
v -0.000340 0.016810 0.376488
v 0.000160 0.016810 0.376083
v 0.000745 0.016807 0.375817
v 0.001388 0.016801 0.375708
v 0.002680 0.019121 0.376003
v 0.002050 0.019099 0.375762
v 0.003206 0.019146 0.376388
v 0.003611 0.019171 0.376888
v 0.003877 0.019196 0.377474
v 0.003986 0.019218 0.378116
v 0.003920 0.019237 0.378787
v 0.003679 0.019251 0.379417
v 0.003295 0.019258 0.379943
v 0.002795 0.019258 0.380348
v 0.002209 0.019253 0.380614
v 0.001566 0.019241 0.380723
v 0.000895 0.019222 0.380657
v 0.000266 0.019200 0.380416
v -0.000261 0.019175 0.380031
v -0.000666 0.019150 0.379532
v -0.000932 0.019126 0.378946
v -0.001041 0.019103 0.378303
v -0.000975 0.019084 0.377632
v -0.000734 0.019070 0.377003
v -0.000349 0.019063 0.376476
v 0.000151 0.019063 0.376071
v 0.000737 0.019069 0.375805
v 0.001379 0.019081 0.375696
v 0.002572 0.021161 0.375865
v 0.001946 0.021079 0.375628
v 0.003096 0.021250 0.376246
v 0.003498 0.021342 0.376742
v 0.003761 0.021431 0.377324
v 0.003867 0.021513 0.377963
v 0.003799 0.021582 0.378631
v 0.003556 0.021632 0.379259
v 0.003170 0.021657 0.379784
v 0.002670 0.021658 0.380189
v 0.002085 0.021637 0.380456
v 0.001444 0.021593 0.380567
v 0.000776 0.021526 0.380504
v 0.000149 0.021444 0.380266
v -0.000375 0.021355 0.379885
v -0.000777 0.021263 0.379390
v -0.001040 0.021174 0.378808
v -0.001146 0.021092 0.378168
v -0.001078 0.021023 0.377501
v -0.000835 0.020973 0.376873
v -0.000449 0.020948 0.376348
v 0.000051 0.020947 0.375943
v 0.000636 0.020968 0.375676
v 0.001277 0.021012 0.375565
v 0.002345 0.022782 0.375575
v 0.001731 0.022596 0.375355
v 0.002854 0.022983 0.375938
v 0.003241 0.023189 0.376415
v 0.003490 0.023390 0.376978
v 0.003583 0.023573 0.377601
v 0.003503 0.023730 0.378254
v 0.003253 0.023841 0.378872
v 0.002863 0.023897 0.379392
v 0.002363 0.023901 0.379796
v 0.001782 0.023852 0.380068
v 0.001147 0.023752 0.380188
v 0.000489 0.023603 0.380138
v -0.000124 0.023418 0.379918
v -0.000633 0.023217 0.379555
v -0.001020 0.023010 0.379078
v -0.001269 0.022810 0.378515
v -0.001362 0.022626 0.377892
v -0.001283 0.022470 0.377239
v -0.001032 0.022359 0.376621
v -0.000642 0.022302 0.376101
v -0.000142 0.022299 0.375697
v 0.000439 0.022347 0.375425
v 0.001073 0.022447 0.375305
v 0.002536 0.023587 0.375057
v 0.001941 0.023425 0.374779
v 0.002995 0.023833 0.375452
v 0.003305 0.024145 0.375936
v 0.003455 0.024506 0.376481
v 0.003432 0.024897 0.377061
v 0.003224 0.025300 0.377648
v 0.002845 0.025674 0.378181
v 0.002341 0.025982 0.378607
v 0.001744 0.026214 0.378914
v 0.001088 0.026359 0.379090
v 0.000407 0.026408 0.379120
v -0.000266 0.026351 0.378993
v -0.000861 0.026189 0.378715
v -0.001320 0.025943 0.378320
v -0.001630 0.025631 0.377836
v -0.001780 0.025270 0.377291
v -0.001757 0.024879 0.376711
v -0.001549 0.024476 0.376124
v -0.001170 0.024102 0.375591
v -0.000666 0.023794 0.375165
v -0.000069 0.023562 0.374858
v 0.000587 0.023417 0.374683
v 0.001268 0.023368 0.374652
v 0.002511 0.024371 0.373017
v 0.002022 0.023932 0.372865
v 0.002849 0.024900 0.373193
v 0.003031 0.025488 0.373382
v 0.003050 0.026102 0.373573
v 0.002903 0.026711 0.373758
v 0.002582 0.027282 0.373925
v 0.002116 0.027754 0.374056
v 0.001556 0.028083 0.374141
v 0.000937 0.028264 0.374176
v 0.000292 0.028291 0.374164
v -0.000345 0.028158 0.374101
v -0.000940 0.027860 0.373989
v -0.001429 0.027422 0.373837
v -0.001767 0.026893 0.373661
v -0.001949 0.026305 0.373473
v -0.001969 0.025691 0.373281
v -0.001821 0.025082 0.373096
v -0.001500 0.024511 0.372929
v -0.001034 0.024039 0.372798
v -0.000475 0.023709 0.372714
v 0.000145 0.023529 0.372678
v 0.000789 0.023502 0.372690
v 0.001426 0.023635 0.372753
v 0.003169 0.026904 0.364211
v 0.002682 0.026469 0.364043
v 0.003507 0.027432 0.364389
v 0.003690 0.028022 0.364568
v 0.003712 0.028642 0.364740
v 0.003567 0.029259 0.364894
v 0.003252 0.029841 0.365022
v 0.002790 0.030325 0.365109
v 0.002236 0.030666 0.365147
v 0.001622 0.030859 0.365139
v 0.000982 0.030896 0.365086
v 0.000349 0.030772 0.364990
v -0.000243 0.030481 0.364851
v -0.000731 0.030047 0.364684
v -0.001068 0.029518 0.364506
v -0.001251 0.028928 0.364327
v -0.001273 0.028309 0.364155
v -0.001129 0.027692 0.364000
v -0.000813 0.027110 0.363873
v -0.000352 0.026626 0.363786
v 0.000203 0.026285 0.363747
v 0.000817 0.026092 0.363756
v 0.001457 0.026055 0.363809
v 0.002090 0.026178 0.363905
v 0.004460 0.029964 0.352657
v 0.003973 0.029531 0.352487
v 0.004798 0.030493 0.352834
v 0.004981 0.031085 0.353009
v 0.005004 0.031706 0.353172
v 0.004861 0.032326 0.353315
v 0.004547 0.032912 0.353428
v 0.004088 0.033400 0.353498
v 0.003535 0.033746 0.353521
v 0.002923 0.033942 0.353498
v 0.002284 0.033983 0.353431
v 0.001653 0.033863 0.353324
v 0.001061 0.033574 0.353178
v 0.000574 0.033140 0.353007
v 0.000236 0.032611 0.352830
v 0.000053 0.032020 0.352655
v 0.000030 0.031398 0.352492
v 0.000173 0.030778 0.352350
v 0.000487 0.030192 0.352236
v 0.000947 0.029704 0.352166
v 0.001499 0.029358 0.352144
v 0.002111 0.029162 0.352167
v 0.002750 0.029121 0.352233
v 0.003382 0.029242 0.352341
v 0.005937 0.032922 0.340913
v 0.005450 0.032488 0.340743
v 0.006276 0.033451 0.341086
v 0.006459 0.034044 0.341255
v 0.006483 0.034668 0.341412
v 0.006341 0.035290 0.341546
v 0.006028 0.035878 0.341650
v 0.005570 0.036369 0.341711
v 0.005019 0.036716 0.341725
v 0.004408 0.036915 0.341694
v 0.003770 0.036957 0.341622
v 0.003139 0.036837 0.341511
v 0.002548 0.036548 0.341363
v 0.002060 0.036115 0.341194
v 0.001722 0.035585 0.341020
v 0.001538 0.034992 0.340851
v 0.001514 0.034368 0.340695
v 0.001656 0.033746 0.340561
v 0.001969 0.033158 0.340457
v 0.002427 0.032668 0.340396
v 0.002979 0.032320 0.340382
v 0.003590 0.032122 0.340412
v 0.004228 0.032079 0.340485
v 0.004859 0.032199 0.340596
v 0.007164 0.035161 0.331470
v 0.006675 0.034725 0.331310
v 0.007504 0.035693 0.331633
v 0.007689 0.036289 0.331791
v 0.007714 0.036915 0.331935
v 0.007574 0.037540 0.332057
v 0.007263 0.038131 0.332150
v 0.006806 0.038624 0.332202
v 0.006255 0.038973 0.332210
v 0.005644 0.039172 0.332176
v 0.005006 0.039214 0.332104
v 0.004375 0.039093 0.331996
v 0.003783 0.038803 0.331855
v 0.003294 0.038367 0.331695
v 0.002955 0.037835 0.331532
v 0.002769 0.037239 0.331374
v 0.002744 0.036613 0.331230
v 0.002884 0.035988 0.331108
v 0.003196 0.035397 0.331015
v 0.003653 0.034904 0.330963
v 0.004203 0.034555 0.330955
v 0.004814 0.034356 0.330988
v 0.005452 0.034314 0.331061
v 0.006083 0.034434 0.331169
v 0.007695 0.036051 0.326904
v 0.007195 0.035595 0.326861
v 0.008046 0.036605 0.326945
v 0.008243 0.037222 0.326982
v 0.008280 0.037870 0.327013
v 0.008149 0.038513 0.327037
v 0.007845 0.039118 0.327050
v 0.007394 0.039621 0.327053
v 0.006845 0.039975 0.327044
v 0.006233 0.040172 0.327025
v 0.005591 0.040207 0.326998
v 0.004952 0.040074 0.326963
v 0.004351 0.039767 0.326921
v 0.003851 0.039311 0.326878
v 0.003500 0.038757 0.326837
v 0.003303 0.038139 0.326800
v 0.003266 0.037492 0.326769
v 0.003397 0.036849 0.326746
v 0.003700 0.036243 0.326732
v 0.004152 0.035740 0.326730
v 0.004701 0.035387 0.326738
v 0.005313 0.035190 0.326757
v 0.005955 0.035154 0.326785
v 0.006593 0.035287 0.326820
v 0.008128 0.035468 0.318563
v 0.007624 0.035020 0.318624
v 0.008485 0.036012 0.318470
v 0.008689 0.036619 0.318352
v 0.008732 0.037256 0.318215
v 0.008609 0.037889 0.318067
v 0.008313 0.038485 0.317914
v 0.007867 0.038981 0.317772
v 0.007323 0.039330 0.317654
v 0.006715 0.039525 0.317566
v 0.006074 0.039561 0.317510
v 0.005436 0.039432 0.317491
v 0.004832 0.039131 0.317512
v 0.004328 0.038683 0.317573
v 0.003971 0.038139 0.317666
v 0.003767 0.037532 0.317784
v 0.003724 0.036895 0.317921
v 0.003847 0.036262 0.318069
v 0.004143 0.035665 0.318223
v 0.004589 0.035170 0.318365
v 0.005133 0.034821 0.318482
v 0.005741 0.034626 0.318570
v 0.006382 0.034590 0.318626
v 0.007021 0.034719 0.318645
v 0.008602 0.033662 0.314469
v 0.008081 0.033279 0.314684
v 0.008982 0.034119 0.314168
v 0.009213 0.034621 0.313800
v 0.009287 0.035142 0.313386
v 0.009195 0.035655 0.312948
v 0.008930 0.036132 0.312506
v 0.008513 0.036521 0.312107
v 0.007991 0.036787 0.311789
v 0.007397 0.036926 0.311561
v 0.006764 0.036933 0.311434
v 0.006125 0.036805 0.311416
v 0.005512 0.036539 0.311518
v 0.004992 0.036155 0.311732
v 0.004612 0.035699 0.312034
v 0.004381 0.035196 0.312402
v 0.004307 0.034675 0.312815
v 0.004399 0.034162 0.313253
v 0.004663 0.033686 0.313695
v 0.005081 0.033296 0.314094
v 0.005603 0.033030 0.314413
v 0.006197 0.032892 0.314640
v 0.006830 0.032884 0.314768
v 0.007469 0.033012 0.314785
v 0.009085 0.031603 0.313111
v 0.008526 0.031384 0.313427
v 0.009519 0.031826 0.312663
v 0.009817 0.032041 0.312115
v 0.009966 0.032239 0.311498
v 0.009955 0.032408 0.310842
v 0.009771 0.032536 0.310180
v 0.009427 0.032610 0.309580
v 0.008963 0.032622 0.309100
v 0.008412 0.032579 0.308755
v 0.007803 0.032482 0.308560
v 0.007169 0.032336 0.308528
v 0.006538 0.032144 0.308674
v 0.005979 0.031925 0.308990
v 0.005545 0.031703 0.309438
v 0.005247 0.031487 0.309986
v 0.005098 0.031289 0.310603
v 0.005109 0.031121 0.311258
v 0.005293 0.030992 0.311921
v 0.005637 0.030919 0.312521
v 0.006101 0.030906 0.313001
v 0.006652 0.030950 0.313346
v 0.007261 0.031047 0.313541
v 0.007895 0.031193 0.313573
v 0.009792 0.028974 0.313024
v 0.009208 0.028849 0.313336
v 0.010269 0.029044 0.312582
v 0.010621 0.029059 0.312041
v 0.010835 0.029020 0.311430
v 0.010894 0.028927 0.310781
v 0.010785 0.028781 0.310124
v 0.010511 0.028596 0.309528
v 0.010107 0.028391 0.309052
v 0.009601 0.028178 0.308708
v 0.009023 0.027968 0.308512
v 0.008401 0.027772 0.308479
v 0.007764 0.027602 0.308621
v 0.007179 0.027476 0.308933
v 0.006703 0.027407 0.309375
v 0.006351 0.027392 0.309916
v 0.006137 0.027431 0.310527
v 0.006077 0.027524 0.311176
v 0.006187 0.027669 0.311833
v 0.006461 0.027855 0.312429
v 0.006865 0.028060 0.312905
v 0.007371 0.028273 0.313249
v 0.007949 0.028483 0.313445
v 0.008571 0.028679 0.313478
v 0.010838 0.026109 0.313839
v 0.010257 0.025968 0.314152
v 0.011323 0.026162 0.313406
v 0.011695 0.026128 0.312882
v 0.011939 0.026014 0.312298
v 0.012037 0.025821 0.311682
v 0.011973 0.025556 0.311065
v 0.011747 0.025241 0.310510
v 0.011388 0.024912 0.310072
v 0.010924 0.024584 0.309764
v 0.010381 0.024275 0.309598
v 0.009786 0.024003 0.309586
v 0.009166 0.023783 0.309741
v 0.008585 0.023641 0.310054
v 0.008099 0.023589 0.310488
v 0.007727 0.023622 0.311011
v 0.007484 0.023737 0.311596
v 0.007386 0.023929 0.312211
v 0.007450 0.024195 0.312829
v 0.007676 0.024510 0.313383
v 0.008034 0.024839 0.313821
v 0.008498 0.025167 0.314129
v 0.009041 0.025475 0.314296
v 0.009636 0.025748 0.314308
v 0.012191 0.023821 0.314789
v 0.011699 0.023544 0.315157
v 0.012603 0.023985 0.314311
v 0.012921 0.024035 0.313755
v 0.013132 0.023973 0.313150
v 0.013220 0.023798 0.312528
v 0.013172 0.023510 0.311920
v 0.012987 0.023136 0.311391
v 0.012690 0.022716 0.310990
v 0.012302 0.022275 0.310729
v 0.011847 0.021835 0.310616
v 0.011346 0.021419 0.310661
v 0.010823 0.021053 0.310876
v 0.010331 0.020776 0.311244
v 0.009918 0.020612 0.311722
v 0.009600 0.020561 0.312278
v 0.009390 0.020624 0.312883
v 0.009301 0.020799 0.313505
v 0.009349 0.021086 0.314113
v 0.009534 0.021461 0.314642
v 0.009831 0.021880 0.315043
v 0.010219 0.022322 0.315305
v 0.010675 0.022762 0.315417
v 0.011175 0.023177 0.315372
v -0.001348 0.021582 0.334087
v -0.000794 0.021783 0.334287
v -0.000347 0.022039 0.334601
v -0.000028 0.022337 0.335012
v 0.000137 0.022661 0.335505
v 0.000125 0.022994 0.336042
v -0.000063 0.023301 0.336569
v -0.000401 0.023555 0.337049
v -0.000864 0.023748 0.337461
v -0.001430 0.023870 0.337782
v -0.002074 0.023914 0.337990
v -0.002749 0.023868 0.338062
v -0.003387 0.023735 0.337992
v -0.003941 0.023534 0.337792
v -0.004389 0.023278 0.337478
v -0.004707 0.022981 0.337067
v -0.004873 0.022656 0.336574
v -0.004861 0.022323 0.336036
v -0.004673 0.022016 0.335510
v -0.004335 0.021762 0.335029
v -0.003871 0.021570 0.334618
v -0.003306 0.021447 0.334297
v -0.002662 0.021404 0.334088
v -0.001986 0.021457 0.334037
vn -0.0000 0.6294 -0.7771
vn -0.2153 0.5914 -0.7771
vn -0.3155 0.8669 -0.3860
vn -0.0000 0.9225 -0.3860
vn -0.4046 0.4821 -0.7771
vn -0.5930 0.7067 -0.3860
vn -0.5451 0.3147 -0.7771
vn -0.7989 0.4613 -0.3860
vn -0.6198 0.1093 -0.7771
vn -0.9085 0.1602 -0.3860
vn -0.6198 -0.1093 -0.7771
vn -0.9085 -0.1602 -0.3860
vn -0.5451 -0.3147 -0.7771
vn -0.7989 -0.4613 -0.3860
vn -0.4046 -0.4821 -0.7771
vn -0.5930 -0.7067 -0.3860
vn -0.2153 -0.5914 -0.7771
vn -0.3155 -0.8669 -0.3860
vn -0.0000 -0.6294 -0.7771
vn -0.0000 -0.9225 -0.3860
vn 0.2153 -0.5914 -0.7771
vn 0.3155 -0.8669 -0.3860
vn 0.4046 -0.4821 -0.7771
vn 0.5930 -0.7067 -0.3860
vn 0.5451 -0.3147 -0.7771
vn 0.7989 -0.4613 -0.3860
vn 0.6198 -0.1093 -0.7771
vn 0.9085 -0.1602 -0.3860
vn 0.6198 0.1093 -0.7771
vn 0.9085 0.1602 -0.3860
vn 0.5451 0.3147 -0.7771
vn 0.7989 0.4613 -0.3860
vn 0.4046 0.4821 -0.7771
vn 0.5930 0.7067 -0.3860
vn 0.2153 0.5914 -0.7771
vn 0.3155 0.8669 -0.3860
vn -0.3346 0.9192 -0.2075
vn -0.0000 0.9782 -0.2075
vn -0.6288 0.7494 -0.2075
vn -0.8472 0.4891 -0.2075
vn -0.9634 0.1699 -0.2075
vn -0.9634 -0.1699 -0.2075
vn -0.8472 -0.4891 -0.2075
vn -0.6288 -0.7494 -0.2075
vn -0.3346 -0.9192 -0.2075
vn -0.0000 -0.9782 -0.2075
vn 0.3346 -0.9192 -0.2075
vn 0.6288 -0.7494 -0.2075
vn 0.8472 -0.4891 -0.2075
vn 0.9634 -0.1699 -0.2075
vn 0.9634 0.1699 -0.2075
vn 0.8472 0.4891 -0.2075
vn 0.6288 0.7494 -0.2075
vn 0.3346 0.9192 -0.2075
vn -0.3392 0.9320 0.1276
vn -0.0000 0.9918 0.1276
vn -0.6375 0.7598 0.1276
vn -0.8589 0.4959 0.1276
vn -0.9768 0.1722 0.1276
vn -0.9768 -0.1722 0.1276
vn -0.8589 -0.4959 0.1276
vn -0.6375 -0.7598 0.1276
vn -0.3392 -0.9320 0.1276
vn -0.0000 -0.9918 0.1276
vn 0.3392 -0.9320 0.1276
vn 0.6375 -0.7598 0.1276
vn 0.8589 -0.4959 0.1276
vn 0.9768 -0.1722 0.1276
vn 0.9768 0.1722 0.1276
vn 0.8589 0.4959 0.1276
vn 0.6375 0.7598 0.1276
vn 0.3392 0.9320 0.1276
vn 0.0858 0.1023 -0.9910
vn 0.1157 0.0668 -0.9910
vn 0.1315 0.0232 -0.9910
vn 0.1315 -0.0232 -0.9910
vn 0.1157 -0.0668 -0.9910
vn 0.0858 -0.1023 -0.9910
vn 0.0457 -0.1255 -0.9910
vn -0.0000 -0.1335 -0.9910
vn -0.0457 -0.1255 -0.9910
vn -0.0858 -0.1023 -0.9910
vn -0.1157 -0.0668 -0.9910
vn -0.1315 -0.0232 -0.9910
vn -0.1315 0.0232 -0.9910
vn -0.1157 0.0668 -0.9910
vn -0.0858 0.1023 -0.9910
vn -0.0457 0.1255 -0.9910
vn -0.0000 0.1335 -0.9910
vn 0.0457 0.1255 -0.9910
vn -0.0107 0.0295 0.9995
vn -0.0202 0.0241 0.9995
vn -0.0272 0.0157 0.9995
vn -0.0309 0.0055 0.9995
vn -0.0309 -0.0055 0.9995
vn -0.0272 -0.0157 0.9995
vn -0.0202 -0.0241 0.9995
vn -0.0107 -0.0295 0.9995
vn -0.0000 -0.0314 0.9995
vn 0.0107 -0.0295 0.9995
vn 0.0202 -0.0241 0.9995
vn 0.0272 -0.0157 0.9995
vn 0.0309 -0.0055 0.9995
vn 0.0309 0.0055 0.9995
vn 0.0272 0.0157 0.9995
vn 0.0202 0.0241 0.9995
vn 0.0107 0.0295 0.9995
vn -0.0000 0.0314 0.9995
vn -0.2194 0.6028 0.7672
vn -0.0000 0.6415 0.7672
vn -0.4123 0.4914 0.7672
vn -0.5555 0.3207 0.7672
vn -0.6317 0.1114 0.7672
vn -0.6317 -0.1114 0.7672
vn -0.5555 -0.3207 0.7672
vn -0.4123 -0.4914 0.7672
vn -0.2194 -0.6028 0.7672
vn -0.0000 -0.6415 0.7672
vn 0.2194 -0.6028 0.7672
vn 0.4123 -0.4914 0.7672
vn 0.5555 -0.3207 0.7672
vn 0.6317 -0.1114 0.7672
vn 0.6317 0.1114 0.7672
vn 0.5555 0.3207 0.7672
vn 0.4123 0.4914 0.7672
vn 0.2194 0.6028 0.7672
vn -0.0351 0.0964 0.9947
vn -0.0000 0.1026 0.9947
vn -0.0659 0.0786 0.9947
vn -0.0888 0.0513 0.9947
vn -0.1010 0.0178 0.9947
vn -0.1010 -0.0178 0.9947
vn -0.0888 -0.0513 0.9947
vn -0.0659 -0.0786 0.9947
vn -0.0351 -0.0964 0.9947
vn -0.0000 -0.1026 0.9947
vn 0.0351 -0.0964 0.9947
vn 0.0659 -0.0786 0.9947
vn 0.0888 -0.0513 0.9947
vn 0.1010 -0.0178 0.9947
vn 0.1010 0.0178 0.9947
vn 0.0888 0.0513 0.9947
vn 0.0659 0.0786 0.9947
vn 0.0351 0.0964 0.9947
vn -0.0000 0.3358 -0.9419
vn -0.1148 0.3155 -0.9419
vn -0.2433 0.6685 -0.7028
vn -0.0000 0.7114 -0.7028
vn -0.2158 0.2572 -0.9419
vn -0.4573 0.5450 -0.7028
vn -0.2908 0.1679 -0.9419
vn -0.6161 0.3557 -0.7028
vn -0.3307 0.0583 -0.9419
vn -0.7006 0.1235 -0.7028
vn -0.3307 -0.0583 -0.9419
vn -0.7006 -0.1235 -0.7028
vn -0.2908 -0.1679 -0.9419
vn -0.6161 -0.3557 -0.7028
vn -0.2158 -0.2572 -0.9419
vn -0.4573 -0.5450 -0.7028
vn -0.1148 -0.3155 -0.9419
vn -0.2433 -0.6685 -0.7028
vn -0.0000 -0.3358 -0.9419
vn -0.0000 -0.7114 -0.7028
vn 0.1148 -0.3155 -0.9419
vn 0.2433 -0.6685 -0.7028
vn 0.2158 -0.2572 -0.9419
vn 0.4573 -0.5450 -0.7028
vn 0.2908 -0.1679 -0.9419
vn 0.6161 -0.3557 -0.7028
vn 0.3307 -0.0583 -0.9419
vn 0.7006 -0.1235 -0.7028
vn 0.3307 0.0583 -0.9419
vn 0.7006 0.1235 -0.7028
vn 0.2908 0.1679 -0.9419
vn 0.6161 0.3557 -0.7028
vn 0.2158 0.2572 -0.9419
vn 0.4573 0.5450 -0.7028
vn 0.1148 0.3155 -0.9419
vn 0.2433 0.6685 -0.7028
vn -0.3261 0.8959 -0.3017
vn -0.0000 0.9534 -0.3017
vn -0.6128 0.7303 -0.3017
vn -0.8257 0.4767 -0.3017
vn -0.9389 0.1656 -0.3017
vn -0.9389 -0.1656 -0.3017
vn -0.8257 -0.4767 -0.3017
vn -0.6128 -0.7303 -0.3017
vn -0.3261 -0.8959 -0.3017
vn -0.0000 -0.9534 -0.3017
vn 0.3261 -0.8959 -0.3017
vn 0.6128 -0.7303 -0.3017
vn 0.8257 -0.4767 -0.3017
vn 0.9389 -0.1656 -0.3017
vn 0.9389 0.1656 -0.3017
vn 0.8257 0.4767 -0.3017
vn 0.6128 0.7303 -0.3017
vn 0.3261 0.8959 -0.3017
vn -0.3261 0.8959 0.3017
vn -0.0000 0.9534 0.3017
vn -0.6128 0.7303 0.3017
vn -0.8257 0.4767 0.3017
vn -0.9389 0.1656 0.3017
vn -0.9389 -0.1656 0.3017
vn -0.8257 -0.4767 0.3017
vn -0.6128 -0.7303 0.3017
vn -0.3261 -0.8959 0.3017
vn -0.0000 -0.9534 0.3017
vn 0.3261 -0.8959 0.3017
vn 0.6128 -0.7303 0.3017
vn 0.8257 -0.4767 0.3017
vn 0.9389 -0.1656 0.3017
vn 0.9389 0.1656 0.3017
vn 0.8257 0.4767 0.3017
vn 0.6128 0.7303 0.3017
vn 0.3261 0.8959 0.3017
vn -0.2433 0.6685 0.7028
vn -0.0000 0.7114 0.7028
vn -0.4573 0.5450 0.7028
vn -0.6161 0.3557 0.7028
vn -0.7006 0.1235 0.7028
vn -0.7006 -0.1235 0.7028
vn -0.6161 -0.3557 0.7028
vn -0.4573 -0.5450 0.7028
vn -0.2433 -0.6685 0.7028
vn -0.0000 -0.7114 0.7028
vn 0.2433 -0.6685 0.7028
vn 0.4573 -0.5450 0.7028
vn 0.6161 -0.3557 0.7028
vn 0.7006 -0.1235 0.7028
vn 0.7006 0.1235 0.7028
vn 0.6161 0.3557 0.7028
vn 0.4573 0.5450 0.7028
vn 0.2433 0.6685 0.7028
vn -0.1148 0.3155 0.9419
vn -0.0000 0.3358 0.9419
vn -0.2158 0.2572 0.9419
vn -0.2908 0.1679 0.9419
vn -0.3307 0.0583 0.9419
vn -0.3307 -0.0583 0.9419
vn -0.2908 -0.1679 0.9419
vn -0.2158 -0.2572 0.9419
vn -0.1148 -0.3155 0.9419
vn -0.0000 -0.3358 0.9419
vn 0.1148 -0.3155 0.9419
vn 0.2158 -0.2572 0.9419
vn 0.2908 -0.1679 0.9419
vn 0.3307 -0.0583 0.9419
vn 0.3307 0.0583 0.9419
vn 0.2908 0.1679 0.9419
vn 0.2158 0.2572 0.9419
vn 0.1148 0.3155 0.9419
vn -0.0218 -0.2833 -0.9588
vn -0.2842 -0.2419 -0.9277
vn -0.0911 0.3879 -0.9172
vn 0.0958 0.3498 -0.9319
vn 0.2380 -0.3043 -0.9224
vn 0.2794 0.3310 -0.9013
vn 0.4765 -0.3049 -0.8247
vn 0.4479 0.3301 -0.8309
vn 0.6832 -0.2855 -0.6721
vn 0.5958 0.3460 -0.7248
vn 0.8473 -0.2464 -0.4705
vn 0.7164 0.3792 -0.5856
vn 0.9540 -0.1893 -0.2324
vn 0.7987 0.4303 -0.4206
vn 0.9927 -0.1185 0.0217
vn 0.8340 0.4954 -0.2430
vn 0.9623 -0.0404 0.2691
vn 0.8194 0.5691 -0.0684
vn 0.8690 0.0390 0.4932
vn 0.7587 0.6450 0.0916
vn 0.7192 0.1163 0.6850
vn 0.6552 0.7194 0.2305
vn 0.5181 0.1875 0.8345
vn 0.5115 0.7890 0.3403
vn 0.2776 0.2470 0.9284
vn 0.3353 0.8486 0.4092
vn 0.0177 0.2892 0.9571
vn 0.1422 0.8918 0.4295
vn -0.2391 0.3108 0.9199
vn -0.0500 0.9151 0.4001
vn -0.4749 0.3115 0.8231
vn -0.2275 0.9173 0.3267
vn -0.6799 0.2918 0.6727
vn -0.3821 0.8989 0.2145
vn -0.8435 0.2521 0.4743
vn -0.5056 0.8601 0.0676
vn -0.9513 0.1941 0.2394
vn -0.5858 0.8036 -0.1054
vn -0.9924 0.1226 -0.0123
vn -0.6145 0.7341 -0.2888
vn -0.9648 0.0440 -0.2593
vn -0.5909 0.6588 -0.4657
vn -0.8741 -0.0356 -0.4844
vn -0.5212 0.5829 -0.6234
vn -0.7262 -0.1125 -0.6782
vn -0.4112 0.5097 -0.7557
vn -0.5258 -0.1832 -0.8307
vn -0.2651 0.4426 -0.8566
vn -0.0104 -0.1553 -0.9878
vn -0.2750 -0.1330 -0.9522
vn 0.2508 -0.1665 -0.9536
vn 0.4899 -0.1667 -0.8557
vn 0.6961 -0.1560 -0.7008
vn 0.8585 -0.1344 -0.4948
vn 0.9626 -0.1027 -0.2508
vn 0.9979 -0.0635 0.0102
vn 0.9640 -0.0203 0.2652
vn 0.8674 0.0236 0.4971
vn 0.7144 0.0660 0.6966
vn 0.5105 0.1050 0.8535
vn 0.2675 0.1373 0.9537
vn 0.0058 0.1600 0.9871
vn -0.2520 0.1713 0.9524
vn -0.4880 0.1711 0.8559
vn -0.6923 0.1596 0.7037
vn -0.8543 0.1372 0.5014
vn -0.9597 0.1050 0.2607
vn -0.9979 0.0655 0.0018
vn -0.9672 0.0223 -0.2532
vn -0.8734 -0.0212 -0.4865
vn -0.7225 -0.0630 -0.6885
vn -0.5192 -0.1013 -0.8486
vn -0.0056 -0.0334 -0.9994
vn -0.2781 -0.0573 -0.9588
vn 0.2462 -0.0262 -0.9689
vn 0.4966 0.0123 -0.8679
vn 0.7028 0.0080 -0.7114
vn 0.8643 0.0033 -0.5030
vn 0.9666 -0.0007 -0.2563
vn 1.0000 -0.0037 0.0076
vn 0.9641 -0.0054 0.2655
vn 0.8659 -0.0062 0.5002
vn 0.7117 -0.0063 0.7025
vn 0.5066 -0.0057 0.8622
vn 0.2629 -0.0048 0.9648
vn 0.0005 -0.0035 1.0000
vn -0.2577 -0.0022 0.9662
vn -0.4937 -0.0009 0.8696
vn -0.6975 0.0003 0.7166
vn -0.8586 0.0016 0.5126
vn -0.9629 0.0027 0.2697
vn -1.0000 0.0039 0.0081
vn -0.9683 0.0053 -0.2499
vn -0.8736 0.0068 -0.4865
vn -0.7113 -0.0051 -0.7029
vn -0.5158 -0.0592 -0.8547
vn -0.0318 0.0027 -0.9995
vn -0.2831 -0.0868 -0.9552
vn 0.2034 0.1319 -0.9702
vn 0.4681 0.2174 -0.8565
vn 0.6960 0.2172 -0.6844
vn 0.8624 0.1711 -0.4765
vn 0.9667 0.0983 -0.2365
vn 0.9998 0.0133 0.0156
vn 0.9635 -0.0703 0.2582
vn 0.8666 -0.1448 0.4776
vn 0.7159 -0.2068 0.6669
vn 0.5162 -0.2537 0.8180
vn 0.2780 -0.2822 0.9182
vn 0.0194 -0.2899 0.9569
vn -0.2381 -0.2756 0.9313
vn -0.4766 -0.2407 0.8455
vn -0.6848 -0.1880 0.7041
vn -0.8509 -0.1217 0.5111
vn -0.9600 -0.0511 0.2754
vn -0.9999 0.0048 0.0122
vn -0.9648 0.0199 -0.2621
vn -0.8491 -0.0372 -0.5270
vn -0.6329 -0.1320 -0.7629
vn -0.4628 -0.1079 -0.8799
vn 0.4761 0.8313 -0.2868
vn 0.2409 0.8826 -0.4038
vn 0.1916 0.5279 -0.8274
vn 0.4886 0.5692 -0.6613
vn 0.6762 0.7213 -0.1499
vn 0.7222 0.5066 -0.4709
vn 0.8265 0.5629 -0.0040
vn 0.8852 0.3753 -0.2750
vn 0.9200 0.3649 0.1430
vn 0.9754 0.2065 -0.0773
vn 0.9494 0.1366 0.2829
vn 0.9931 0.0198 0.1157
vn 0.9091 -0.1044 0.4033
vn 0.9416 -0.1661 0.2928
vn 0.8028 -0.3355 0.4928
vn 0.8312 -0.3351 0.4436
vn 0.6439 -0.5368 0.5452
vn 0.6758 -0.4765 0.5623
vn 0.4476 -0.6971 0.5601
vn 0.4863 -0.5857 0.6484
vn 0.2238 -0.8120 0.5390
vn 0.2675 -0.6595 0.7025
vn -0.0189 -0.8759 0.4821
vn 0.0235 -0.6923 0.7212
vn -0.2643 -0.8814 0.3914
vn -0.2358 -0.6716 0.7024
vn -0.4925 -0.8262 0.2736
vn -0.4779 -0.6015 0.6402
vn -0.6845 -0.7157 0.1388
vn -0.6942 -0.4873 0.5297
vn -0.8287 -0.5597 -0.0029
vn -0.8605 -0.3382 0.3809
vn -0.9191 -0.3666 -0.1447
vn -0.9653 -0.1667 0.2009
vn -0.9492 -0.1448 -0.2794
vn -0.9999 0.0118 -0.0010
vn -0.9136 0.0903 -0.3964
vn -0.9656 0.1506 -0.2122
vn -0.8146 0.3179 -0.4852
vn -0.8550 0.2603 -0.4486
vn -0.6626 0.5192 -0.5398
vn -0.7067 0.2980 -0.6417
vn -0.4717 0.6821 -0.5587
vn -0.5309 0.2555 -0.8080
vn -0.2512 0.8016 -0.5426
vn -0.3341 0.2301 -0.9140
vn -0.0088 0.8712 -0.4908
vn -0.0780 0.3678 -0.9266
vn 0.3810 0.9191 -0.1006
vn 0.1737 0.9477 -0.2679
vn 0.5590 0.8260 0.0717
vn 0.6958 0.6783 0.2361
vn 0.7856 0.4846 0.3848
vn 0.8222 0.2532 0.5098
vn 0.8001 0.0004 0.5999
vn 0.7205 -0.2510 0.6465
vn 0.5929 -0.4792 0.6472
vn 0.4296 -0.6703 0.6052
vn 0.2390 -0.8176 0.5239
vn 0.0289 -0.9135 0.4058
vn -0.1865 -0.9481 0.2575
vn -0.3890 -0.9167 0.0910
vn -0.5618 -0.8235 -0.0791
vn -0.6946 -0.6779 -0.2409
vn -0.7823 -0.4880 -0.3871
vn -0.8194 -0.2616 -0.5100
vn -0.8004 -0.0134 -0.5993
vn -0.7255 0.2354 -0.6467
vn -0.6027 0.4638 -0.6493
vn -0.4431 0.6572 -0.6097
vn -0.2547 0.8082 -0.5311
vn -0.0446 0.9086 -0.4152
vn 0.2873 0.9577 0.0170
vn 0.0999 0.9799 -0.1726
vn 0.4517 0.8689 0.2023
vn 0.5823 0.7238 0.3703
vn 0.6741 0.5307 0.5137
vn 0.7217 0.2976 0.6250
vn 0.7190 0.0400 0.6939
vn 0.6653 -0.2200 0.7134
vn 0.5670 -0.4598 0.6835
vn 0.4334 -0.6642 0.6090
vn 0.2718 -0.8254 0.4948
vn 0.0887 -0.9344 0.3449
vn -0.1035 -0.9803 0.1684
vn -0.2884 -0.9573 -0.0200
vn -0.4505 -0.8692 -0.2039
vn -0.5798 -0.7257 -0.3705
vn -0.6713 -0.5350 -0.5129
vn -0.7198 -0.3045 -0.6238
vn -0.7191 -0.0489 -0.6932
vn -0.6679 0.2104 -0.7139
vn -0.5717 0.4511 -0.6854
vn -0.4395 0.6573 -0.6122
vn -0.2782 0.8207 -0.4991
vn -0.0944 0.9321 -0.3496
vn 0.2310 0.9695 0.0814
vn 0.0411 0.9937 -0.1040
vn 0.4011 0.8790 0.2579
vn 0.5408 0.7324 0.4138
vn 0.6450 0.5381 0.5426
vn 0.7080 0.3036 0.6377
vn 0.7227 0.0441 0.6897
vn 0.6869 -0.2185 0.6931
vn 0.6047 -0.4617 0.6489
vn 0.4846 -0.6696 0.5628
vn 0.3329 -0.8340 0.4401
vn 0.1556 -0.9457 0.2854
vn -0.0357 -0.9935 0.1084
vn -0.2248 -0.9714 -0.0760
vn -0.3958 -0.8831 -0.2519
vn -0.5376 -0.7383 -0.4074
vn -0.6444 -0.5451 -0.5362
vn -0.7102 -0.3108 -0.6317
vn -0.7271 -0.0501 -0.6847
vn -0.6920 0.2147 -0.6892
vn -0.6091 0.4603 -0.6458
vn -0.4870 0.6701 -0.5601
vn -0.3326 0.8355 -0.4373
vn -0.1524 0.9472 -0.2820
vn 0.2315 0.9687 0.0895
vn 0.0080 0.9990 -0.0444
vn 0.4343 0.8746 0.2154
vn 0.6051 0.7264 0.3257
vn 0.7379 0.5312 0.4163
vn 0.8250 0.2956 0.4818
vn 0.8566 0.0345 0.5148
vn 0.8283 -0.2296 0.5111
vn 0.7438 -0.4735 0.4718
vn 0.6125 -0.6806 0.4021
vn 0.4424 -0.8427 0.3068
vn 0.2405 -0.9519 0.1899
vn 0.0188 -0.9981 0.0586
vn -0.2046 -0.9758 -0.0767
vn -0.4119 -0.8879 -0.2050
vn -0.5893 -0.7428 -0.3177
vn -0.7294 -0.5475 -0.4101
vn -0.8235 -0.3082 -0.4763
vn -0.8598 -0.0400 -0.5091
vn -0.8319 0.2323 -0.5040
vn -0.7436 0.4827 -0.4626
vn -0.6057 0.6931 -0.3908
vn -0.4277 0.8549 -0.2937
vn -0.2181 0.9600 -0.1757
vn 0.2576 0.9652 0.0454
vn 0.0060 0.9994 0.0343
vn 0.4878 0.8713 0.0527
vn 0.6860 0.7255 0.0562
vn 0.8450 0.5317 0.0565
vn 0.9540 0.2948 0.0539
vn 0.9984 0.0296 0.0484
vn 0.9700 -0.2397 0.0405
vn 0.8729 -0.4869 0.0304
vn 0.7202 -0.6935 0.0184
vn 0.5238 -0.8518 0.0047
vn 0.2937 -0.9558 -0.0105
vn 0.0431 -0.9987 -0.0268
vn -0.2098 -0.9768 -0.0427
vn -0.4474 -0.8925 -0.0569
vn -0.6558 -0.7519 -0.0679
vn -0.8260 -0.5586 -0.0750
vn -0.9456 -0.3163 -0.0765
vn -0.9967 -0.0394 -0.0708
vn -0.9681 0.2438 -0.0575
vn -0.8640 0.5020 -0.0390
vn -0.7001 0.7138 -0.0187
vn -0.4912 0.8710 0.0012
vn -0.2500 0.9681 0.0193
vn 0.2635 0.9645 0.0179
vn 0.0409 0.9884 0.1463
vn 0.4631 0.8795 -0.1095
vn 0.6305 0.7418 -0.2285
vn 0.7605 0.5564 -0.3348
vn 0.8449 0.3279 -0.4226
vn 0.8727 0.0699 -0.4832
vn 0.8383 -0.1952 -0.5091
vn 0.7455 -0.4426 -0.4983
vn 0.6050 -0.6540 -0.4541
vn 0.4269 -0.8202 -0.3808
vn 0.2197 -0.9338 -0.2824
vn -0.0038 -0.9862 -0.1654
vn -0.2267 -0.9732 -0.0390
vn -0.4331 -0.8971 0.0868
vn -0.6108 -0.7649 0.2043
vn -0.7529 -0.5810 0.3092
vn -0.8493 -0.3486 0.3965
vn -0.8854 -0.0807 0.4578
vn -0.8516 0.1969 0.4858
vn -0.7516 0.4547 0.4779
vn -0.5993 0.6712 0.4362
vn -0.4079 0.8373 0.3641
vn -0.1890 0.9455 0.2651
vn 0.2690 0.9627 0.0304
vn 0.1245 0.9608 0.2476
vn 0.3919 0.9014 -0.1841
vn 0.4873 0.7846 -0.3834
vn 0.5523 0.6175 -0.5600
vn 0.5825 0.4048 -0.7048
vn 0.5730 0.1588 -0.8040
vn 0.5229 -0.0997 -0.8466
vn 0.4374 -0.3473 -0.8295
vn 0.3251 -0.5661 -0.7576
vn 0.1927 -0.7464 -0.6370
vn 0.0460 -0.8798 -0.4731
vn -0.1056 -0.9555 -0.2756
vn -0.2502 -0.9663 -0.0601
vn -0.3769 -0.9130 0.1563
vn -0.4782 -0.8013 0.3594
vn -0.5503 -0.6361 0.5409
vn -0.5874 -0.4209 0.6912
vn -0.5826 -0.1675 0.7953
vn -0.5332 0.1009 0.8400
vn -0.4440 0.3573 0.8217
vn -0.3251 0.5813 0.7460
vn -0.1849 0.7627 0.6198
vn -0.0311 0.8926 0.4497
vn 0.2755 0.9606 0.0354
vn 0.2252 0.9300 0.2904
vn 0.3065 0.9270 -0.2162
vn 0.3176 0.8351 -0.4493
vn 0.3085 0.6896 -0.6552
vn 0.2787 0.4944 -0.8233
vn 0.2288 0.2605 -0.9380
vn 0.1624 0.0072 -0.9867
vn 0.0859 -0.2425 -0.9664
vn 0.0054 -0.4703 -0.8825
vn -0.0750 -0.6662 -0.7420
vn -0.1514 -0.8209 -0.5507
vn -0.2184 -0.9220 -0.3197
vn -0.2704 -0.9604 -0.0672
vn -0.3035 -0.9344 0.1867
vn -0.3162 -0.8482 0.4249
vn -0.3083 -0.7059 0.6377
vn -0.2787 -0.5101 0.8137
vn -0.2280 -0.2708 0.9353
vn -0.1599 -0.0091 0.9871
vn -0.0813 0.2490 0.9651
vn 0.0008 0.4827 0.8758
vn 0.0823 0.6812 0.7275
vn 0.1590 0.8344 0.5277
vn 0.2780 0.9600 0.0326
vn 0.3345 0.9002 0.2788
vn 0.2057 0.9557 -0.2103
vn 0.1226 0.8915 -0.4361
vn 0.0314 0.7706 -0.6365
vn -0.0647 0.5948 -0.8012
vn -0.1588 0.3731 -0.9141
vn -0.2424 0.1236 -0.9623
vn -0.3081 -0.1305 -0.9424
vn -0.3520 -0.3694 -0.8600
vn -0.3727 -0.5820 -0.7227
vn -0.3692 -0.7587 -0.5368
vn -0.3404 -0.8865 -0.3133
vn -0.2882 -0.9550 -0.0696
vn -0.2165 -0.9604 0.1754
vn -0.1303 -0.9046 0.4059
vn -0.0329 -0.7896 0.6128
vn 0.0716 -0.6155 0.7849
vn 0.1746 -0.3893 0.9044
vn 0.2637 -0.1301 0.9558
vn 0.3294 0.1349 0.9345
vn 0.3685 0.3826 0.8473
vn 0.3819 0.6004 0.7027
vn 0.3702 0.7774 0.5085
vn 0.2719 0.9619 0.0289
vn 0.4446 0.8748 0.1928
vn 0.0908 0.9863 -0.1376
vn -0.0908 0.9506 -0.2969
vn -0.2682 0.8555 -0.4428
vn -0.4346 0.7001 -0.5665
vn -0.5758 0.4898 -0.6546
vn -0.6767 0.2414 -0.6955
vn -0.7279 -0.0206 -0.6854
vn -0.7284 -0.2735 -0.6282
vn -0.6817 -0.5041 -0.5303
vn -0.5914 -0.7017 -0.3973
vn -0.4626 -0.8541 -0.2379
vn -0.3043 -0.9503 -0.0651
vn -0.1269 -0.9861 0.1074
vn 0.0606 -0.9617 0.2673
vn 0.2542 -0.8775 0.4067
vn 0.4476 -0.7301 0.5163
vn 0.6222 -0.5199 0.5854
vn 0.7478 -0.2612 0.6104
vn 0.8027 0.0170 0.5962
vn 0.7876 0.2849 0.5464
vn 0.7150 0.5256 0.4610
vn 0.5966 0.7266 0.3408
vn 0.2552 0.9639 -0.0760
vn 0.4875 0.8672 -0.1015
vn 0.0172 0.9984 -0.0545
vn -0.2166 0.9755 -0.0386
vn -0.4423 0.8964 -0.0290
vn -0.6527 0.7572 -0.0250
vn -0.8293 0.5582 -0.0244
vn -0.9502 0.3109 -0.0225
vn -0.9991 0.0395 -0.0152
vn -0.9735 -0.2286 -0.0015
vn -0.8807 -0.4733 0.0177
vn -0.7313 -0.6809 0.0392
vn -0.5391 -0.8402 0.0583
vn -0.3202 -0.9448 0.0699
vn -0.0876 -0.9937 0.0701
vn 0.1491 -0.9872 0.0571
vn 0.3864 -0.9218 0.0301
vn 0.6156 -0.7880 -0.0123
vn 0.8113 -0.5808 -0.0676
vn 0.9401 -0.3184 -0.1218
vn 0.9872 -0.0359 -0.1555
vn 0.9571 0.2396 -0.1628
vn 0.8571 0.4926 -0.1507
vn 0.6950 0.7075 -0.1280
vn 0.1911 0.9495 -0.2487
vn 0.3820 0.8337 -0.3989
vn -0.0105 0.9960 -0.0887
vn -0.2080 0.9756 0.0696
vn -0.3928 0.8927 0.2208
vn -0.5560 0.7495 0.3594
vn -0.6843 0.5529 0.4755
vn -0.7658 0.3177 0.5591
vn -0.7946 0.0642 0.6037
vn -0.7710 -0.1894 0.6080
vn -0.6973 -0.4311 0.5727
vn -0.5753 -0.6486 0.4984
vn -0.4114 -0.8243 0.3888
vn -0.2191 -0.9424 0.2529
vn -0.0153 -0.9946 0.1024
vn 0.1844 -0.9815 -0.0523
vn 0.3708 -0.9056 -0.2058
vn 0.5349 -0.7677 -0.3529
vn 0.6627 -0.5723 -0.4830
vn 0.7412 -0.3342 -0.5823
vn 0.7655 -0.0750 -0.6391
vn 0.7388 0.1848 -0.6481
vn 0.6648 0.4327 -0.6090
vn 0.5442 0.6556 -0.5235
vn 0.0687 0.9228 -0.3791
vn 0.2347 0.8003 -0.5518
vn -0.0987 0.9781 -0.1831
vn -0.2553 0.9666 0.0207
vn -0.3944 0.8915 0.2227
vn -0.5092 0.7548 0.4134
vn -0.5901 0.5636 0.5781
vn -0.6294 0.3333 0.7019
vn -0.6253 0.0844 0.7758
vn -0.5806 -0.1652 0.7973
vn -0.4982 -0.4044 0.7670
vn -0.3807 -0.6217 0.6845
vn -0.2348 -0.7995 0.5529
vn -0.0723 -0.9211 0.3825
vn 0.0924 -0.9776 0.1891
vn 0.2478 -0.9687 -0.0123
vn 0.3871 -0.8972 -0.2126
vn 0.5037 -0.7643 -0.4027
vn 0.5876 -0.5759 -0.5684
vn 0.6305 -0.3464 -0.6946
vn 0.6292 -0.0961 -0.7713
vn 0.5858 0.1563 -0.7952
vn 0.5032 0.3989 -0.7666
vn 0.3839 0.6198 -0.6845
vn -0.0876 0.8661 -0.4921
vn 0.0790 0.7427 -0.6650
vn -0.2452 0.9260 -0.2871
vn -0.3824 0.9216 -0.0671
vn -0.4935 0.8555 0.1566
vn -0.5727 0.7298 0.3734
vn -0.6126 0.5512 0.5665
vn -0.6092 0.3347 0.7189
vn -0.5646 0.0999 0.8193
vn -0.4843 -0.1367 0.8642
vn -0.3727 -0.3647 0.8532
vn -0.2338 -0.5736 0.7850
vn -0.0762 -0.7465 0.6611
vn 0.0869 -0.8671 0.4906
vn 0.2414 -0.9263 0.2894
vn 0.3769 -0.9233 0.0735
vn 0.4878 -0.8605 -0.1467
vn 0.5683 -0.7392 -0.3613
vn 0.6110 -0.5649 -0.5546
vn 0.6111 -0.3511 -0.7094
vn 0.5694 -0.1164 -0.8138
vn 0.4908 0.1218 -0.8627
vn 0.3795 0.3528 -0.8553
vn 0.2394 0.5656 -0.7891
vn -0.2903 0.7352 -0.6125
vn -0.1074 0.6197 -0.7775
vn -0.4495 0.7959 -0.4056
vn -0.5739 0.8000 -0.1750
vn -0.6586 0.7496 0.0665
vn -0.6986 0.6464 0.3067
vn -0.6895 0.4967 0.5271
vn -0.6322 0.3133 0.7087
vn -0.5336 0.1131 0.8381
vn -0.4030 -0.0901 0.9107
vn -0.2466 -0.2881 0.9253
vn -0.0702 -0.4719 0.8788
vn 0.1146 -0.6269 0.7707
vn 0.2919 -0.7383 0.6081
vn 0.4466 -0.7972 0.4062
vn 0.5687 -0.8022 0.1818
vn 0.6536 -0.7549 -0.0537
vn 0.6964 -0.6567 -0.2894
vn 0.6921 -0.5121 -0.5087
vn 0.6400 -0.3325 -0.6927
vn 0.5456 -0.1334 -0.8274
vn 0.4171 0.0709 -0.9061
vn 0.2608 0.2716 -0.9264
vn 0.0821 0.4596 -0.8843
vn -0.5334 0.4261 -0.7307
vn -0.3135 0.3546 -0.8809
vn -0.7107 0.4652 -0.5277
vn -0.8330 0.4701 -0.2918
vn -0.8963 0.4420 -0.0372
vn -0.8968 0.3822 0.2228
vn -0.8323 0.2958 0.4687
vn -0.7099 0.1902 0.6781
vn -0.5426 0.0744 0.8367
vn -0.3441 -0.0439 0.9379
vn -0.1235 -0.1607 0.9792
vn 0.1098 -0.2712 0.9562
vn 0.3391 -0.3667 0.8664
vn 0.5446 -0.4375 0.7156
vn 0.7095 -0.4771 0.5186
vn 0.8249 -0.4839 0.2922
vn 0.8875 -0.4583 0.0487
vn 0.8937 -0.4012 -0.2008
vn 0.8408 -0.3158 -0.4396
vn 0.7318 -0.2097 -0.6484
vn 0.5757 -0.0924 -0.8124
vn 0.3843 0.0278 -0.9228
vn 0.1656 0.1461 -0.9753
vn -0.0725 0.2579 -0.9635
vn -0.6503 -0.0000 -0.7597
vn -0.4197 -0.0000 -0.9077
vn -0.8293 -0.0000 -0.5587
vn -0.9460 -0.0000 -0.3242
vn -0.9976 -0.0000 -0.0692
vn -0.9809 -0.0000 0.1945
vn -0.8939 -0.0000 0.4483
vn -0.7446 -0.0000 0.6675
vn -0.5475 -0.0000 0.8368
vn -0.3192 -0.0000 0.9477
vn -0.0706 -0.0000 0.9975
vn 0.1881 -0.0000 0.9822
vn 0.4383 -0.0000 0.8988
vn 0.6587 -0.0000 0.7524
vn 0.8307 -0.0000 0.5568
vn 0.9446 -0.0000 0.3281
vn 0.9969 -0.0000 0.0788
vn 0.9838 -0.0000 -0.1791
vn 0.9040 -0.0000 -0.4275
vn 0.7633 -0.0000 -0.6460
vn 0.5744 -0.0000 -0.8186
vn 0.3517 -0.0000 -0.9361
vn 0.1040 -0.0000 -0.9946
vn -0.1595 -0.0000 -0.9872
vn 0.4790 -0.0185 -0.8776
vn 0.2307 -0.0294 -0.9726
vn 0.1438 0.6502 -0.7460
vn 0.3260 0.6603 -0.6766
vn 0.6900 -0.0066 -0.7238
vn 0.4806 0.6719 -0.5635
vn 0.8509 0.0056 -0.5253
vn 0.5986 0.6834 -0.4180
vn 0.9561 0.0173 -0.2924
vn 0.6764 0.6937 -0.2474
vn 0.9990 0.0282 -0.0349
vn 0.7089 0.7029 -0.0583
vn 0.9726 0.0373 0.2294
vn 0.6899 0.7110 0.1361
vn 0.8775 0.0437 0.4775
vn 0.6199 0.7171 0.3186
vn 0.7237 0.0470 0.6885
vn 0.5062 0.7209 0.4734
vn 0.5252 0.0472 0.8497
vn 0.3600 0.7213 0.5917
vn 0.2924 0.0442 0.9553
vn 0.1890 0.7183 0.6696
vn 0.0349 0.0382 0.9987
vn -0.0002 0.7121 0.7021
vn -0.2295 0.0295 0.9729
vn -0.1947 0.7039 0.6831
vn -0.4777 0.0186 0.8783
vn -0.3770 0.6942 0.6132
vn -0.6888 0.0067 0.7249
vn -0.5314 0.6841 0.4996
vn -0.8501 -0.0055 0.5266
vn -0.6492 0.6733 0.3538
vn -0.9557 -0.0172 0.2938
vn -0.7265 0.6623 0.1831
vn -0.9989 -0.0281 0.0362
vn -0.7585 0.6516 -0.0057
vn -0.9729 -0.0371 -0.2284
vn -0.7392 0.6432 -0.1998
vn -0.8779 -0.0436 -0.4769
vn -0.6691 0.6375 -0.3819
vn -0.7239 -0.0469 -0.6883
vn -0.5556 0.6353 -0.5363
vn -0.5251 -0.0470 -0.8498
vn -0.4099 0.6355 -0.6543
vn -0.2918 -0.0441 -0.9555
vn -0.2392 0.6378 -0.7321
vn -0.0339 -0.0381 -0.9987
vn -0.0504 0.6424 -0.7647
vn 0.4796 -0.0059 -0.8774
vn 0.2312 -0.0095 -0.9729
vn 0.6906 -0.0020 -0.7232
vn 0.8515 0.0020 -0.5244
vn 0.9566 0.0059 -0.2913
vn 0.9994 0.0095 -0.0337
vn 0.9730 0.0126 0.2306
vn 0.8779 0.0147 0.4785
vn 0.7242 0.0158 0.6894
vn 0.5259 0.0158 0.8504
vn 0.2932 0.0147 0.9559
vn 0.0359 0.0127 0.9993
vn -0.2284 0.0097 0.9735
vn -0.4767 0.0061 0.8791
vn -0.6880 0.0021 0.7257
vn -0.8496 -0.0019 0.5274
vn -0.9556 -0.0058 0.2945
vn -0.9993 -0.0093 0.0367
vn -0.9735 -0.0122 -0.2283
vn -0.8787 -0.0143 -0.4772
vn -0.7246 -0.0153 -0.6890
vn -0.5256 -0.0153 -0.8506
vn -0.2920 -0.0143 -0.9563
vn -0.0337 -0.0124 -0.9994
vn 0.4812 0.0182 -0.8764
vn 0.2330 0.0288 -0.9721
vn 0.6918 0.0066 -0.7221
vn 0.8521 -0.0050 -0.5233
vn 0.9568 -0.0162 -0.2904
vn 0.9991 -0.0265 -0.0332
vn 0.9724 -0.0351 0.2307
vn 0.8773 -0.0412 0.4782
vn 0.7236 -0.0444 0.6888
vn 0.5254 -0.0446 0.8497
vn 0.2930 -0.0420 0.9552
vn 0.0361 -0.0365 0.9987
vn -0.2279 -0.0284 0.9733
vn -0.4759 -0.0183 0.8793
vn -0.6872 -0.0069 0.7265
vn -0.8488 0.0047 0.5287
vn -0.9550 0.0162 0.2962
vn -0.9989 0.0269 0.0386
vn -0.9733 0.0359 -0.2266
vn -0.8785 0.0425 -0.4759
vn -0.7242 0.0459 -0.6880
vn -0.5248 0.0461 -0.8500
vn -0.2908 0.0433 -0.9558
vn -0.0321 0.0374 -0.9988
vn 0.4863 0.0602 -0.8717
vn 0.2398 0.0959 -0.9661
vn 0.6945 0.0214 -0.7191
vn 0.8525 -0.0176 -0.5225
vn 0.9549 -0.0551 -0.2919
vn 0.9953 -0.0896 -0.0369
vn 0.9672 -0.1182 0.2249
vn 0.8712 -0.1385 0.4710
vn 0.7172 -0.1492 0.6807
vn 0.5191 -0.1499 0.8415
vn 0.2873 -0.1409 0.9474
vn 0.0315 -0.1224 0.9920
vn -0.2308 -0.0951 0.9683
vn -0.4770 -0.0610 0.8768
vn -0.6866 -0.0231 0.7267
vn -0.8468 0.0160 0.5317
vn -0.9518 0.0544 0.3019
vn -0.9948 0.0903 0.0465
vn -0.9686 0.1209 -0.2174
vn -0.8730 0.1430 -0.4664
vn -0.7178 0.1545 -0.6789
vn -0.5175 0.1552 -0.8415
vn -0.2830 0.1453 -0.9481
vn -0.0243 0.1252 -0.9918
vn 0.5293 0.3200 -0.7858
vn 0.2819 0.3783 -0.8817
vn 0.7312 0.2220 -0.6450
vn 0.8771 0.1017 -0.4694
vn 0.9648 -0.0206 -0.2623
vn 0.9911 -0.1302 -0.0290
vn 0.9520 -0.2179 0.2151
vn 0.8489 -0.2790 0.4490
vn 0.6908 -0.3130 0.6518
vn 0.4908 -0.3224 0.8094
vn 0.2589 -0.3096 0.9149
vn 0.0048 -0.2764 0.9610
vn -0.2540 -0.2253 0.9406
vn -0.4949 -0.1610 0.8539
vn -0.6984 -0.0893 0.7101
vn -0.8524 -0.0155 0.5226
vn -0.9517 0.0582 0.3014
vn -0.9900 0.1300 0.0555
vn -0.9602 0.1968 -0.1984
vn -0.8620 0.2561 -0.4374
vn -0.7040 0.3066 -0.6407
vn -0.4990 0.3478 -0.7937
vn -0.2572 0.3791 -0.8889
vn 0.0104 0.3939 -0.9191
vn 0.5992 0.6473 -0.4712
vn 0.3431 0.7836 -0.5180
vn 0.8073 0.4504 -0.3813
vn 0.9415 0.2193 -0.2558
vn 0.9943 -0.0138 -0.1053
vn 0.9731 -0.2234 0.0571
vn 0.8924 -0.3954 0.2174
vn 0.7668 -0.5274 0.3659
vn 0.6059 -0.6229 0.4948
vn 0.4138 -0.6861 0.5983
vn 0.1896 -0.7177 0.6700
vn -0.0643 -0.7128 0.6984
vn -0.3306 -0.6644 0.6703
vn -0.5799 -0.5686 0.5834
vn -0.7832 -0.4282 0.4509
vn -0.9218 -0.2513 0.2952
vn -0.9896 -0.0443 0.1368
vn -0.9832 0.1823 -0.0102
vn -0.9052 0.4018 -0.1383
vn -0.7734 0.5832 -0.2485
vn -0.6066 0.7164 -0.3447
vn -0.4121 0.8053 -0.4263
vn -0.1861 0.8527 -0.4882
vn 0.0716 0.8502 -0.5216
vn 0.7668 0.6216 -0.1598
vn 0.5640 0.8093 -0.1641
vn 0.9115 0.3918 -0.1252
vn 0.9874 0.1458 -0.0620
vn 0.9945 -0.1030 0.0205
vn 0.9322 -0.3445 0.1112
vn 0.8031 -0.5624 0.1968
vn 0.6184 -0.7394 0.2661
vn 0.3961 -0.8635 0.3121
vn 0.1533 -0.9304 0.3330
vn -0.0996 -0.9389 0.3295
vn -0.3518 -0.8859 0.3023
vn -0.5848 -0.7707 0.2530
vn -0.7779 -0.5998 0.1873
vn -0.9146 -0.3880 0.1137
vn -0.9876 -0.1517 0.0406
vn -0.9949 0.0979 -0.0260
vn -0.9337 0.3490 -0.0807
vn -0.8051 0.5812 -0.1183
vn -0.6207 0.7720 -0.1370
vn -0.4007 0.9052 -0.1416
vn -0.1638 0.9764 -0.1409
vn 0.0808 0.9864 -0.1434
vn 0.3278 0.9323 -0.1528
vn 0.7742 0.6250 -0.1004
vn 0.5812 0.7967 -0.1658
vn 0.9103 0.4129 -0.0292
vn 0.9831 0.1779 0.0425
vn 0.9914 -0.0688 0.1115
vn 0.9326 -0.3160 0.1743
vn 0.8073 -0.5451 0.2260
vn 0.6250 -0.7355 0.2615
vn 0.4029 -0.8719 0.2784
vn 0.1587 -0.9478 0.2765
vn -0.0958 -0.9618 0.2564
vn -0.3491 -0.9112 0.2186
vn -0.5823 -0.7961 0.1649
vn -0.7744 -0.6248 0.0995
vn -0.9101 -0.4135 0.0284
vn -0.9829 -0.1792 -0.0430
vn -0.9915 0.0668 -0.1117
vn -0.9335 0.3134 -0.1742
vn -0.8092 0.5425 -0.2257
vn -0.6277 0.7334 -0.2612
vn -0.4059 0.8705 -0.2783
vn -0.1617 0.9473 -0.2767
vn 0.0931 0.9619 -0.2569
vn 0.3471 0.9118 -0.2194
vn 0.7713 0.6324 -0.0718
vn 0.5789 0.8035 -0.1389
vn 0.9073 0.4205 -0.0009
vn 0.9803 0.1851 0.0686
vn 0.9891 -0.0624 0.1336
vn 0.9311 -0.3108 0.1909
vn 0.8068 -0.5417 0.2358
vn 0.6255 -0.7342 0.2640
vn 0.4043 -0.8728 0.2735
vn 0.1608 -0.9508 0.2647
vn -0.0931 -0.9666 0.2387
vn -0.3461 -0.9175 0.1959
vn -0.5791 -0.8033 0.1387
vn -0.7713 -0.6324 0.0718
vn -0.9071 -0.4209 0.0010
vn -0.9802 -0.1859 -0.0684
vn -0.9892 0.0613 -0.1333
vn -0.9316 0.3096 -0.1906
vn -0.8077 0.5405 -0.2356
vn -0.6267 0.7332 -0.2639
vn -0.4056 0.8722 -0.2735
vn -0.1621 0.9506 -0.2648
vn 0.0921 0.9667 -0.2388
vn 0.3454 0.9177 -0.1961
vn 0.7697 0.6358 -0.0570
vn 0.5773 0.8072 -0.1235
vn 0.9058 0.4236 0.0122
vn 0.9790 0.1877 0.0793
vn 0.9881 -0.0605 0.1411
vn 0.9307 -0.3097 0.1947
vn 0.8070 -0.5416 0.2356
vn 0.6263 -0.7350 0.2598
vn 0.4055 -0.8746 0.2657
vn 0.1625 -0.9535 0.2539
vn -0.0911 -0.9700 0.2255
vn -0.3439 -0.9213 0.1813
vn -0.5770 -0.8074 0.1236
vn -0.7693 -0.6363 0.0572
vn -0.9054 -0.4244 -0.0120
vn -0.9789 -0.1887 -0.0790
vn -0.9882 0.0594 -0.1409
vn -0.9311 0.3086 -0.1945
vn -0.8077 0.5406 -0.2354
vn -0.6271 0.7344 -0.2597
vn -0.4063 0.8743 -0.2656
vn -0.1631 0.9534 -0.2539
vn 0.0908 0.9700 -0.2255
vn 0.3439 0.9213 -0.1812
vn 0.7688 0.6380 -0.0432
vn 0.5759 0.8109 -0.1043
vn 0.9054 0.4241 0.0196
vn 0.9792 0.1866 0.0797
vn 0.9889 -0.0630 0.1345
vn 0.9321 -0.3135 0.1813
vn 0.8092 -0.5463 0.2164
vn 0.6292 -0.7405 0.2363
vn 0.4091 -0.8804 0.2397
vn 0.1665 -0.9595 0.2272
vn -0.0870 -0.9759 0.2000
vn -0.3400 -0.9270 0.1586
vn -0.5736 -0.8123 0.1053
vn -0.7668 -0.6403 0.0444
vn -0.9040 -0.4271 -0.0188
vn -0.9786 -0.1899 -0.0795
vn -0.9890 0.0597 -0.1352
vn -0.9328 0.3105 -0.1829
vn -0.8101 0.5440 -0.2185
vn -0.6299 0.7391 -0.2386
vn -0.4092 0.8798 -0.2417
vn -0.1659 0.9593 -0.2286
vn 0.0884 0.9757 -0.2005
vn 0.3420 0.9263 -0.1582
vn 0.7713 0.6360 0.0259
vn 0.5770 0.8167 -0.0017
vn 0.9080 0.4160 0.0507
vn 0.9821 0.1743 0.0713
vn 0.9931 -0.0783 0.0871
vn 0.9386 -0.3311 0.0975
vn 0.8184 -0.5656 0.1014
vn 0.6409 -0.7612 0.0987
vn 0.4223 -0.9020 0.0895
vn 0.1799 -0.9808 0.0749
vn -0.0743 -0.9957 0.0556
vn -0.3282 -0.9441 0.0320
vn -0.5632 -0.8263 0.0057
vn -0.7586 -0.6512 -0.0214
vn -0.8991 -0.4352 -0.0470
vn -0.9783 -0.1953 -0.0693
vn -0.9945 0.0575 -0.0872
vn -0.9445 0.3130 -0.0997
vn -0.8267 0.5527 -0.1052
vn -0.6485 0.7542 -0.1029
vn -0.4262 0.8998 -0.0931
vn -0.1786 0.9809 -0.0768
vn 0.0810 0.9952 -0.0553
vn 0.3398 0.9400 -0.0296
vn 0.7615 0.6118 0.2141
vn 0.5610 0.7915 0.2424
vn 0.9029 0.3942 0.1715
vn 0.9804 0.1569 0.1189
vn 0.9943 -0.0890 0.0591
vn 0.9428 -0.3334 -0.0052
vn 0.8263 -0.5589 -0.0697
vn 0.6529 -0.7464 -0.1291
vn 0.4377 -0.8812 -0.1788
vn 0.1971 -0.9563 -0.2160
vn -0.0572 -0.9693 -0.2393
vn -0.3132 -0.9170 -0.2471
vn -0.5511 -0.7998 -0.2381
vn -0.7495 -0.6269 -0.2127
vn -0.8930 -0.4152 -0.1734
vn -0.9755 -0.1819 -0.1239
vn -0.9958 0.0622 -0.0665
vn -0.9515 0.3076 -0.0031
vn -0.8408 0.5378 0.0625
vn -0.6696 0.7321 0.1247
vn -0.4526 0.8738 0.1780
vn -0.2071 0.9536 0.2185
vn 0.0540 0.9682 0.2441
vn 0.3174 0.9140 0.2527
vn 0.7321 0.4390 0.5208
vn 0.5222 0.5967 0.6093
vn 0.8806 0.2568 0.3983
vn 0.9648 0.0662 0.2545
vn 0.9874 -0.1250 0.0971
vn 0.9481 -0.3105 -0.0685
vn 0.8468 -0.4787 -0.2319
vn 0.6888 -0.6167 -0.3810
vn 0.4860 -0.7139 -0.5041
vn 0.2520 -0.7642 -0.5937
vn -0.0018 -0.7643 -0.6449
vn -0.2619 -0.7111 -0.6525
vn -0.5064 -0.6059 -0.6136
vn -0.7121 -0.4586 -0.5316
vn -0.8635 -0.2847 -0.4163
vn -0.9552 -0.0990 -0.2789
vn -0.9879 0.0904 -0.1263
vn -0.9599 0.2779 0.0370
vn -0.8683 0.4528 0.2026
vn -0.7153 0.6004 0.3574
vn -0.5109 0.7074 0.4885
vn -0.2699 0.7645 0.5854
vn -0.0053 0.7669 0.6418
vn 0.2674 0.7103 0.6511
vn 0.6421 0.0831 0.7621
vn 0.4171 0.1839 0.8901
vn 0.8119 -0.0196 0.5834
vn 0.9206 -0.1158 0.3729
vn 0.9691 -0.2018 0.1418
vn 0.9563 -0.2743 -0.1008
vn 0.8812 -0.3284 -0.3399
vn 0.7479 -0.3601 -0.5577
vn 0.5666 -0.3676 -0.7375
vn 0.3496 -0.3513 -0.8685
vn 0.1067 -0.3122 -0.9440
vn -0.1504 -0.2513 -0.9562
vn -0.4010 -0.1722 -0.8998
vn -0.6211 -0.0818 -0.7794
vn -0.7928 0.0118 -0.6094
vn -0.9080 0.1020 -0.4064
vn -0.9657 0.1860 -0.1811
vn -0.9635 0.2611 0.0589
vn -0.8977 0.3222 0.3006
vn -0.7694 0.3636 0.5252
vn -0.5872 0.3806 0.7144
vn -0.3644 0.3713 0.8540
vn -0.1121 0.3349 0.9356
vn 0.1564 0.2711 0.9498
vn 0.5311 -0.2642 0.8051
vn 0.2983 -0.2041 0.9324
vn 0.7207 -0.3041 0.6230
vn 0.8565 -0.3218 0.4036
vn 0.9350 -0.3170 0.1592
vn 0.9520 -0.2894 -0.0993
vn 0.9040 -0.2403 -0.3536
vn 0.7939 -0.1739 -0.5826
vn 0.6327 -0.0966 -0.7684
vn 0.4333 -0.0143 -0.9012
vn 0.2049 0.0689 -0.9763
vn -0.0427 0.1489 -0.9879
vn -0.2922 0.2194 -0.9309
vn -0.5211 0.2741 -0.8083
vn -0.7102 0.3088 -0.6327
vn -0.8483 0.3228 -0.4198
vn -0.9312 0.3166 -0.1807
vn -0.9540 0.2904 0.0748
vn -0.9116 0.2450 0.3302
vn -0.8052 0.1837 0.5638
vn -0.6445 0.1113 0.7565
vn -0.4428 0.0328 0.8960
vn -0.2103 -0.0486 0.9764
vn 0.0430 -0.1297 0.9906
vn 0.4450 -0.4726 0.7607
vn 0.2169 -0.4083 0.8867
vn 0.6386 -0.5024 0.5829
vn 0.7851 -0.4973 0.3691
vn 0.8789 -0.4587 0.1308
vn 0.9138 -0.3877 -0.1210
vn 0.8841 -0.2882 -0.3677
vn 0.7917 -0.1685 -0.5872
vn 0.6469 -0.0394 -0.7616
vn 0.4630 0.0897 -0.8818
vn 0.2494 0.2133 -0.9446
vn 0.0147 0.3257 -0.9454
vn -0.2248 0.4175 -0.8804
vn -0.4486 0.4803 -0.7537
vn -0.6381 0.5093 -0.5774
vn -0.7818 0.5042 -0.3667
vn -0.8746 0.4665 -0.1323
vn -0.9105 0.3969 0.1156
vn -0.8839 0.2990 0.3596
vn -0.7955 0.1806 0.5784
vn -0.6544 0.0521 0.7543
vn -0.4732 -0.0771 0.8776
vn -0.2608 -0.2013 0.9442
vn -0.0256 -0.3147 0.9488
vn 0.6960 0.0844 0.7131
vn 0.5496 0.1442 0.8229
vn 0.8166 0.0568 0.5743
vn 0.9058 0.0581 0.4196
vn 0.9631 0.0852 0.2555
vn 0.9867 0.1372 0.0866
vn 0.9739 0.2134 -0.0774
vn 0.9243 0.3086 -0.2246
vn 0.8417 0.4164 -0.3437
vn 0.7317 0.5296 -0.4291
vn 0.5976 0.6444 -0.4770
vn 0.4433 0.7563 -0.4811
vn 0.2798 0.8560 -0.4347
vn 0.1219 0.9328 -0.3391
vn -0.0149 0.9791 -0.2030
vn -0.1219 0.9918 -0.0391
vn -0.1941 0.9704 0.1436
vn -0.2259 0.9144 0.3358
vn -0.2107 0.8266 0.5219
vn -0.1490 0.7146 0.6835
vn -0.0478 0.5902 0.8058
vn 0.0810 0.4640 0.8821
vn 0.2290 0.3427 0.9111
vn 0.3889 0.2328 0.8914
vn 0.5474 0.3375 -0.7658
vn 0.2558 0.2431 -0.9357
vn 0.7637 0.3182 -0.5617
vn 0.9150 0.2231 -0.3362
vn 0.9919 0.0866 -0.0933
vn 0.9868 -0.0634 0.1491
vn 0.9091 -0.2002 0.3654
vn 0.7787 -0.3119 0.5443
vn 0.6099 -0.3962 0.6864
vn 0.4097 -0.4518 0.7925
vn 0.1816 -0.4769 0.8600
vn -0.0708 -0.4721 0.8787
vn -0.3164 -0.4344 0.8433
vn -0.5515 -0.3569 0.7540
vn -0.7550 -0.2525 0.6052
vn -0.9074 -0.1318 0.3990
vn -0.9894 -0.0165 0.1441
vn -0.9914 0.0581 -0.1176
vn -0.9090 0.0877 -0.4074
vn -0.7407 -0.0470 -0.6702
vn -0.4850 -0.1918 -0.8532
vn -0.3454 -0.2283 -0.9103
vn -0.1936 -0.2056 -0.9593
vn 0.0087 0.0343 -0.9994
vn -0.0218 0.2833 -0.9588
vn 0.0958 -0.3498 -0.9319
vn -0.0911 -0.3879 -0.9172
vn -0.2842 0.2419 -0.9277
vn 0.2380 0.3043 -0.9224
vn 0.2794 -0.3310 -0.9013
vn 0.4765 0.3049 -0.8247
vn 0.4479 -0.3301 -0.8309
vn 0.6832 0.2855 -0.6721
vn 0.5958 -0.3460 -0.7248
vn 0.8473 0.2464 -0.4705
vn 0.7164 -0.3792 -0.5856
vn 0.9540 0.1893 -0.2324
vn 0.7987 -0.4303 -0.4206
vn 0.9927 0.1185 0.0217
vn 0.8340 -0.4954 -0.2430
vn 0.9623 0.0404 0.2691
vn 0.8194 -0.5691 -0.0684
vn 0.8690 -0.0390 0.4932
vn 0.7587 -0.6450 0.0916
vn 0.7192 -0.1163 0.6850
vn 0.6552 -0.7194 0.2305
vn 0.5181 -0.1875 0.8345
vn 0.5115 -0.7890 0.3403
vn 0.2776 -0.2470 0.9284
vn 0.3354 -0.8486 0.4092
vn 0.0177 -0.2892 0.9571
vn 0.1422 -0.8918 0.4295
vn -0.2391 -0.3108 0.9199
vn -0.0501 -0.9151 0.4000
vn -0.4749 -0.3115 0.8231
vn -0.2275 -0.9173 0.3267
vn -0.6799 -0.2918 0.6727
vn -0.3821 -0.8989 0.2145
vn -0.8435 -0.2521 0.4743
vn -0.5056 -0.8601 0.0676
vn -0.9513 -0.1941 0.2394
vn -0.5858 -0.8036 -0.1054
vn -0.9924 -0.1226 -0.0123
vn -0.6145 -0.7341 -0.2888
vn -0.9648 -0.0440 -0.2593
vn -0.5909 -0.6588 -0.4657
vn -0.8741 0.0356 -0.4844
vn -0.5212 -0.5829 -0.6234
vn -0.7262 0.1125 -0.6782
vn -0.4112 -0.5097 -0.7557
vn -0.5258 0.1832 -0.8307
vn -0.2651 -0.4426 -0.8566
vn -0.0104 0.1553 -0.9878
vn -0.2750 0.1330 -0.9522
vn 0.2508 0.1665 -0.9536
vn 0.4899 0.1667 -0.8557
vn 0.6961 0.1560 -0.7008
vn 0.8585 0.1344 -0.4948
vn 0.9626 0.1027 -0.2508
vn 0.9979 0.0635 0.0102
vn 0.9640 0.0203 0.2652
vn 0.8674 -0.0236 0.4971
vn 0.7144 -0.0660 0.6966
vn 0.5104 -0.1050 0.8535
vn 0.2675 -0.1373 0.9537
vn 0.0058 -0.1600 0.9871
vn -0.2520 -0.1713 0.9524
vn -0.4880 -0.1711 0.8559
vn -0.6923 -0.1596 0.7037
vn -0.8543 -0.1372 0.5014
vn -0.9597 -0.1050 0.2607
vn -0.9979 -0.0655 0.0018
vn -0.9672 -0.0223 -0.2532
vn -0.8734 0.0212 -0.4865
vn -0.7225 0.0630 -0.6885
vn -0.5192 0.1013 -0.8486
vn -0.0056 0.0334 -0.9994
vn -0.2781 0.0573 -0.9588
vn 0.2462 0.0262 -0.9689
vn 0.4966 -0.0122 -0.8679
vn 0.7028 -0.0080 -0.7114
vn 0.8643 -0.0033 -0.5030
vn 0.9666 0.0007 -0.2563
vn 1.0000 0.0037 0.0076
vn 0.9641 0.0054 0.2655
vn 0.8659 0.0062 0.5002
vn 0.7117 0.0063 0.7025
vn 0.5066 0.0057 0.8622
vn 0.2629 0.0048 0.9648
vn 0.0005 0.0035 1.0000
vn -0.2577 0.0022 0.9662
vn -0.4937 0.0009 0.8696
vn -0.6975 -0.0003 0.7165
vn -0.8586 -0.0016 0.5126
vn -0.9629 -0.0027 0.2697
vn -1.0000 -0.0039 0.0081
vn -0.9683 -0.0053 -0.2499
vn -0.8736 -0.0068 -0.4865
vn -0.7113 0.0051 -0.7029
vn -0.5157 0.0592 -0.8547
vn -0.0318 -0.0027 -0.9995
vn -0.2831 0.0868 -0.9552
vn 0.2034 -0.1319 -0.9702
vn 0.4681 -0.2174 -0.8565
vn 0.6960 -0.2172 -0.6844
vn 0.8624 -0.1711 -0.4765
vn 0.9667 -0.0983 -0.2365
vn 0.9998 -0.0133 0.0156
vn 0.9635 0.0703 0.2582
vn 0.8666 0.1448 0.4776
vn 0.7159 0.2068 0.6669
vn 0.5162 0.2537 0.8180
vn 0.2780 0.2822 0.9182
vn 0.0194 0.2899 0.9569
vn -0.2381 0.2756 0.9313
vn -0.4766 0.2407 0.8455
vn -0.6848 0.1880 0.7041
vn -0.8509 0.1217 0.5111
vn -0.9600 0.0511 0.2754
vn -0.9999 -0.0048 0.0122
vn -0.9648 -0.0199 -0.2621
vn -0.8491 0.0372 -0.5270
vn -0.6329 0.1320 -0.7629
vn -0.4628 0.1079 -0.8799
vn 0.4761 -0.8313 -0.2868
vn 0.4886 -0.5692 -0.6613
vn 0.1916 -0.5279 -0.8274
vn 0.2409 -0.8826 -0.4038
vn 0.6762 -0.7214 -0.1499
vn 0.7222 -0.5066 -0.4709
vn 0.8265 -0.5629 -0.0040
vn 0.8852 -0.3753 -0.2750
vn 0.9200 -0.3649 0.1430
vn 0.9754 -0.2065 -0.0773
vn 0.9494 -0.1367 0.2829
vn 0.9931 -0.0198 0.1157
vn 0.9091 0.1044 0.4033
vn 0.9416 0.1661 0.2928
vn 0.8028 0.3355 0.4928
vn 0.8312 0.3351 0.4436
vn 0.6439 0.5368 0.5452
vn 0.6758 0.4765 0.5623
vn 0.4476 0.6971 0.5601
vn 0.4863 0.5857 0.6484
vn 0.2238 0.8120 0.5390
vn 0.2675 0.6595 0.7025
vn -0.0189 0.8759 0.4821
vn 0.0235 0.6923 0.7212
vn -0.2643 0.8814 0.3914
vn -0.2358 0.6716 0.7024
vn -0.4925 0.8262 0.2736
vn -0.4779 0.6015 0.6402
vn -0.6845 0.7157 0.1388
vn -0.6942 0.4873 0.5297
vn -0.8287 0.5597 -0.0029
vn -0.8605 0.3382 0.3809
vn -0.9191 0.3666 -0.1447
vn -0.9653 0.1667 0.2009
vn -0.9492 0.1448 -0.2794
vn -0.9999 -0.0118 -0.0010
vn -0.9136 -0.0903 -0.3964
vn -0.9656 -0.1506 -0.2122
vn -0.8146 -0.3179 -0.4852
vn -0.8550 -0.2603 -0.4486
vn -0.6626 -0.5192 -0.5398
vn -0.7067 -0.2980 -0.6417
vn -0.4717 -0.6821 -0.5587
vn -0.5309 -0.2555 -0.8080
vn -0.2512 -0.8016 -0.5426
vn -0.3341 -0.2301 -0.9140
vn -0.0088 -0.8712 -0.4908
vn -0.0780 -0.3678 -0.9266
vn 0.3810 -0.9191 -0.1006
vn 0.1737 -0.9477 -0.2679
vn 0.5590 -0.8260 0.0717
vn 0.6958 -0.6783 0.2361
vn 0.7856 -0.4846 0.3848
vn 0.8222 -0.2532 0.5098
vn 0.8001 -0.0004 0.5999
vn 0.7205 0.2510 0.6465
vn 0.5929 0.4792 0.6472
vn 0.4296 0.6703 0.6052
vn 0.2390 0.8176 0.5239
vn 0.0289 0.9135 0.4058
vn -0.1865 0.9481 0.2575
vn -0.3890 0.9167 0.0910
vn -0.5618 0.8235 -0.0791
vn -0.6946 0.6779 -0.2409
vn -0.7823 0.4880 -0.3871
vn -0.8194 0.2616 -0.5100
vn -0.8004 0.0134 -0.5993
vn -0.7255 -0.2354 -0.6467
vn -0.6027 -0.4638 -0.6493
vn -0.4431 -0.6572 -0.6097
vn -0.2547 -0.8082 -0.5311
vn -0.0446 -0.9086 -0.4152
vn 0.2873 -0.9577 0.0170
vn 0.0999 -0.9799 -0.1726
vn 0.4517 -0.8689 0.2023
vn 0.5823 -0.7238 0.3703
vn 0.6741 -0.5307 0.5137
vn 0.7217 -0.2976 0.6250
vn 0.7190 -0.0400 0.6939
vn 0.6653 0.2200 0.7134
vn 0.5670 0.4598 0.6835
vn 0.4334 0.6642 0.6090
vn 0.2718 0.8254 0.4948
vn 0.0887 0.9344 0.3449
vn -0.1035 0.9803 0.1684
vn -0.2885 0.9573 -0.0200
vn -0.4505 0.8692 -0.2039
vn -0.5798 0.7257 -0.3705
vn -0.6713 0.5350 -0.5129
vn -0.7198 0.3045 -0.6238
vn -0.7191 0.0489 -0.6932
vn -0.6679 -0.2104 -0.7139
vn -0.5717 -0.4511 -0.6854
vn -0.4395 -0.6573 -0.6122
vn -0.2782 -0.8207 -0.4991
vn -0.0944 -0.9321 -0.3496
vn 0.2310 -0.9695 0.0814
vn 0.0411 -0.9937 -0.1040
vn 0.4011 -0.8790 0.2579
vn 0.5408 -0.7323 0.4138
vn 0.6450 -0.5381 0.5426
vn 0.7080 -0.3036 0.6376
vn 0.7227 -0.0441 0.6897
vn 0.6869 0.2185 0.6931
vn 0.6047 0.4617 0.6489
vn 0.4846 0.6696 0.5628
vn 0.3329 0.8340 0.4401
vn 0.1556 0.9457 0.2854
vn -0.0357 0.9935 0.1084
vn -0.2248 0.9714 -0.0760
vn -0.3958 0.8831 -0.2519
vn -0.5376 0.7383 -0.4074
vn -0.6444 0.5451 -0.5362
vn -0.7102 0.3108 -0.6317
vn -0.7271 0.0501 -0.6847
vn -0.6920 -0.2147 -0.6892
vn -0.6091 -0.4603 -0.6458
vn -0.4870 -0.6701 -0.5601
vn -0.3326 -0.8355 -0.4373
vn -0.1524 -0.9472 -0.2820
vn 0.2315 -0.9687 0.0895
vn 0.0080 -0.9990 -0.0444
vn 0.4343 -0.8746 0.2154
vn 0.6051 -0.7264 0.3257
vn 0.7379 -0.5312 0.4163
vn 0.8250 -0.2956 0.4818
vn 0.8566 -0.0345 0.5148
vn 0.8283 0.2296 0.5111
vn 0.7438 0.4735 0.4718
vn 0.6125 0.6806 0.4021
vn 0.4424 0.8427 0.3068
vn 0.2405 0.9519 0.1899
vn 0.0188 0.9981 0.0586
vn -0.2047 0.9758 -0.0767
vn -0.4119 0.8879 -0.2050
vn -0.5893 0.7428 -0.3177
vn -0.7294 0.5475 -0.4101
vn -0.8235 0.3082 -0.4763
vn -0.8598 0.0400 -0.5091
vn -0.8319 -0.2323 -0.5040
vn -0.7436 -0.4827 -0.4626
vn -0.6057 -0.6931 -0.3908
vn -0.4277 -0.8549 -0.2937
vn -0.2181 -0.9600 -0.1757
vn 0.2576 -0.9652 0.0454
vn 0.0060 -0.9994 0.0343
vn 0.4878 -0.8713 0.0527
vn 0.6860 -0.7255 0.0562
vn 0.8450 -0.5317 0.0565
vn 0.9540 -0.2948 0.0539
vn 0.9984 -0.0296 0.0484
vn 0.9700 0.2397 0.0405
vn 0.8729 0.4869 0.0304
vn 0.7202 0.6935 0.0184
vn 0.5238 0.8518 0.0047
vn 0.2937 0.9558 -0.0105
vn 0.0431 0.9987 -0.0268
vn -0.2098 0.9768 -0.0427
vn -0.4474 0.8925 -0.0569
vn -0.6558 0.7519 -0.0679
vn -0.8260 0.5586 -0.0750
vn -0.9456 0.3163 -0.0765
vn -0.9967 0.0394 -0.0708
vn -0.9681 -0.2438 -0.0575
vn -0.8640 -0.5020 -0.0390
vn -0.7001 -0.7138 -0.0187
vn -0.4912 -0.8710 0.0012
vn -0.2500 -0.9681 0.0193
vn 0.2635 -0.9645 0.0179
vn 0.0409 -0.9884 0.1463
vn 0.4631 -0.8795 -0.1095
vn 0.6305 -0.7418 -0.2285
vn 0.7605 -0.5564 -0.3348
vn 0.8449 -0.3279 -0.4226
vn 0.8727 -0.0699 -0.4832
vn 0.8383 0.1952 -0.5091
vn 0.7455 0.4426 -0.4983
vn 0.6050 0.6540 -0.4541
vn 0.4269 0.8202 -0.3808
vn 0.2197 0.9338 -0.2824
vn -0.0038 0.9862 -0.1654
vn -0.2267 0.9732 -0.0390
vn -0.4331 0.8971 0.0868
vn -0.6108 0.7650 0.2043
vn -0.7529 0.5810 0.3092
vn -0.8493 0.3486 0.3965
vn -0.8854 0.0807 0.4578
vn -0.8516 -0.1969 0.4858
vn -0.7516 -0.4547 0.4779
vn -0.5993 -0.6712 0.4362
vn -0.4079 -0.8373 0.3641
vn -0.1890 -0.9455 0.2651
vn 0.2690 -0.9626 0.0304
vn 0.1245 -0.9608 0.2476
vn 0.3919 -0.9014 -0.1841
vn 0.4873 -0.7846 -0.3834
vn 0.5523 -0.6176 -0.5600
vn 0.5825 -0.4048 -0.7048
vn 0.5730 -0.1588 -0.8040
vn 0.5229 0.0997 -0.8466
vn 0.4374 0.3473 -0.8295
vn 0.3251 0.5661 -0.7576
vn 0.1927 0.7464 -0.6370
vn 0.0460 0.8798 -0.4731
vn -0.1056 0.9555 -0.2756
vn -0.2502 0.9663 -0.0601
vn -0.3769 0.9130 0.1563
vn -0.4783 0.8013 0.3594
vn -0.5503 0.6361 0.5409
vn -0.5874 0.4209 0.6912
vn -0.5826 0.1675 0.7953
vn -0.5332 -0.1009 0.8400
vn -0.4440 -0.3573 0.8217
vn -0.3251 -0.5813 0.7460
vn -0.1849 -0.7627 0.6198
vn -0.0311 -0.8926 0.4497
vn 0.2755 -0.9606 0.0354
vn 0.2252 -0.9300 0.2904
vn 0.3065 -0.9270 -0.2162
vn 0.3176 -0.8351 -0.4493
vn 0.3085 -0.6896 -0.6552
vn 0.2787 -0.4944 -0.8233
vn 0.2288 -0.2605 -0.9380
vn 0.1624 -0.0072 -0.9867
vn 0.0859 0.2425 -0.9663
vn 0.0054 0.4703 -0.8825
vn -0.0750 0.6662 -0.7420
vn -0.1514 0.8209 -0.5507
vn -0.2184 0.9220 -0.3197
vn -0.2704 0.9604 -0.0672
vn -0.3035 0.9344 0.1867
vn -0.3162 0.8482 0.4249
vn -0.3083 0.7059 0.6377
vn -0.2787 0.5101 0.8137
vn -0.2280 0.2707 0.9353
vn -0.1599 0.0091 0.9871
vn -0.0813 -0.2490 0.9651
vn 0.0008 -0.4827 0.8758
vn 0.0823 -0.6812 0.7275
vn 0.1590 -0.8344 0.5277
vn 0.2780 -0.9600 0.0326
vn 0.3345 -0.9002 0.2788
vn 0.2057 -0.9557 -0.2103
vn 0.1226 -0.8915 -0.4361
vn 0.0314 -0.7706 -0.6365
vn -0.0647 -0.5948 -0.8012
vn -0.1588 -0.3731 -0.9141
vn -0.2424 -0.1236 -0.9623
vn -0.3081 0.1304 -0.9424
vn -0.3520 0.3694 -0.8600
vn -0.3727 0.5821 -0.7227
vn -0.3692 0.7587 -0.5368
vn -0.3405 0.8865 -0.3133
vn -0.2882 0.9550 -0.0696
vn -0.2165 0.9604 0.1754
vn -0.1303 0.9046 0.4059
vn -0.0329 0.7895 0.6128
vn 0.0716 0.6155 0.7849
vn 0.1746 0.3892 0.9044
vn 0.2637 0.1301 0.9558
vn 0.3294 -0.1349 0.9345
vn 0.3685 -0.3826 0.8473
vn 0.3819 -0.6004 0.7027
vn 0.3702 -0.7774 0.5085
vn 0.2719 -0.9619 0.0289
vn 0.4446 -0.8748 0.1928
vn 0.0908 -0.9863 -0.1376
vn -0.0908 -0.9506 -0.2969
vn -0.2682 -0.8556 -0.4428
vn -0.4346 -0.7001 -0.5665
vn -0.5758 -0.4898 -0.6546
vn -0.6767 -0.2414 -0.6956
vn -0.7279 0.0206 -0.6854
vn -0.7284 0.2736 -0.6282
vn -0.6817 0.5041 -0.5303
vn -0.5914 0.7017 -0.3973
vn -0.4626 0.8541 -0.2379
vn -0.3043 0.9503 -0.0651
vn -0.1269 0.9861 0.1074
vn 0.0606 0.9617 0.2673
vn 0.2542 0.8775 0.4067
vn 0.4476 0.7301 0.5163
vn 0.6222 0.5199 0.5854
vn 0.7478 0.2612 0.6104
vn 0.8027 -0.0170 0.5962
vn 0.7876 -0.2849 0.5464
vn 0.7150 -0.5256 0.4611
vn 0.5966 -0.7266 0.3408
vn 0.2552 -0.9639 -0.0760
vn 0.4875 -0.8672 -0.1015
vn 0.0172 -0.9984 -0.0545
vn -0.2166 -0.9755 -0.0386
vn -0.4423 -0.8964 -0.0290
vn -0.6527 -0.7572 -0.0250
vn -0.8293 -0.5582 -0.0244
vn -0.9502 -0.3109 -0.0225
vn -0.9991 -0.0395 -0.0152
vn -0.9735 0.2286 -0.0015
vn -0.8807 0.4733 0.0177
vn -0.7313 0.6809 0.0392
vn -0.5391 0.8402 0.0583
vn -0.3202 0.9448 0.0699
vn -0.0876 0.9937 0.0701
vn 0.1491 0.9872 0.0572
vn 0.3864 0.9218 0.0301
vn 0.6156 0.7880 -0.0123
vn 0.8113 0.5808 -0.0676
vn 0.9401 0.3184 -0.1218
vn 0.9872 0.0359 -0.1555
vn 0.9571 -0.2396 -0.1628
vn 0.8571 -0.4926 -0.1507
vn 0.6950 -0.7075 -0.1280
vn 0.1911 -0.9495 -0.2487
vn 0.3820 -0.8337 -0.3989
vn -0.0105 -0.9960 -0.0887
vn -0.2080 -0.9756 0.0696
vn -0.3928 -0.8927 0.2209
vn -0.5560 -0.7495 0.3594
vn -0.6843 -0.5529 0.4755
vn -0.7658 -0.3177 0.5591
vn -0.7946 -0.0642 0.6037
vn -0.7710 0.1894 0.6080
vn -0.6973 0.4311 0.5727
vn -0.5753 0.6486 0.4984
vn -0.4114 0.8243 0.3888
vn -0.2191 0.9424 0.2529
vn -0.0153 0.9946 0.1024
vn 0.1844 0.9815 -0.0523
vn 0.3708 0.9056 -0.2058
vn 0.5349 0.7677 -0.3529
vn 0.6627 0.5723 -0.4830
vn 0.7412 0.3342 -0.5823
vn 0.7655 0.0750 -0.6391
vn 0.7388 -0.1848 -0.6481
vn 0.6648 -0.4327 -0.6090
vn 0.5442 -0.6556 -0.5235
vn 0.0687 -0.9228 -0.3791
vn 0.2347 -0.8003 -0.5518
vn -0.0987 -0.9781 -0.1831
vn -0.2553 -0.9666 0.0207
vn -0.3944 -0.8915 0.2227
vn -0.5092 -0.7548 0.4134
vn -0.5901 -0.5636 0.5781
vn -0.6294 -0.3333 0.7019
vn -0.6253 -0.0844 0.7758
vn -0.5806 0.1652 0.7973
vn -0.4982 0.4044 0.7670
vn -0.3807 0.6217 0.6845
vn -0.2348 0.7995 0.5529
vn -0.0723 0.9211 0.3825
vn 0.0924 0.9776 0.1891
vn 0.2478 0.9687 -0.0124
vn 0.3871 0.8972 -0.2126
vn 0.5037 0.7643 -0.4027
vn 0.5876 0.5759 -0.5684
vn 0.6305 0.3464 -0.6946
vn 0.6292 0.0961 -0.7713
vn 0.5858 -0.1563 -0.7952
vn 0.5032 -0.3989 -0.7666
vn 0.3839 -0.6198 -0.6845
vn -0.0876 -0.8661 -0.4921
vn 0.0790 -0.7427 -0.6650
vn -0.2452 -0.9260 -0.2871
vn -0.3824 -0.9216 -0.0671
vn -0.4935 -0.8555 0.1566
vn -0.5727 -0.7298 0.3734
vn -0.6126 -0.5512 0.5665
vn -0.6092 -0.3347 0.7189
vn -0.5646 -0.0999 0.8193
vn -0.4843 0.1367 0.8642
vn -0.3727 0.3647 0.8532
vn -0.2338 0.5736 0.7850
vn -0.0762 0.7465 0.6611
vn 0.0869 0.8670 0.4906
vn 0.2414 0.9263 0.2894
vn 0.3769 0.9233 0.0735
vn 0.4878 0.8605 -0.1467
vn 0.5683 0.7392 -0.3613
vn 0.6110 0.5649 -0.5546
vn 0.6111 0.3511 -0.7094
vn 0.5694 0.1164 -0.8138
vn 0.4908 -0.1218 -0.8627
vn 0.3795 -0.3528 -0.8553
vn 0.2394 -0.5656 -0.7891
vn -0.2903 -0.7352 -0.6125
vn -0.1074 -0.6197 -0.7775
vn -0.4495 -0.7959 -0.4056
vn -0.5739 -0.8000 -0.1750
vn -0.6586 -0.7496 0.0665
vn -0.6986 -0.6464 0.3067
vn -0.6895 -0.4967 0.5271
vn -0.6322 -0.3133 0.7087
vn -0.5336 -0.1131 0.8381
vn -0.4030 0.0901 0.9107
vn -0.2466 0.2881 0.9253
vn -0.0702 0.4719 0.8788
vn 0.1146 0.6269 0.7707
vn 0.2919 0.7383 0.6081
vn 0.4466 0.7972 0.4062
vn 0.5687 0.8022 0.1818
vn 0.6536 0.7549 -0.0537
vn 0.6964 0.6567 -0.2894
vn 0.6921 0.5121 -0.5087
vn 0.6400 0.3325 -0.6927
vn 0.5456 0.1334 -0.8274
vn 0.4171 -0.0709 -0.9061
vn 0.2608 -0.2716 -0.9264
vn 0.0821 -0.4596 -0.8843
vn -0.5334 -0.4261 -0.7307
vn -0.3135 -0.3546 -0.8809
vn -0.7107 -0.4652 -0.5277
vn -0.8330 -0.4701 -0.2918
vn -0.8963 -0.4420 -0.0372
vn -0.8968 -0.3822 0.2228
vn -0.8323 -0.2958 0.4687
vn -0.7099 -0.1902 0.6781
vn -0.5426 -0.0744 0.8367
vn -0.3441 0.0439 0.9379
vn -0.1235 0.1607 0.9792
vn 0.1098 0.2712 0.9562
vn 0.3391 0.3667 0.8664
vn 0.5446 0.4375 0.7156
vn 0.7095 0.4771 0.5186
vn 0.8249 0.4839 0.2922
vn 0.8875 0.4583 0.0487
vn 0.8937 0.4012 -0.2008
vn 0.8408 0.3158 -0.4396
vn 0.7318 0.2097 -0.6484
vn 0.5757 0.0924 -0.8124
vn 0.3843 -0.0278 -0.9228
vn 0.1656 -0.1461 -0.9753
vn -0.0725 -0.2579 -0.9635
vn 0.4790 0.0185 -0.8776
vn 0.3260 -0.6603 -0.6766
vn 0.1438 -0.6502 -0.7460
vn 0.2307 0.0294 -0.9726
vn 0.6900 0.0066 -0.7238
vn 0.4806 -0.6719 -0.5635
vn 0.8509 -0.0056 -0.5253
vn 0.5986 -0.6834 -0.4180
vn 0.9561 -0.0173 -0.2924
vn 0.6764 -0.6937 -0.2474
vn 0.9990 -0.0282 -0.0349
vn 0.7089 -0.7029 -0.0583
vn 0.9726 -0.0373 0.2294
vn 0.6899 -0.7110 0.1361
vn 0.8775 -0.0437 0.4775
vn 0.6199 -0.7171 0.3186
vn 0.7237 -0.0470 0.6885
vn 0.5062 -0.7209 0.4734
vn 0.5252 -0.0472 0.8497
vn 0.3600 -0.7213 0.5917
vn 0.2924 -0.0442 0.9553
vn 0.1890 -0.7183 0.6696
vn 0.0349 -0.0382 0.9987
vn -0.0002 -0.7121 0.7021
vn -0.2295 -0.0295 0.9729
vn -0.1947 -0.7039 0.6831
vn -0.4777 -0.0186 0.8783
vn -0.3770 -0.6942 0.6132
vn -0.6888 -0.0067 0.7249
vn -0.5314 -0.6841 0.4996
vn -0.8501 0.0055 0.5266
vn -0.6492 -0.6733 0.3538
vn -0.9557 0.0172 0.2938
vn -0.7265 -0.6623 0.1831
vn -0.9989 0.0281 0.0362
vn -0.7585 -0.6516 -0.0057
vn -0.9729 0.0371 -0.2284
vn -0.7392 -0.6432 -0.1998
vn -0.8779 0.0436 -0.4769
vn -0.6691 -0.6375 -0.3819
vn -0.7239 0.0469 -0.6883
vn -0.5556 -0.6353 -0.5363
vn -0.5251 0.0470 -0.8498
vn -0.4099 -0.6355 -0.6543
vn -0.2918 0.0441 -0.9555
vn -0.2392 -0.6378 -0.7321
vn -0.0339 0.0381 -0.9987
vn -0.0504 -0.6424 -0.7647
vn 0.4796 0.0059 -0.8774
vn 0.2312 0.0095 -0.9729
vn 0.6906 0.0020 -0.7232
vn 0.8515 -0.0020 -0.5244
vn 0.9566 -0.0059 -0.2913
vn 0.9994 -0.0095 -0.0337
vn 0.9730 -0.0126 0.2306
vn 0.8779 -0.0147 0.4785
vn 0.7242 -0.0158 0.6894
vn 0.5259 -0.0158 0.8504
vn 0.2932 -0.0148 0.9559
vn 0.0359 -0.0127 0.9993
vn -0.2284 -0.0097 0.9735
vn -0.4767 -0.0060 0.8791
vn -0.6880 -0.0021 0.7257
vn -0.8496 0.0019 0.5274
vn -0.9556 0.0058 0.2945
vn -0.9993 0.0093 0.0367
vn -0.9735 0.0122 -0.2283
vn -0.8787 0.0143 -0.4772
vn -0.7246 0.0153 -0.6890
vn -0.5256 0.0153 -0.8506
vn -0.2920 0.0143 -0.9563
vn -0.0337 0.0124 -0.9994
vn 0.4812 -0.0182 -0.8764
vn 0.2330 -0.0288 -0.9721
vn 0.6918 -0.0066 -0.7221
vn 0.8521 0.0050 -0.5233
vn 0.9568 0.0162 -0.2904
vn 0.9991 0.0265 -0.0332
vn 0.9724 0.0351 0.2307
vn 0.8773 0.0412 0.4782
vn 0.7236 0.0444 0.6888
vn 0.5254 0.0446 0.8497
vn 0.2930 0.0420 0.9552
vn 0.0361 0.0365 0.9987
vn -0.2279 0.0284 0.9733
vn -0.4759 0.0183 0.8793
vn -0.6872 0.0069 0.7265
vn -0.8488 -0.0047 0.5287
vn -0.9550 -0.0162 0.2962
vn -0.9989 -0.0269 0.0386
vn -0.9733 -0.0359 -0.2266
vn -0.8785 -0.0425 -0.4759
vn -0.7242 -0.0459 -0.6880
vn -0.5248 -0.0461 -0.8500
vn -0.2908 -0.0433 -0.9558
vn -0.0321 -0.0374 -0.9988
vn 0.4863 -0.0602 -0.8717
vn 0.2398 -0.0959 -0.9661
vn 0.6945 -0.0214 -0.7191
vn 0.8525 0.0176 -0.5225
vn 0.9549 0.0551 -0.2919
vn 0.9953 0.0896 -0.0369
vn 0.9672 0.1182 0.2249
vn 0.8712 0.1385 0.4710
vn 0.7172 0.1492 0.6807
vn 0.5191 0.1499 0.8415
vn 0.2873 0.1409 0.9474
vn 0.0315 0.1224 0.9920
vn -0.2308 0.0951 0.9683
vn -0.4770 0.0610 0.8768
vn -0.6866 0.0231 0.7267
vn -0.8468 -0.0160 0.5317
vn -0.9518 -0.0544 0.3019
vn -0.9948 -0.0903 0.0465
vn -0.9686 -0.1209 -0.2174
vn -0.8730 -0.1430 -0.4664
vn -0.7178 -0.1545 -0.6789
vn -0.5175 -0.1552 -0.8415
vn -0.2830 -0.1453 -0.9481
vn -0.0243 -0.1252 -0.9918
vn 0.5293 -0.3200 -0.7858
vn 0.2819 -0.3783 -0.8817
vn 0.7312 -0.2220 -0.6450
vn 0.8771 -0.1017 -0.4694
vn 0.9648 0.0206 -0.2623
vn 0.9911 0.1302 -0.0290
vn 0.9520 0.2179 0.2151
vn 0.8489 0.2790 0.4490
vn 0.6908 0.3130 0.6518
vn 0.4908 0.3224 0.8094
vn 0.2589 0.3096 0.9149
vn 0.0048 0.2764 0.9610
vn -0.2540 0.2253 0.9406
vn -0.4949 0.1610 0.8539
vn -0.6984 0.0893 0.7101
vn -0.8524 0.0155 0.5226
vn -0.9517 -0.0582 0.3014
vn -0.9900 -0.1300 0.0554
vn -0.9602 -0.1968 -0.1984
vn -0.8620 -0.2561 -0.4374
vn -0.7040 -0.3066 -0.6407
vn -0.4990 -0.3478 -0.7937
vn -0.2572 -0.3791 -0.8889
vn 0.0104 -0.3939 -0.9191
vn 0.5992 -0.6473 -0.4712
vn 0.3431 -0.7836 -0.5180
vn 0.8073 -0.4504 -0.3813
vn 0.9415 -0.2193 -0.2558
vn 0.9943 0.0138 -0.1053
vn 0.9731 0.2234 0.0571
vn 0.8924 0.3954 0.2174
vn 0.7668 0.5274 0.3659
vn 0.6059 0.6229 0.4948
vn 0.4138 0.6861 0.5983
vn 0.1896 0.7177 0.6700
vn -0.0643 0.7128 0.6984
vn -0.3306 0.6644 0.6703
vn -0.5799 0.5686 0.5834
vn -0.7832 0.4282 0.4509
vn -0.9218 0.2513 0.2952
vn -0.9896 0.0443 0.1368
vn -0.9832 -0.1823 -0.0102
vn -0.9052 -0.4018 -0.1383
vn -0.7734 -0.5831 -0.2485
vn -0.6066 -0.7164 -0.3447
vn -0.4121 -0.8053 -0.4263
vn -0.1861 -0.8527 -0.4882
vn 0.0716 -0.8502 -0.5216
vn 0.7668 -0.6216 -0.1598
vn 0.5640 -0.8093 -0.1641
vn 0.9115 -0.3918 -0.1252
vn 0.9874 -0.1458 -0.0620
vn 0.9945 0.1030 0.0205
vn 0.9322 0.3445 0.1112
vn 0.8031 0.5624 0.1968
vn 0.6184 0.7394 0.2661
vn 0.3961 0.8635 0.3121
vn 0.1533 0.9304 0.3330
vn -0.0996 0.9389 0.3295
vn -0.3518 0.8859 0.3023
vn -0.5848 0.7707 0.2530
vn -0.7779 0.5998 0.1873
vn -0.9146 0.3880 0.1137
vn -0.9876 0.1517 0.0406
vn -0.9949 -0.0979 -0.0260
vn -0.9337 -0.3489 -0.0807
vn -0.8051 -0.5812 -0.1183
vn -0.6207 -0.7720 -0.1370
vn -0.4007 -0.9052 -0.1416
vn -0.1638 -0.9764 -0.1409
vn 0.0808 -0.9864 -0.1434
vn 0.3278 -0.9323 -0.1528
vn 0.7742 -0.6250 -0.1004
vn 0.5812 -0.7967 -0.1658
vn 0.9103 -0.4129 -0.0292
vn 0.9831 -0.1779 0.0425
vn 0.9914 0.0688 0.1115
vn 0.9326 0.3160 0.1743
vn 0.8073 0.5451 0.2260
vn 0.6250 0.7355 0.2615
vn 0.4029 0.8719 0.2784
vn 0.1587 0.9478 0.2765
vn -0.0958 0.9618 0.2564
vn -0.3491 0.9112 0.2186
vn -0.5823 0.7961 0.1649
vn -0.7744 0.6248 0.0995
vn -0.9101 0.4135 0.0284
vn -0.9829 0.1792 -0.0430
vn -0.9915 -0.0668 -0.1117
vn -0.9335 -0.3134 -0.1742
vn -0.8092 -0.5425 -0.2257
vn -0.6276 -0.7334 -0.2612
vn -0.4059 -0.8705 -0.2783
vn -0.1617 -0.9473 -0.2767
vn 0.0931 -0.9619 -0.2569
vn 0.3471 -0.9118 -0.2194
vn 0.7713 -0.6324 -0.0718
vn 0.5789 -0.8035 -0.1389
vn 0.9073 -0.4205 -0.0009
vn 0.9803 -0.1851 0.0686
vn 0.9891 0.0624 0.1336
vn 0.9311 0.3108 0.1909
vn 0.8068 0.5417 0.2358
vn 0.6255 0.7342 0.2640
vn 0.4043 0.8728 0.2735
vn 0.1608 0.9508 0.2647
vn -0.0931 0.9666 0.2387
vn -0.3461 0.9175 0.1959
vn -0.5791 0.8033 0.1387
vn -0.7713 0.6324 0.0718
vn -0.9071 0.4209 0.0010
vn -0.9802 0.1859 -0.0684
vn -0.9892 -0.0613 -0.1333
vn -0.9316 -0.3096 -0.1906
vn -0.8077 -0.5405 -0.2356
vn -0.6267 -0.7332 -0.2639
vn -0.4056 -0.8722 -0.2735
vn -0.1621 -0.9506 -0.2648
vn 0.0921 -0.9667 -0.2388
vn 0.3454 -0.9177 -0.1961
vn 0.7697 -0.6358 -0.0570
vn 0.5773 -0.8072 -0.1235
vn 0.9058 -0.4236 0.0122
vn 0.9790 -0.1877 0.0793
vn 0.9881 0.0605 0.1411
vn 0.9307 0.3097 0.1947
vn 0.8070 0.5416 0.2356
vn 0.6263 0.7350 0.2598
vn 0.4055 0.8746 0.2657
vn 0.1625 0.9535 0.2539
vn -0.0911 0.9700 0.2255
vn -0.3439 0.9213 0.1813
vn -0.5770 0.8074 0.1236
vn -0.7693 0.6363 0.0572
vn -0.9054 0.4244 -0.0120
vn -0.9789 0.1887 -0.0790
vn -0.9882 -0.0594 -0.1409
vn -0.9311 -0.3086 -0.1945
vn -0.8077 -0.5406 -0.2354
vn -0.6271 -0.7344 -0.2597
vn -0.4063 -0.8743 -0.2656
vn -0.1631 -0.9534 -0.2539
vn 0.0908 -0.9700 -0.2255
vn 0.3439 -0.9213 -0.1812
vn 0.7688 -0.6380 -0.0432
vn 0.5759 -0.8109 -0.1043
vn 0.9054 -0.4241 0.0196
vn 0.9792 -0.1866 0.0797
vn 0.9889 0.0630 0.1345
vn 0.9321 0.3135 0.1813
vn 0.8092 0.5463 0.2164
vn 0.6292 0.7404 0.2363
vn 0.4091 0.8804 0.2397
vn 0.1665 0.9595 0.2272
vn -0.0870 0.9759 0.2000
vn -0.3400 0.9270 0.1586
vn -0.5736 0.8123 0.1053
vn -0.7668 0.6403 0.0444
vn -0.9040 0.4271 -0.0188
vn -0.9786 0.1899 -0.0795
vn -0.9890 -0.0597 -0.1352
vn -0.9328 -0.3105 -0.1829
vn -0.8101 -0.5440 -0.2185
vn -0.6299 -0.7391 -0.2386
vn -0.4093 -0.8798 -0.2417
vn -0.1659 -0.9593 -0.2286
vn 0.0883 -0.9757 -0.2005
vn 0.3420 -0.9263 -0.1582
vn 0.7713 -0.6360 0.0259
vn 0.5770 -0.8167 -0.0017
vn 0.9080 -0.4160 0.0507
vn 0.9821 -0.1743 0.0713
vn 0.9931 0.0783 0.0871
vn 0.9386 0.3311 0.0975
vn 0.8184 0.5656 0.1014
vn 0.6409 0.7612 0.0987
vn 0.4223 0.9020 0.0895
vn 0.1799 0.9808 0.0749
vn -0.0743 0.9957 0.0556
vn -0.3282 0.9441 0.0320
vn -0.5632 0.8263 0.0057
vn -0.7586 0.6512 -0.0214
vn -0.8991 0.4352 -0.0470
vn -0.9783 0.1953 -0.0693
vn -0.9945 -0.0575 -0.0872
vn -0.9445 -0.3130 -0.0997
vn -0.8267 -0.5527 -0.1052
vn -0.6485 -0.7542 -0.1029
vn -0.4262 -0.8998 -0.0931
vn -0.1786 -0.9809 -0.0768
vn 0.0810 -0.9952 -0.0553
vn 0.3398 -0.9400 -0.0296
vn 0.7615 -0.6118 0.2141
vn 0.5610 -0.7915 0.2424
vn 0.9029 -0.3942 0.1715
vn 0.9804 -0.1569 0.1189
vn 0.9943 0.0890 0.0591
vn 0.9428 0.3334 -0.0052
vn 0.8263 0.5589 -0.0697
vn 0.6529 0.7464 -0.1291
vn 0.4377 0.8812 -0.1788
vn 0.1971 0.9563 -0.2160
vn -0.0572 0.9693 -0.2393
vn -0.3132 0.9170 -0.2471
vn -0.5511 0.7998 -0.2381
vn -0.7495 0.6269 -0.2127
vn -0.8930 0.4152 -0.1734
vn -0.9755 0.1819 -0.1239
vn -0.9958 -0.0622 -0.0665
vn -0.9515 -0.3076 -0.0031
vn -0.8408 -0.5378 0.0625
vn -0.6696 -0.7321 0.1247
vn -0.4526 -0.8738 0.1780
vn -0.2071 -0.9536 0.2185
vn 0.0540 -0.9682 0.2441
vn 0.3174 -0.9140 0.2527
vn 0.7321 -0.4390 0.5208
vn 0.5222 -0.5967 0.6093
vn 0.8806 -0.2568 0.3983
vn 0.9648 -0.0662 0.2545
vn 0.9874 0.1250 0.0971
vn 0.9481 0.3105 -0.0685
vn 0.8468 0.4787 -0.2319
vn 0.6888 0.6168 -0.3810
vn 0.4860 0.7139 -0.5041
vn 0.2520 0.7642 -0.5937
vn -0.0018 0.7643 -0.6449
vn -0.2619 0.7111 -0.6525
vn -0.5064 0.6059 -0.6136
vn -0.7121 0.4586 -0.5316
vn -0.8635 0.2847 -0.4163
vn -0.9552 0.0990 -0.2789
vn -0.9879 -0.0904 -0.1263
vn -0.9599 -0.2779 0.0370
vn -0.8683 -0.4528 0.2026
vn -0.7153 -0.6004 0.3574
vn -0.5109 -0.7074 0.4885
vn -0.2699 -0.7645 0.5854
vn -0.0053 -0.7669 0.6418
vn 0.2674 -0.7103 0.6511
vn 0.6421 -0.0831 0.7621
vn 0.4171 -0.1839 0.8901
vn 0.8119 0.0196 0.5834
vn 0.9206 0.1158 0.3729
vn 0.9691 0.2018 0.1418
vn 0.9563 0.2743 -0.1008
vn 0.8812 0.3284 -0.3399
vn 0.7479 0.3601 -0.5577
vn 0.5666 0.3676 -0.7375
vn 0.3496 0.3513 -0.8685
vn 0.1067 0.3122 -0.9440
vn -0.1504 0.2513 -0.9562
vn -0.4010 0.1722 -0.8998
vn -0.6211 0.0818 -0.7794
vn -0.7928 -0.0118 -0.6094
vn -0.9080 -0.1020 -0.4064
vn -0.9657 -0.1860 -0.1811
vn -0.9635 -0.2611 0.0589
vn -0.8977 -0.3222 0.3006
vn -0.7694 -0.3636 0.5252
vn -0.5872 -0.3806 0.7144
vn -0.3644 -0.3713 0.8540
vn -0.1121 -0.3349 0.9356
vn 0.1564 -0.2711 0.9498
vn 0.5311 0.2642 0.8051
vn 0.2983 0.2041 0.9324
vn 0.7207 0.3041 0.6230
vn 0.8565 0.3218 0.4036
vn 0.9350 0.3170 0.1592
vn 0.9520 0.2894 -0.0993
vn 0.9040 0.2403 -0.3536
vn 0.7939 0.1739 -0.5826
vn 0.6327 0.0966 -0.7684
vn 0.4333 0.0143 -0.9012
vn 0.2049 -0.0689 -0.9763
vn -0.0427 -0.1489 -0.9879
vn -0.2922 -0.2194 -0.9308
vn -0.5211 -0.2741 -0.8083
vn -0.7102 -0.3088 -0.6327
vn -0.8483 -0.3228 -0.4198
vn -0.9312 -0.3166 -0.1807
vn -0.9540 -0.2904 0.0748
vn -0.9116 -0.2450 0.3302
vn -0.8052 -0.1837 0.5638
vn -0.6445 -0.1113 0.7565
vn -0.4429 -0.0328 0.8960
vn -0.2103 0.0486 0.9764
vn 0.0430 0.1297 0.9906
vn 0.4450 0.4726 0.7607
vn 0.2169 0.4083 0.8867
vn 0.6386 0.5024 0.5829
vn 0.7851 0.4973 0.3691
vn 0.8789 0.4587 0.1308
vn 0.9138 0.3877 -0.1210
vn 0.8841 0.2882 -0.3677
vn 0.7917 0.1685 -0.5872
vn 0.6469 0.0394 -0.7616
vn 0.4630 -0.0897 -0.8818
vn 0.2494 -0.2133 -0.9446
vn 0.0147 -0.3257 -0.9454
vn -0.2248 -0.4175 -0.8804
vn -0.4486 -0.4803 -0.7537
vn -0.6381 -0.5093 -0.5774
vn -0.7818 -0.5042 -0.3667
vn -0.8746 -0.4665 -0.1323
vn -0.9105 -0.3969 0.1156
vn -0.8839 -0.2990 0.3596
vn -0.7955 -0.1806 0.5784
vn -0.6544 -0.0521 0.7543
vn -0.4732 0.0771 0.8776
vn -0.2608 0.2013 0.9442
vn -0.0256 0.3147 0.9488
vn 0.6960 -0.0845 0.7131
vn 0.5496 -0.1442 0.8229
vn 0.8166 -0.0568 0.5743
vn 0.9058 -0.0581 0.4196
vn 0.9631 -0.0852 0.2555
vn 0.9867 -0.1372 0.0866
vn 0.9739 -0.2134 -0.0774
vn 0.9243 -0.3086 -0.2246
vn 0.8417 -0.4164 -0.3437
vn 0.7317 -0.5296 -0.4291
vn 0.5976 -0.6444 -0.4770
vn 0.4433 -0.7563 -0.4811
vn 0.2798 -0.8560 -0.4347
vn 0.1219 -0.9328 -0.3391
vn -0.0149 -0.9791 -0.2030
vn -0.1219 -0.9918 -0.0391
vn -0.1941 -0.9704 0.1436
vn -0.2260 -0.9144 0.3358
vn -0.2107 -0.8266 0.5219
vn -0.1490 -0.7146 0.6835
vn -0.0478 -0.5902 0.8058
vn 0.0810 -0.4640 0.8821
vn 0.2290 -0.3427 0.9111
vn 0.3889 -0.2328 0.8914
vn 0.2558 -0.2431 -0.9357
vn 0.5474 -0.3375 -0.7658
vn 0.7637 -0.3182 -0.5617
vn 0.9150 -0.2231 -0.3362
vn 0.9919 -0.0866 -0.0933
vn 0.9868 0.0634 0.1491
vn 0.9091 0.2002 0.3654
vn 0.7787 0.3119 0.5443
vn 0.6099 0.3962 0.6864
vn 0.4097 0.4518 0.7925
vn 0.1816 0.4769 0.8600
vn -0.0708 0.4721 0.8787
vn -0.3164 0.4344 0.8433
vn -0.5515 0.3569 0.7540
vn -0.7550 0.2525 0.6052
vn -0.9074 0.1318 0.3990
vn -0.9894 0.0165 0.1441
vn -0.9914 -0.0581 -0.1176
vn -0.9090 -0.0877 -0.4075
vn -0.7407 0.0470 -0.6702
vn -0.4850 0.1919 -0.8532
vn -0.3454 0.2283 -0.9103
vn -0.1936 0.2056 -0.9593
vn 0.0087 -0.0342 -0.9994
vt 0.397314 0.743985
vt 0.390020 0.702615
vt 0.409814 0.695410
vt 0.418380 0.743985
vt 0.369015 0.666234
vt 0.385152 0.652694
vt 0.336835 0.639231
vt 0.347367 0.620988
vt 0.297359 0.624863
vt 0.301017 0.604118
vt 0.255350 0.624863
vt 0.251693 0.604118
vt 0.215875 0.639231
vt 0.205343 0.620988
vt 0.183694 0.666234
vt 0.167558 0.652694
vt 0.162690 0.702615
vt 0.142895 0.695410
vt 0.155395 0.743985
vt 0.134330 0.743985
vt 0.162690 0.785356
vt 0.142895 0.792560
vt 0.183694 0.821736
vt 0.167558 0.835277
vt 0.215875 0.848739
vt 0.205343 0.866982
vt 0.255350 0.863107
vt 0.251692 0.883852
vt 0.297359 0.863107
vt 0.301017 0.883852
vt 0.336835 0.848739
vt 0.347367 0.866982
vt 0.369015 0.821737
vt 0.385152 0.835277
vt 0.390020 0.785356
vt 0.409814 0.792561
vt 0.421435 0.691180
vt 0.430746 0.743985
vt 0.394626 0.644744
vt 0.353551 0.610278
vt 0.303165 0.591939
vt 0.249545 0.591939
vt 0.199159 0.610278
vt 0.158084 0.644744
vt 0.131274 0.691180
vt 0.121963 0.743985
vt 0.131274 0.796790
vt 0.158084 0.843226
vt 0.199159 0.877692
vt 0.249545 0.896031
vt 0.303165 0.896031
vt 0.353550 0.877692
vt 0.394626 0.843226
vt 0.421435 0.796790
vt 0.427050 0.689137
vt 0.436721 0.743985
vt 0.399203 0.640904
vt 0.356538 0.605104
vt 0.304202 0.586055
vt 0.248507 0.586055
vt 0.196172 0.605104
vt 0.153507 0.640904
vt 0.125660 0.689137
vt 0.115989 0.743985
vt 0.125660 0.798834
vt 0.153507 0.847067
vt 0.196172 0.882867
vt 0.248507 0.901915
vt 0.304202 0.901915
vt 0.356538 0.882867
vt 0.399203 0.847067
vt 0.427050 0.798834
vt 0.353981 0.809121
vt 0.327022 0.831743
vt 0.293951 0.843779
vt 0.258758 0.843779
vt 0.225688 0.831743
vt 0.198729 0.809121
vt 0.181132 0.778643
vt 0.175021 0.743985
vt 0.181132 0.709327
vt 0.198729 0.678849
vt 0.225688 0.656228
vt 0.258758 0.644191
vt 0.293951 0.644191
vt 0.327022 0.656228
vt 0.353981 0.678849
vt 0.371577 0.709327
vt 0.377688 0.743985
vt 0.371577 0.778643
vt 0.308386 0.755379
vt 0.302110 0.766270
vt 0.292494 0.774354
vt 0.280696 0.778657
vt 0.268140 0.778657
vt 0.256343 0.774354
vt 0.246726 0.766270
vt 0.240451 0.755379
vt 0.238272 0.742996
vt 0.240451 0.730613
vt 0.246726 0.719722
vt 0.256343 0.711638
vt 0.268140 0.707335
vt 0.280696 0.707335
vt 0.292494 0.711637
vt 0.302110 0.719722
vt 0.308386 0.730613
vt 0.310565 0.742996
vt 0.402890 0.742996
vt 0.395169 0.786909
vt 0.382450 0.782277
vt 0.389352 0.742996
vt 0.372912 0.825573
vt 0.362547 0.816871
vt 0.338748 0.854324
vt 0.331985 0.842605
vt 0.296769 0.869648
vt 0.294421 0.856326
vt 0.252068 0.869648
vt 0.254415 0.856326
vt 0.210089 0.854324
vt 0.216852 0.842605
vt 0.175925 0.825573
vt 0.186290 0.816871
vt 0.153668 0.786909
vt 0.166387 0.782277
vt 0.145947 0.742996
vt 0.159485 0.742996
vt 0.153667 0.699083
vt 0.166387 0.703715
vt 0.175925 0.660419
vt 0.186290 0.669121
vt 0.210089 0.631668
vt 0.216852 0.643387
vt 0.252067 0.616344
vt 0.254415 0.629667
vt 0.296769 0.616344
vt 0.294421 0.629666
vt 0.338747 0.631668
vt 0.331985 0.643386
vt 0.372912 0.660419
vt 0.362547 0.669121
vt 0.395169 0.699082
vt 0.382449 0.703714
vt 0.356294 0.772810
vt 0.361538 0.742996
vt 0.341185 0.799046
vt 0.318013 0.818540
vt 0.289562 0.828922
vt 0.259274 0.828922
vt 0.230823 0.818540
vt 0.207651 0.799046
vt 0.192543 0.772810
vt 0.187299 0.742996
vt 0.192543 0.713182
vt 0.207651 0.686946
vt 0.230823 0.667452
vt 0.259274 0.657070
vt 0.289562 0.657070
vt 0.318013 0.667452
vt 0.341185 0.686945
vt 0.356294 0.713181
vt 0.750396 0.798561
vt 0.697698 0.798561
vt 0.694845 0.785838
vt 0.750396 0.785838
vt 0.651356 0.798561
vt 0.645994 0.785838
vt 0.616960 0.798561
vt 0.609735 0.785838
vt 0.598658 0.798561
vt 0.590443 0.785838
vt 0.598658 0.798561
vt 0.694845 0.785838
vt 0.803094 0.798561
vt 0.805947 0.785838
vt 0.849436 0.798561
vt 0.854798 0.785838
vt 0.883832 0.798561
vt 0.891056 0.785838
vt 0.902134 0.798561
vt 0.910349 0.785838
vt 0.910349 0.785838
vt 0.883832 0.798561
vt 0.849436 0.798561
vt 0.854798 0.785838
vt 0.803094 0.798561
vt 0.805947 0.785838
vt 0.693345 0.773115
vt 0.750396 0.773115
vt 0.643175 0.773115
vt 0.605938 0.773115
vt 0.586124 0.773115
vt 0.693345 0.773115
vt 0.807447 0.773115
vt 0.857616 0.773115
vt 0.894854 0.773115
vt 0.914667 0.773115
vt 0.914667 0.773115
vt 0.894854 0.773115
vt 0.857617 0.773115
vt 0.807447 0.773115
vt 0.693345 0.760391
vt 0.750396 0.760391
vt 0.643175 0.760391
vt 0.605938 0.760391
vt 0.586124 0.760391
vt 0.693345 0.760391
vt 0.807447 0.760391
vt 0.857616 0.760391
vt 0.894854 0.760391
vt 0.914667 0.760391
vt 0.914667 0.760391
vt 0.894854 0.760391
vt 0.857617 0.760391
vt 0.807447 0.760391
vt 0.694845 0.747668
vt 0.750396 0.747668
vt 0.645994 0.747668
vt 0.609735 0.747668
vt 0.590443 0.747668
vt 0.694845 0.747668
vt 0.805947 0.747668
vt 0.854798 0.747668
vt 0.891056 0.747668
vt 0.910349 0.747668
vt 0.910349 0.747668
vt 0.854798 0.747668
vt 0.805947 0.747668
vt 0.697698 0.734945
vt 0.750396 0.734945
vt 0.651356 0.734945
vt 0.616960 0.734945
vt 0.598658 0.734945
vt 0.598658 0.734945
vt 0.803094 0.734945
vt 0.849436 0.734945
vt 0.883832 0.734945
vt 0.902134 0.734945
vt 0.883832 0.734945
vt 0.849436 0.734945
vt 0.803094 0.734945
vt 0.799812 0.555762
vt 0.798927 0.556389
vt 0.792506 0.554041
vt 0.793781 0.553565
vt 0.471977 0.556813
vt 0.472416 0.556042
vt 0.478447 0.553846
vt 0.477782 0.554704
vt 0.471973 0.558844
vt 0.477716 0.556758
vt 0.472392 0.561996
vt 0.478237 0.559870
vt 0.473224 0.566131
vt 0.479332 0.563903
vt 0.474457 0.571111
vt 0.480989 0.568717
vt 0.475978 0.576447
vt 0.483058 0.573840
vt 0.477622 0.581586
vt 0.485312 0.578741
vt 0.479301 0.586293
vt 0.487630 0.583200
vt 0.480928 0.590337
vt 0.489890 0.586998
vt 0.482413 0.593483
vt 0.491970 0.589913
vt 0.483668 0.595499
vt 0.493747 0.591726
vt 0.484553 0.596125
vt 0.495023 0.592201
vt 0.787237 0.595074
vt 0.787675 0.595845
vt 0.777206 0.591921
vt 0.776541 0.591063
vt 0.787232 0.593043
vt 0.776475 0.589008
vt 0.787651 0.589891
vt 0.776995 0.585896
vt 0.788483 0.585756
vt 0.778091 0.581864
vt 0.789716 0.580776
vt 0.779748 0.577049
vt 0.791237 0.575440
vt 0.781816 0.571927
vt 0.792881 0.570302
vt 0.784071 0.567025
vt 0.794561 0.565594
vt 0.786389 0.562566
vt 0.796187 0.561550
vt 0.788649 0.558768
vt 0.797672 0.558404
vt 0.790729 0.555853
vt 0.805788 0.557165
vt 0.805305 0.557887
vt 0.466208 0.558168
vt 0.466440 0.557445
vt 0.466219 0.560195
vt 0.466469 0.563389
vt 0.466948 0.567610
vt 0.467651 0.572717
vt 0.468513 0.578212
vt 0.469440 0.583523
vt 0.470383 0.588407
vt 0.471293 0.592623
vt 0.472120 0.595927
vt 0.472814 0.598076
vt 0.473298 0.598799
vt 0.798698 0.597796
vt 0.798930 0.598518
vt 0.798710 0.595768
vt 0.798959 0.592574
vt 0.799439 0.588353
vt 0.800142 0.583246
vt 0.801004 0.577752
vt 0.801931 0.572441
vt 0.802874 0.567556
vt 0.803783 0.563341
vt 0.804610 0.560036
vt 0.810947 0.557594
vt 0.810917 0.558358
vt 0.461254 0.558578
vt 0.461281 0.557874
vt 0.461232 0.560610
vt 0.461216 0.563829
vt 0.461206 0.568097
vt 0.461204 0.573272
vt 0.461210 0.578847
vt 0.461224 0.584244
vt 0.461244 0.589215
vt 0.461268 0.593514
vt 0.461296 0.596892
vt 0.461327 0.599103
vt 0.461357 0.599867
vt 0.810844 0.598883
vt 0.810871 0.599587
vt 0.810822 0.596851
vt 0.810806 0.593631
vt 0.810796 0.589364
vt 0.810794 0.584189
vt 0.810800 0.578614
vt 0.810813 0.573217
vt 0.810833 0.568245
vt 0.810857 0.563947
vt 0.810886 0.560568
vt 0.814561 0.557531
vt 0.814930 0.558443
vt 0.457861 0.558536
vt 0.457667 0.557811
vt 0.457838 0.560224
vt 0.457422 0.563409
vt 0.456724 0.567615
vt 0.455757 0.572704
vt 0.454612 0.578175
vt 0.453411 0.583462
vt 0.452217 0.588324
vt 0.451091 0.592518
vt 0.450095 0.595803
vt 0.449292 0.597937
vt 0.448772 0.598650
vt 0.823649 0.597645
vt 0.823456 0.598370
vt 0.823531 0.595621
vt 0.823116 0.592436
vt 0.822418 0.588230
vt 0.821451 0.583142
vt 0.820306 0.577670
vt 0.819105 0.572383
vt 0.817911 0.567521
vt 0.816785 0.563328
vt 0.815729 0.560618
vt 0.425562 0.518422
vt 0.426653 0.515833
vt 0.452947 0.557687
vt 0.450549 0.558137
vt 0.423305 0.521306
vt 0.447322 0.559438
vt 0.420076 0.524325
vt 0.443479 0.561466
vt 0.416067 0.527319
vt 0.439236 0.564097
vt 0.411472 0.530128
vt 0.434811 0.567205
vt 0.406484 0.532591
vt 0.430417 0.570668
vt 0.401611 0.534436
vt 0.426519 0.574135
vt 0.397341 0.535499
vt 0.423490 0.577257
vt 0.393836 0.535787
vt 0.421414 0.579906
vt 0.391258 0.535304
vt 0.420373 0.581959
vt 0.389770 0.534056
vt 0.420452 0.583290
vt 0.882695 0.531767
vt 0.882458 0.533776
vt 0.851776 0.583009
vt 0.850495 0.583492
vt 0.881603 0.529179
vt 0.848098 0.583042
vt 0.879347 0.526295
vt 0.844870 0.581741
vt 0.876117 0.523276
vt 0.841027 0.579713
vt 0.872109 0.520281
vt 0.836785 0.577082
vt 0.867514 0.517472
vt 0.832359 0.573973
vt 0.862526 0.515009
vt 0.827965 0.570511
vt 0.857653 0.513165
vt 0.824067 0.567044
vt 0.853382 0.512101
vt 0.821038 0.563922
vt 0.849877 0.511814
vt 0.818962 0.561273
vt 0.847300 0.512297
vt 0.817922 0.559220
vt 0.845811 0.513545
vt 0.818001 0.557890
vt 0.426417 0.513825
vt 0.454228 0.558170
vt 0.407532 0.481566
vt 0.408130 0.477948
vt 0.405625 0.485182
vt 0.402596 0.488621
vt 0.398630 0.491710
vt 0.393915 0.494273
vt 0.388637 0.496137
vt 0.383328 0.497078
vt 0.378526 0.497037
vt 0.374424 0.496087
vt 0.371220 0.494299
vt 0.369106 0.491749
vt 0.903949 0.488229
vt 0.903122 0.491469
vt 0.903351 0.484610
vt 0.901445 0.480995
vt 0.898415 0.477556
vt 0.894449 0.474467
vt 0.889734 0.471904
vt 0.884456 0.470040
vt 0.879147 0.469099
vt 0.874345 0.469140
vt 0.870244 0.470090
vt 0.867039 0.471877
vt 0.864926 0.474428
vt 0.407302 0.474708
vt 0.395955 0.447998
vt 0.396411 0.443940
vt 0.394133 0.451882
vt 0.391132 0.455420
vt 0.387138 0.458435
vt 0.382339 0.460754
vt 0.376919 0.462201
vt 0.371425 0.462588
vt 0.366414 0.461919
vt 0.362092 0.460300
vt 0.358667 0.457843
vt 0.356345 0.454654
vt 0.916896 0.450564
vt 0.915884 0.454375
vt 0.916440 0.446506
vt 0.914619 0.442621
vt 0.911617 0.439084
vt 0.907624 0.436069
vt 0.902824 0.433750
vt 0.897404 0.432303
vt 0.891910 0.431916
vt 0.886899 0.432585
vt 0.882578 0.434203
vt 0.879152 0.436661
vt 0.876830 0.439849
vt 0.395399 0.440129
vt 0.389609 0.417059
vt 0.390083 0.413046
vt 0.387753 0.420816
vt 0.384706 0.424155
vt 0.380656 0.426913
vt 0.375792 0.428929
vt 0.370305 0.430038
vt 0.364746 0.430089
vt 0.359678 0.429116
vt 0.355311 0.427241
vt 0.351854 0.424585
vt 0.349515 0.421268
vt 0.348503 0.417412
vt 0.355332 0.450844
vt 0.923251 0.413120
vt 0.923725 0.417132
vt 0.921395 0.409362
vt 0.918348 0.406023
vt 0.914298 0.403264
vt 0.909434 0.401249
vt 0.903947 0.400139
vt 0.898388 0.400089
vt 0.893320 0.401062
vt 0.888954 0.402936
vt 0.885497 0.405593
vt 0.883157 0.408910
vt 0.882145 0.412766
vt 0.875817 0.443660
vt 0.386992 0.387671
vt 0.387549 0.384453
vt 0.385056 0.390638
vt 0.381934 0.393230
vt 0.377819 0.395321
vt 0.372903 0.396787
vt 0.367381 0.397503
vt 0.361808 0.397363
vt 0.356749 0.396415
vt 0.352410 0.394763
vt 0.348999 0.392510
vt 0.346721 0.389762
vt 0.345785 0.386622
vt 0.925886 0.383124
vt 0.926443 0.386342
vt 0.923950 0.380157
vt 0.920828 0.377565
vt 0.916713 0.375474
vt 0.911797 0.374008
vt 0.906275 0.373292
vt 0.900702 0.373432
vt 0.895643 0.374380
vt 0.891304 0.376033
vt 0.887893 0.378285
vt 0.885616 0.381033
vt 0.884679 0.384173
vt 0.386471 0.357221
vt 0.387114 0.357158
vt 0.384454 0.357274
vt 0.381261 0.357317
vt 0.377088 0.357346
vt 0.372131 0.357360
vt 0.366587 0.357358
vt 0.361014 0.357338
vt 0.355978 0.357303
vt 0.351681 0.357257
vt 0.348328 0.357201
vt 0.346123 0.357139
vt 0.345270 0.357073
vt 0.926315 0.356731
vt 0.926958 0.356794
vt 0.924298 0.356677
vt 0.921105 0.356635
vt 0.916932 0.356606
vt 0.911974 0.356591
vt 0.906430 0.356594
vt 0.900858 0.356614
vt 0.895822 0.356649
vt 0.891525 0.356695
vt 0.888172 0.356751
vt 0.885967 0.356812
vt 0.885114 0.356878
vt 0.388408 0.333315
vt 0.388815 0.336276
vt 0.386623 0.330406
vt 0.383643 0.327686
vt 0.379656 0.325290
vt 0.374847 0.323355
vt 0.369401 0.322018
vt 0.363866 0.321443
vt 0.358805 0.321659
vt 0.354426 0.322598
vt 0.350939 0.324193
vt 0.348555 0.326376
vt 0.347484 0.329079
vt 0.924338 0.331759
vt 0.924744 0.328799
vt 0.922553 0.334668
vt 0.919573 0.337389
vt 0.915586 0.339785
vt 0.910777 0.341720
vt 0.905331 0.343057
vt 0.899796 0.343632
vt 0.894734 0.343416
vt 0.890355 0.342476
vt 0.886869 0.340882
vt 0.884485 0.338699
vt 0.883414 0.335996
vt 0.393200 0.317080
vt 0.393041 0.321891
vt 0.391969 0.312358
vt 0.389506 0.307947
vt 0.385973 0.304068
vt 0.381528 0.300941
vt 0.376333 0.298788
vt 0.370902 0.297875
vt 0.365793 0.298245
vt 0.361230 0.299789
vt 0.357435 0.302394
vt 0.354632 0.305952
vt 0.353042 0.310350
vt 0.919345 0.314881
vt 0.919186 0.310070
vt 0.918114 0.319602
vt 0.915651 0.324013
vt 0.912118 0.327893
vt 0.907674 0.331019
vt 0.902478 0.333172
vt 0.897047 0.334086
vt 0.891939 0.333715
vt 0.887375 0.332172
vt 0.883580 0.329566
vt 0.880777 0.326009
vt 0.879187 0.321611
vt 0.399480 0.309075
vt 0.398731 0.314620
vt 0.398824 0.303637
vt 0.396897 0.298559
vt 0.393832 0.294097
vt 0.389763 0.290505
vt 0.384821 0.288037
vt 0.379492 0.286998
vt 0.374329 0.287438
vt 0.369569 0.289229
vt 0.365448 0.292241
vt 0.362203 0.296348
vt 0.912156 0.301140
vt 0.910025 0.296068
vt 0.917597 0.305671
vt 0.912905 0.306685
vt 0.912249 0.312123
vt 0.910322 0.317201
vt 0.907257 0.321663
vt 0.903188 0.325255
vt 0.898246 0.327723
vt 0.892917 0.328762
vt 0.887754 0.328322
vt 0.882994 0.326532
vt 0.878873 0.323519
vt 0.875628 0.319412
vt 0.396600 0.319692
vt 0.391452 0.326289
vt 0.405784 0.309996
vt 0.404394 0.315477
vt 0.405752 0.304620
vt 0.404403 0.299601
vt 0.401842 0.295190
vt 0.398173 0.291639
vt 0.393499 0.289199
vt 0.388273 0.288172
vt 0.889186 0.288326
vt 0.883955 0.287892
vt 0.892736 0.286719
vt 0.897899 0.287158
vt 0.894168 0.290096
vt 0.902660 0.288949
vt 0.898649 0.293073
vt 0.906781 0.291961
vt 0.902377 0.297133
vt 0.905099 0.302148
vt 0.906488 0.307629
vt 0.906456 0.313005
vt 0.905108 0.318025
vt 0.902547 0.322435
vt 0.898877 0.325987
vt 0.894204 0.328427
vt 0.888977 0.329453
vt 0.388482 0.329299
vt 0.383251 0.329734
vt 0.379311 0.329042
vt 0.384474 0.328602
vt 0.393464 0.327529
vt 0.389235 0.326812
vt 0.397945 0.324552
vt 0.393356 0.323799
vt 0.401672 0.320492
vt 0.410642 0.320460
vt 0.408534 0.324477
vt 0.411308 0.316505
vt 0.410604 0.312800
vt 0.863626 0.309251
vt 0.861624 0.312520
vt 0.867825 0.299320
vt 0.870386 0.294910
vt 0.866853 0.306603
vt 0.874056 0.291358
vt 0.871233 0.304762
vt 0.878729 0.288918
vt 0.876353 0.303955
vt 0.881666 0.304222
vt 0.886903 0.305475
vt 0.891793 0.307620
vt 0.896067 0.310569
vt 0.899454 0.314230
vt 0.901561 0.318247
vt 0.902227 0.322202
vt 0.901524 0.325907
vt 0.372706 0.329456
vt 0.370705 0.326187
vt 0.367120 0.318305
vt 0.369682 0.322716
vt 0.375933 0.332104
vt 0.373351 0.326267
vt 0.380313 0.333945
vt 0.378024 0.328707
vt 0.385433 0.334752
vt 0.390746 0.334484
vt 0.395983 0.333233
vt 0.400874 0.331087
vt 0.405147 0.328139
vt 0.412540 0.341083
vt 0.410136 0.341872
vt 0.413497 0.340259
vt 0.859163 0.339165
vt 0.858731 0.339980
vt 0.860921 0.316226
vt 0.860925 0.338400
vt 0.863959 0.337728
vt 0.868207 0.337191
vt 0.873271 0.336850
vt 0.878607 0.336732
vt 0.883939 0.336827
vt 0.888991 0.337125
vt 0.893484 0.337615
vt 0.897142 0.338285
vt 0.899546 0.339075
vt 0.900503 0.339898
vt 0.372157 0.340992
vt 0.371725 0.340178
vt 0.370001 0.322482
vt 0.373919 0.341757
vt 0.376953 0.342429
vt 0.381201 0.342966
vt 0.386265 0.343308
vt 0.391601 0.343425
vt 0.396933 0.343330
vt 0.401985 0.343032
vt 0.406478 0.342543
vt 0.413468 0.369389
vt 0.410979 0.366096
vt 0.414517 0.372958
vt 0.858050 0.376332
vt 0.857711 0.372678
vt 0.859722 0.379879
vt 0.862674 0.383126
vt 0.866851 0.385882
vt 0.871866 0.387836
vt 0.877178 0.388824
vt 0.882510 0.388866
vt 0.887584 0.387986
vt 0.892124 0.386205
vt 0.895850 0.383547
vt 0.898339 0.380254
vt 0.899388 0.376685
vt 0.373179 0.373311
vt 0.372841 0.376965
vt 0.374851 0.369764
vt 0.377803 0.366517
vt 0.381981 0.363761
vt 0.386995 0.361807
vt 0.392307 0.360819
vt 0.397639 0.360777
vt 0.402713 0.361657
vt 0.407253 0.363438
vt 0.421561 0.413743
vt 0.418984 0.410087
vt 0.422724 0.417824
vt 0.849711 0.421822
vt 0.849504 0.417543
vt 0.851239 0.426071
vt 0.854043 0.430063
vt 0.858078 0.433570
vt 0.862967 0.436205
vt 0.868185 0.437734
vt 0.873456 0.438164
vt 0.878505 0.437502
vt 0.883056 0.435753
vt 0.886835 0.432923
vt 0.889412 0.429268
vt 0.890574 0.425187
vt 0.381860 0.421188
vt 0.381654 0.425467
vt 0.383388 0.416939
vt 0.386193 0.412947
vt 0.390227 0.409440
vt 0.395117 0.406806
vt 0.400335 0.405276
vt 0.405605 0.404846
vt 0.410654 0.405509
vt 0.415205 0.407257
vt 0.444462 0.461833
vt 0.441886 0.458205
vt 0.826535 0.465761
vt 0.827766 0.461553
vt 0.850667 0.413462
vt 0.826611 0.470305
vt 0.827956 0.474940
vt 0.830533 0.479420
vt 0.834303 0.483502
vt 0.838919 0.486739
vt 0.843881 0.488837
vt 0.848925 0.489779
vt 0.853787 0.489544
vt 0.858203 0.488115
vt 0.861908 0.485471
vt 0.864485 0.481844
vt 0.406512 0.477915
vt 0.407744 0.482123
vt 0.382816 0.429548
vt 0.406588 0.473371
vt 0.407934 0.468737
vt 0.410510 0.464256
vt 0.414281 0.460175
vt 0.418896 0.456938
vt 0.423859 0.454840
vt 0.428903 0.453898
vt 0.433765 0.454132
vt 0.438181 0.455562
vt 0.782983 0.504718
vt 0.785386 0.501274
vt 0.830342 0.457925
vt 0.781748 0.508920
vt 0.781656 0.513626
vt 0.782682 0.518577
vt 0.784802 0.523515
vt 0.787990 0.528182
vt 0.791954 0.532078
vt 0.796264 0.534838
vt 0.800687 0.536412
vt 0.804990 0.536749
vt 0.808941 0.535797
vt 0.812307 0.533506
vt 0.457519 0.530343
vt 0.459922 0.533786
vt 0.410320 0.485752
vt 0.456284 0.526140
vt 0.456192 0.521434
vt 0.457218 0.516484
vt 0.459338 0.511546
vt 0.462525 0.506878
vt 0.466490 0.502983
vt 0.470800 0.500222
vt 0.475223 0.498649
vt 0.479526 0.498312
vt 0.483477 0.499263
vt 0.486842 0.501554
vt 0.709663 0.535194
vt 0.711561 0.531973
vt 0.708554 0.539339
vt 0.708230 0.544141
vt 0.708687 0.549334
vt 0.709921 0.554652
vt 0.711930 0.559827
vt 0.714533 0.564310
vt 0.717445 0.567675
vt 0.720502 0.569840
vt 0.723542 0.570725
vt 0.726402 0.570247
vt 0.543308 0.568606
vt 0.545826 0.570528
vt 0.463287 0.536077
vt 0.541411 0.565386
vt 0.540302 0.561241
vt 0.539977 0.556438
vt 0.540434 0.551245
vt 0.541669 0.545927
vt 0.543678 0.540753
vt 0.546281 0.536270
vt 0.549192 0.532905
vt 0.552249 0.530739
vt 0.555289 0.529855
vt 0.558149 0.530332
vt 0.714079 0.530052
vt 0.788751 0.498983
vt 0.635902 0.542663
vt 0.635902 0.539619
vt 0.635902 0.546699
vt 0.635902 0.551464
vt 0.635902 0.556689
vt 0.635902 0.562109
vt 0.635902 0.567456
vt 0.635902 0.572164
vt 0.635902 0.575783
vt 0.635902 0.578216
vt 0.635902 0.579368
vt 0.548686 0.571005
vt 0.636326 0.579423
vt 0.636326 0.579648
vt 0.636326 0.577726
vt 0.636326 0.574678
vt 0.636326 0.570637
vt 0.636326 0.565872
vt 0.636326 0.560649
vt 0.636326 0.555233
vt 0.636326 0.549892
vt 0.636326 0.545189
vt 0.636326 0.541574
vt 0.636326 0.539142
vt 0.636326 0.537988
vt 0.635902 0.537928
vt 0.635902 0.537708
vt 0.716939 0.529574
vt 0.494138 0.582144
vt 0.495233 0.586177
vt 0.495753 0.589289
vt 0.492480 0.577330
vt 0.490412 0.572207
vt 0.488158 0.567306
vt 0.485839 0.562846
vt 0.483579 0.559049
vt 0.481499 0.556133
vt 0.479723 0.554321
vt 0.495687 0.591343
vt 0.387056 0.163730
vt 0.389119 0.163876
vt 0.385799 0.186232
vt 0.383729 0.186133
vt 0.383783 0.163371
vt 0.380449 0.185825
vt 0.379545 0.162830
vt 0.376203 0.185336
vt 0.374588 0.162141
vt 0.371239 0.184698
vt 0.369157 0.161336
vt 0.365801 0.183939
vt 0.363497 0.160448
vt 0.360135 0.183091
vt 0.358194 0.159567
vt 0.354828 0.182238
vt 0.353769 0.158782
vt 0.350401 0.181467
vt 0.350373 0.158124
vt 0.347005 0.180810
vt 0.348155 0.157623
vt 0.344788 0.180297
vt 0.347264 0.157311
vt 0.343902 0.179959
vt 0.753913 0.363239
vt 0.754496 0.363355
vt 0.756968 0.386117
vt 0.756381 0.385963
vt 0.751845 0.363303
vt 0.754308 0.385981
vt 0.748561 0.363534
vt 0.751018 0.386161
vt 0.744305 0.363908
vt 0.746757 0.386482
vt 0.739325 0.364403
vt 0.741771 0.386926
vt 0.733866 0.364994
vt 0.736308 0.387471
vt 0.728176 0.365660
vt 0.730613 0.388096
vt 0.722842 0.366332
vt 0.725277 0.388740
vt 0.718390 0.366943
vt 0.720823 0.389337
vt 0.714971 0.367468
vt 0.717404 0.389861
vt 0.712735 0.367881
vt 0.715169 0.390286
vt 0.711833 0.368158
vt 0.714270 0.390589
vt 0.389706 0.163783
vt 0.386392 0.186101
vt 0.390580 0.142298
vt 0.392619 0.142594
vt 0.387333 0.141776
vt 0.383123 0.141068
vt 0.378192 0.140216
vt 0.372784 0.139262
vt 0.367145 0.138248
vt 0.361856 0.137277
vt 0.357439 0.136447
vt 0.354043 0.135786
vt 0.351818 0.135325
vt 0.350915 0.135093
vt 0.751150 0.341017
vt 0.751719 0.341011
vt 0.749101 0.341232
vt 0.745837 0.341627
vt 0.741601 0.342169
vt 0.736641 0.342827
vt 0.731200 0.343568
vt 0.725525 0.344360
vt 0.720203 0.345123
vt 0.715756 0.345780
vt 0.712337 0.346307
vt 0.710096 0.346681
vt 0.709184 0.346877
vt 0.393187 0.142622
vt 0.394505 0.122688
vt 0.396487 0.123271
vt 0.391319 0.121854
vt 0.387170 0.120827
vt 0.382300 0.119666
vt 0.376948 0.118428
vt 0.371356 0.117172
vt 0.366101 0.116029
vt 0.361700 0.115111
vt 0.358305 0.114445
vt 0.356066 0.114059
vt 0.355133 0.113982
vt 0.747800 0.319990
vt 0.748332 0.319751
vt 0.745795 0.320493
vt 0.742579 0.321202
vt 0.738394 0.322065
vt 0.733482 0.323035
vt 0.728085 0.324062
vt 0.722448 0.325098
vt 0.717152 0.326034
vt 0.712719 0.326779
vt 0.709301 0.327312
vt 0.707048 0.327609
vt 0.706113 0.327649
vt 0.397010 0.123530
vt 0.398989 0.105816
vt 0.400844 0.106893
vt 0.395941 0.104445
vt 0.391934 0.102867
vt 0.387202 0.101171
vt 0.381976 0.099443
vt 0.376491 0.097770
vt 0.371312 0.096331
vt 0.366951 0.095261
vt 0.363559 0.094587
vt 0.361286 0.094332
vt 0.360284 0.094521
vt 0.743503 0.300744
vt 0.743948 0.300102
vt 0.741606 0.301747
vt 0.738507 0.302998
vt 0.734442 0.304417
vt 0.729646 0.305927
vt 0.724357 0.307449
vt 0.718811 0.308906
vt 0.713580 0.310141
vt 0.709180 0.311038
vt 0.705763 0.311579
vt 0.703482 0.311745
vt 0.702488 0.311516
vt 0.401264 0.107552
vt 0.404069 0.092704
vt 0.405615 0.094617
vt 0.401358 0.090425
vt 0.397697 0.087918
vt 0.393299 0.085317
vt 0.388381 0.082761
vt 0.383157 0.080384
vt 0.378164 0.078444
vt 0.373897 0.077119
vt 0.370510 0.076430
vt 0.368155 0.076395
vt 0.366986 0.077035
vt 0.737714 0.283691
vt 0.737936 0.282367
vt 0.736095 0.285543
vt 0.733296 0.287713
vt 0.729539 0.290075
vt 0.725043 0.292501
vt 0.720028 0.294863
vt 0.714715 0.297034
vt 0.709650 0.298776
vt 0.705335 0.299932
vt 0.701923 0.300488
vt 0.699569 0.300430
vt 0.698426 0.299746
vt 0.405785 0.095949
vt 0.409725 0.086803
vt 0.411789 0.088613
vt 0.406818 0.084096
vt 0.403272 0.080688
vt 0.399286 0.076774
vt 0.395062 0.072549
vt 0.390801 0.068208
vt 0.386948 0.064204
vt 0.383878 0.060928
vt 0.381681 0.058484
vt 0.380450 0.056978
vt 0.380275 0.056516
vt 0.724463 0.261992
vt 0.725463 0.261343
vt 0.722329 0.263719
vt 0.719319 0.266310
vt 0.715642 0.269577
vt 0.711506 0.273331
vt 0.707119 0.277387
vt 0.702691 0.281557
vt 0.698684 0.285407
vt 0.695488 0.288561
vt 0.693197 0.290917
vt 0.691908 0.292373
vt 0.691715 0.292828
vt 0.412763 0.089300
vt 0.428106 0.083560
vt 0.428668 0.087483
vt 0.427498 0.078838
vt 0.426875 0.073603
vt 0.426271 0.068140
vt 0.425719 0.062735
vt 0.425250 0.057673
vt 0.424918 0.053500
vt 0.424751 0.050603
vt 0.424745 0.049029
vt 0.424897 0.048825
vt 0.680825 0.253110
vt 0.681176 0.251908
vt 0.725270 0.261798
vt 0.680266 0.255771
vt 0.679551 0.259669
vt 0.678758 0.264363
vt 0.677930 0.269570
vt 0.677113 0.275004
vt 0.676349 0.280383
vt 0.675682 0.285423
vt 0.675187 0.289580
vt 0.674907 0.292469
vt 0.674839 0.294042
vt 0.674982 0.294251
vt 0.429121 0.090163
vt 0.429426 0.091377
vt 0.412587 0.088838
vt 0.506065 0.076706
vt 0.506757 0.080621
vt 0.505436 0.071985
vt 0.504895 0.066745
vt 0.504467 0.061270
vt 0.504180 0.055847
vt 0.504058 0.050762
vt 0.504121 0.046562
vt 0.504356 0.043638
vt 0.504738 0.042037
vt 0.505245 0.041810
vt 0.600511 0.242919
vt 0.601165 0.241749
vt 0.599724 0.245555
vt 0.598879 0.249440
vt 0.598065 0.254132
vt 0.597319 0.259347
vt 0.596677 0.264801
vt 0.596177 0.270208
vt 0.595856 0.275285
vt 0.595755 0.279484
vt 0.595875 0.282416
vt 0.596194 0.284030
vt 0.596691 0.284276
vt 0.507441 0.083286
vt 0.508048 0.084480
vt 0.607911 0.069913
vt 0.608633 0.073826
vt 0.607289 0.065193
vt 0.606790 0.059949
vt 0.606438 0.054470
vt 0.606255 0.049040
vt 0.606263 0.043946
vt 0.606469 0.039737
vt 0.606846 0.036804
vt 0.607361 0.035195
vt 0.607986 0.034960
vt 0.498022 0.232036
vt 0.498771 0.230876
vt 0.497167 0.234665
vt 0.496292 0.238547
vt 0.495485 0.243240
vt 0.494782 0.248460
vt 0.494215 0.253921
vt 0.493819 0.259340
vt 0.493627 0.264430
vt 0.493668 0.268644
vt 0.493929 0.271590
vt 0.494382 0.273218
vt 0.494997 0.273477
vt 0.609384 0.076487
vt 0.610088 0.077675
vt 0.711192 0.064300
vt 0.711904 0.068214
vt 0.710601 0.059577
vt 0.710150 0.054331
vt 0.709860 0.048848
vt 0.709751 0.043415
vt 0.709841 0.038316
vt 0.710130 0.034103
vt 0.710581 0.031165
vt 0.711161 0.029553
vt 0.711835 0.029316
vt 0.394442 0.222322
vt 0.395224 0.221165
vt 0.393575 0.224950
vt 0.392710 0.228833
vt 0.391934 0.233529
vt 0.391278 0.238753
vt 0.390773 0.244220
vt 0.390451 0.249646
vt 0.390341 0.254743
vt 0.390465 0.258965
vt 0.390801 0.261918
vt 0.391316 0.263552
vt 0.391980 0.263815
vt 0.712668 0.070874
vt 0.713404 0.072060
vt 0.794002 0.060948
vt 0.794635 0.064865
vt 0.793504 0.056221
vt 0.793157 0.050970
vt 0.792973 0.045482
vt 0.792968 0.040043
vt 0.793154 0.034941
vt 0.793522 0.030724
vt 0.794026 0.027784
vt 0.794632 0.026171
vt 0.795306 0.025934
vt 0.311195 0.215673
vt 0.311949 0.214514
vt 0.310383 0.218306
vt 0.309597 0.222196
vt 0.308915 0.226900
vt 0.308361 0.232133
vt 0.307963 0.237610
vt 0.307744 0.243044
vt 0.307731 0.248150
vt 0.307932 0.252378
vt 0.308321 0.255336
vt 0.308863 0.256971
vt 0.309527 0.257234
vt 0.795343 0.067529
vt 0.796051 0.068717
vt 0.833730 0.060939
vt 0.833348 0.064837
vt 0.834290 0.056230
vt 0.834988 0.050995
vt 0.835785 0.045518
vt 0.836640 0.040088
vt 0.837514 0.034988
vt 0.838315 0.030770
vt 0.838966 0.027823
vt 0.839446 0.026199
vt 0.839734 0.025947
vt 0.267433 0.213952
vt 0.267555 0.212785
vt 0.267485 0.216599
vt 0.267714 0.220509
vt 0.268089 0.225237
vt 0.268582 0.230496
vt 0.269163 0.235999
vt 0.269805 0.241458
vt 0.270478 0.246588
vt 0.271113 0.250835
vt 0.271648 0.253805
vt 0.272064 0.255447
vt 0.272342 0.255710
vt 0.833192 0.067480
vt 0.833268 0.068651
vt 0.902697 0.079445
vt 0.901455 0.083102
vt 0.904365 0.075036
vt 0.906347 0.070141
vt 0.908533 0.065027
vt 0.910810 0.059962
vt 0.913069 0.055213
vt 0.915070 0.051291
vt 0.916622 0.048560
vt 0.917682 0.047066
vt 0.918208 0.046854
vt 0.188328 0.231716
vt 0.188321 0.230599
vt 0.188898 0.234230
vt 0.189996 0.237933
vt 0.191490 0.242404
vt 0.193278 0.247373
vt 0.195262 0.252567
vt 0.197339 0.257718
vt 0.199409 0.262552
vt 0.201255 0.266550
vt 0.202699 0.269340
vt 0.203700 0.270874
vt 0.204217 0.271107
vt 0.900787 0.085591
vt 0.900736 0.086707
vt 0.934066 0.101270
vt 0.931642 0.104132
vt 0.937341 0.097935
vt 0.941246 0.094323
vt 0.945563 0.090629
vt 0.950072 0.087046
vt 0.954555 0.083772
vt 0.958538 0.081160
vt 0.961639 0.079451
vt 0.963772 0.078661
vt 0.964852 0.078807
vt 0.140477 0.261800
vt 0.140461 0.260699
vt 0.141680 0.263919
vt 0.143990 0.266874
vt 0.147131 0.270334
vt 0.150891 0.274097
vt 0.155060 0.277958
vt 0.159426 0.281714
vt 0.163776 0.285162
vt 0.167654 0.287927
vt 0.170686 0.289757
vt 0.172786 0.290630
vt 0.173871 0.290527
vt 0.930358 0.106202
vt 0.930298 0.107302
vt 0.942096 0.120750
vt 0.939088 0.122068
vt 0.946212 0.119615
vt 0.951158 0.118701
vt 0.956655 0.118052
vt 0.962424 0.117708
vt 0.968187 0.117712
vt 0.973338 0.118077
vt 0.977380 0.118752
vt 0.980199 0.119683
vt 0.981681 0.120814
vt 0.121920 0.303289
vt 0.121998 0.302014
vt 0.123404 0.304714
vt 0.126359 0.306148
vt 0.130427 0.307445
vt 0.135333 0.308551
vt 0.140800 0.309416
vt 0.146552 0.309985
vt 0.152310 0.310207
vt 0.157472 0.310045
vt 0.161538 0.309528
vt 0.164391 0.308709
vt 0.165915 0.307636
vt 0.937549 0.123434
vt 0.937577 0.124711
vt 0.938526 0.142928
vt 0.935712 0.143471
vt 0.942344 0.143064
vt 0.946909 0.143822
vt 0.951965 0.145148
vt 0.957255 0.146986
vt 0.962523 0.149280
vt 0.967213 0.151807
vt 0.970875 0.154304
vt 0.973406 0.156651
vt 0.974704 0.158732
vt 0.974668 0.160427
vt 0.981709 0.122091
vt 0.128879 0.343121
vt 0.127453 0.341872
vt 0.131669 0.343774
vt 0.135490 0.343788
vt 0.140081 0.343209
vt 0.145185 0.342083
vt 0.150543 0.340453
vt 0.155897 0.338368
vt 0.160682 0.336026
vt 0.164439 0.333675
vt 0.167060 0.331428
vt 0.168439 0.329400
vt 0.168469 0.327705
vt 0.165994 0.306362
vt 0.934238 0.144663
vt 0.927020 0.165610
vt 0.924163 0.166286
vt 0.930736 0.165880
vt 0.935071 0.167013
vt 0.939783 0.168929
vt 0.944630 0.171547
vt 0.949372 0.174784
vt 0.953506 0.178326
vt 0.956637 0.181803
vt 0.958688 0.185052
vt 0.959579 0.187910
vt 0.959234 0.190215
vt 0.143306 0.373894
vt 0.141707 0.372242
vt 0.146134 0.374681
vt 0.149858 0.374557
vt 0.154234 0.373595
vt 0.159017 0.371865
vt 0.163964 0.369440
vt 0.168829 0.366391
vt 0.173098 0.363014
vt 0.176364 0.359662
vt 0.178540 0.356496
vt 0.179543 0.353675
vt 0.179288 0.351358
vt 0.922501 0.167874
vt 0.915319 0.183242
vt 0.911783 0.184967
vt 0.919591 0.182649
vt 0.924340 0.183134
vt 0.929308 0.184646
vt 0.934234 0.187130
vt 0.938859 0.190532
vt 0.942686 0.194533
vt 0.945359 0.198705
vt 0.946832 0.202835
vt 0.947060 0.206709
vt 0.945998 0.210114
vt 0.156442 0.395458
vt 0.154153 0.392644
vt 0.159908 0.397320
vt 0.164154 0.398080
vt 0.168918 0.397781
vt 0.173941 0.396465
vt 0.178961 0.394177
vt 0.183716 0.390958
vt 0.187697 0.387110
vt 0.190531 0.383046
vt 0.192165 0.378977
vt 0.192545 0.375115
vt 0.191617 0.371672
vt 0.909385 0.187688
vt 0.714857 0.390743
vt 0.716929 0.390725
vt 0.720219 0.390546
vt 0.724481 0.390224
vt 0.729466 0.389780
vt 0.734930 0.389236
vt 0.740625 0.388610
vt 0.745961 0.387966
vt 0.750415 0.387369
vt 0.753834 0.386845
vt 0.756069 0.386420
vt 0.943600 0.212835
vt 0.940064 0.214561
vt 0.931042 0.214668
vt 0.926075 0.213156
vt 0.921149 0.210673
vt 0.916523 0.207270
vt 0.912696 0.203269
vt 0.910024 0.199097
vt 0.908550 0.194967
vt 0.908322 0.191093
vt 0.935792 0.215154
vt 0.452579 0.559832
vt 0.454252 0.558169
vt 0.450451 0.562438
vt 0.447980 0.565856
vt 0.445284 0.569955
vt 0.442515 0.574422
vt 0.439965 0.578799
vt 0.437853 0.582790
vt 0.436252 0.586212
vt 0.435234 0.588881
vt 0.434872 0.590613
vt 0.435253 0.591211
vt 0.835873 0.590343
vt 0.836975 0.590931
vt 0.834201 0.588681
vt 0.832071 0.586074
vt 0.829601 0.582656
vt 0.826905 0.578558
vt 0.824135 0.574090
vt 0.821586 0.569713
vt 0.819474 0.565722
vt 0.817873 0.562300
vt 0.816856 0.559631
vt 0.816493 0.557899
vt 0.816934 0.557473
vt 0.455294 0.557754
vt 0.421734 0.583772
vt 0.819282 0.557407
vt 0.471992 0.555762
vt 0.478022 0.553565
vt 0.479298 0.554041
vt 0.472876 0.556389
vt 0.800676 0.556813
vt 0.794871 0.554704
vt 0.794206 0.553846
vt 0.800237 0.556042
vt 0.800680 0.558844
vt 0.794937 0.556758
vt 0.800261 0.561996
vt 0.794416 0.559870
vt 0.799429 0.566131
vt 0.793321 0.563903
vt 0.798196 0.571111
vt 0.791664 0.568717
vt 0.796675 0.576447
vt 0.789595 0.573840
vt 0.795031 0.581586
vt 0.787341 0.578741
vt 0.793351 0.586293
vt 0.785023 0.583201
vt 0.791725 0.590337
vt 0.782763 0.586998
vt 0.790240 0.593483
vt 0.780683 0.589913
vt 0.788985 0.595499
vt 0.778906 0.591726
vt 0.788100 0.596125
vt 0.777630 0.592201
vt 0.484567 0.595074
vt 0.495263 0.591063
vt 0.494598 0.591921
vt 0.484128 0.595845
vt 0.484571 0.593043
vt 0.495329 0.589008
vt 0.484152 0.589891
vt 0.494808 0.585896
vt 0.483321 0.585756
vt 0.493713 0.581864
vt 0.482088 0.580776
vt 0.492055 0.577049
vt 0.480566 0.575440
vt 0.489987 0.571927
vt 0.478922 0.570302
vt 0.487733 0.567025
vt 0.477243 0.565594
vt 0.485415 0.562566
vt 0.475617 0.561550
vt 0.483154 0.558768
vt 0.474132 0.558404
vt 0.481075 0.555854
vt 0.466015 0.557165
vt 0.466499 0.557887
vt 0.806445 0.558168
vt 0.806213 0.557445
vt 0.806433 0.560195
vt 0.806184 0.563389
vt 0.805704 0.567610
vt 0.805001 0.572717
vt 0.804140 0.578212
vt 0.803212 0.583523
vt 0.802269 0.588407
vt 0.801360 0.592623
vt 0.800533 0.595927
vt 0.799839 0.598076
vt 0.799355 0.598799
vt 0.473106 0.597796
vt 0.472873 0.598518
vt 0.473094 0.595768
vt 0.472845 0.592574
vt 0.472365 0.588354
vt 0.471662 0.583246
vt 0.470800 0.577752
vt 0.469873 0.572441
vt 0.468930 0.567556
vt 0.468020 0.563341
vt 0.467193 0.560037
vt 0.460857 0.557594
vt 0.460887 0.558358
vt 0.811398 0.558578
vt 0.811372 0.557874
vt 0.811420 0.560610
vt 0.811437 0.563829
vt 0.811447 0.568097
vt 0.811449 0.573272
vt 0.811442 0.578847
vt 0.811429 0.584244
vt 0.811409 0.589215
vt 0.811385 0.593514
vt 0.811357 0.596892
vt 0.811326 0.599103
vt 0.811295 0.599867
vt 0.460959 0.598883
vt 0.460933 0.599587
vt 0.460982 0.596851
vt 0.460998 0.593631
vt 0.461008 0.589364
vt 0.461010 0.584189
vt 0.461004 0.578614
vt 0.460990 0.573217
vt 0.460971 0.568245
vt 0.460946 0.563947
vt 0.460918 0.560569
vt 0.457243 0.557531
vt 0.456874 0.558443
vt 0.814792 0.558536
vt 0.814986 0.557811
vt 0.814815 0.560224
vt 0.815231 0.563409
vt 0.815929 0.567615
vt 0.816896 0.572704
vt 0.818041 0.578175
vt 0.819242 0.583462
vt 0.820436 0.588324
vt 0.821562 0.592518
vt 0.822558 0.595803
vt 0.823361 0.597937
vt 0.823880 0.598650
vt 0.448154 0.597645
vt 0.448348 0.598370
vt 0.448272 0.595621
vt 0.448687 0.592436
vt 0.449386 0.588230
vt 0.450353 0.583142
vt 0.451498 0.577670
vt 0.452699 0.572383
vt 0.453893 0.567521
vt 0.455019 0.563328
vt 0.456075 0.560618
vt 0.847091 0.518422
vt 0.822104 0.558137
vt 0.819706 0.557687
vt 0.846000 0.515833
vt 0.849348 0.521306
vt 0.825331 0.559438
vt 0.852577 0.524325
vt 0.829174 0.561466
vt 0.856585 0.527319
vt 0.833416 0.564097
vt 0.861180 0.530128
vt 0.837842 0.567205
vt 0.866169 0.532591
vt 0.842236 0.570668
vt 0.871042 0.534436
vt 0.846134 0.574135
vt 0.875312 0.535499
vt 0.849163 0.577257
vt 0.878817 0.535787
vt 0.851239 0.579907
vt 0.881395 0.535304
vt 0.852279 0.581959
vt 0.882883 0.534056
vt 0.852201 0.583290
vt 0.389109 0.531767
vt 0.421309 0.583492
vt 0.420028 0.583009
vt 0.389345 0.533776
vt 0.390200 0.529179
vt 0.423706 0.583042
vt 0.392457 0.526295
vt 0.426934 0.581741
vt 0.395686 0.523276
vt 0.430777 0.579713
vt 0.399695 0.520281
vt 0.435019 0.577082
vt 0.404290 0.517472
vt 0.439445 0.573973
vt 0.409278 0.515009
vt 0.443838 0.570511
vt 0.414151 0.513165
vt 0.447737 0.567044
vt 0.418421 0.512101
vt 0.450766 0.563922
vt 0.421926 0.511814
vt 0.452842 0.561273
vt 0.424504 0.512297
vt 0.453882 0.559220
vt 0.425992 0.513545
vt 0.453803 0.557890
vt 0.818425 0.558170
vt 0.846236 0.513825
vt 0.865121 0.481566
vt 0.864523 0.477948
vt 0.867028 0.485182
vt 0.870057 0.488621
vt 0.874023 0.491710
vt 0.878738 0.494273
vt 0.884016 0.496137
vt 0.889325 0.497078
vt 0.894127 0.497037
vt 0.898228 0.496087
vt 0.901433 0.494299
vt 0.903546 0.491749
vt 0.367855 0.488229
vt 0.368682 0.491469
vt 0.368452 0.484611
vt 0.370359 0.480995
vt 0.373389 0.477556
vt 0.377354 0.474467
vt 0.382069 0.471904
vt 0.387347 0.470040
vt 0.392656 0.469099
vt 0.397459 0.469140
vt 0.401560 0.470091
vt 0.404764 0.471877
vt 0.406878 0.474428
vt 0.865351 0.474708
vt 0.876698 0.447998
vt 0.876242 0.443940
vt 0.878520 0.451882
vt 0.881521 0.455420
vt 0.885515 0.458436
vt 0.890314 0.460754
vt 0.895734 0.462201
vt 0.901228 0.462588
vt 0.906239 0.461919
vt 0.910561 0.460300
vt 0.913986 0.457843
vt 0.916308 0.454655
vt 0.354907 0.450564
vt 0.355920 0.454375
vt 0.355363 0.446507
vt 0.357185 0.442621
vt 0.360186 0.439084
vt 0.364180 0.436069
vt 0.368980 0.433750
vt 0.374399 0.432303
vt 0.379893 0.431916
vt 0.384904 0.432585
vt 0.389226 0.434203
vt 0.392651 0.436661
vt 0.394974 0.439849
vt 0.877254 0.440129
vt 0.883044 0.417059
vt 0.882570 0.413046
vt 0.884900 0.420816
vt 0.887947 0.424155
vt 0.891997 0.426914
vt 0.896860 0.428929
vt 0.902348 0.430038
vt 0.907907 0.430089
vt 0.912975 0.429116
vt 0.917341 0.427241
vt 0.920799 0.424585
vt 0.923138 0.421268
vt 0.924150 0.417412
vt 0.917321 0.450844
vt 0.348553 0.413120
vt 0.348078 0.417132
vt 0.350408 0.409362
vt 0.353456 0.406023
vt 0.357506 0.403264
vt 0.362369 0.401249
vt 0.367856 0.400139
vt 0.373416 0.400089
vt 0.378483 0.401062
vt 0.382850 0.402936
vt 0.386307 0.405593
vt 0.388646 0.408910
vt 0.389659 0.412766
vt 0.395987 0.443660
vt 0.885661 0.387671
vt 0.885104 0.384454
vt 0.887597 0.390639
vt 0.890719 0.393230
vt 0.894834 0.395321
vt 0.899750 0.396787
vt 0.905272 0.397503
vt 0.910845 0.397363
vt 0.915904 0.396415
vt 0.920243 0.394763
vt 0.923654 0.392510
vt 0.925931 0.389762
vt 0.926868 0.386622
vt 0.345917 0.383124
vt 0.345360 0.386342
vt 0.347854 0.380157
vt 0.350976 0.377565
vt 0.355091 0.375474
vt 0.360006 0.374008
vt 0.365528 0.373292
vt 0.371102 0.373432
vt 0.376161 0.374380
vt 0.380500 0.376033
vt 0.383911 0.378285
vt 0.386188 0.381033
vt 0.387124 0.384173
vt 0.886182 0.357221
vt 0.885539 0.357159
vt 0.888198 0.357274
vt 0.891392 0.357317
vt 0.895565 0.357346
vt 0.900522 0.357360
vt 0.906066 0.357358
vt 0.911639 0.357338
vt 0.916675 0.357303
vt 0.920972 0.357257
vt 0.924325 0.357201
vt 0.926530 0.357139
vt 0.927383 0.357073
vt 0.345489 0.356731
vt 0.344846 0.356794
vt 0.347505 0.356677
vt 0.350699 0.356635
vt 0.354872 0.356606
vt 0.359829 0.356591
vt 0.365373 0.356594
vt 0.370946 0.356614
vt 0.375982 0.356649
vt 0.380279 0.356695
vt 0.383632 0.356751
vt 0.385837 0.356813
vt 0.386689 0.356878
vt 0.884244 0.333315
vt 0.883838 0.336276
vt 0.886030 0.330406
vt 0.889010 0.327686
vt 0.892997 0.325290
vt 0.897806 0.323355
vt 0.903252 0.322018
vt 0.908787 0.321443
vt 0.913848 0.321659
vt 0.918227 0.322598
vt 0.921714 0.324193
vt 0.924098 0.326376
vt 0.925169 0.329079
vt 0.347465 0.331759
vt 0.347059 0.328799
vt 0.349251 0.334668
vt 0.352230 0.337389
vt 0.356218 0.339785
vt 0.361027 0.341720
vt 0.366472 0.343057
vt 0.372007 0.343632
vt 0.377069 0.343416
vt 0.381448 0.342477
vt 0.384935 0.340882
vt 0.387318 0.338699
vt 0.388390 0.335996
vt 0.879452 0.317080
vt 0.879612 0.321891
vt 0.880684 0.312359
vt 0.883147 0.307947
vt 0.886680 0.304068
vt 0.891124 0.300941
vt 0.896320 0.298788
vt 0.901751 0.297875
vt 0.906859 0.298245
vt 0.911423 0.299789
vt 0.915218 0.302394
vt 0.918021 0.305952
vt 0.919611 0.310350
vt 0.352458 0.314881
vt 0.352617 0.310070
vt 0.353690 0.319602
vt 0.356152 0.324013
vt 0.359686 0.327893
vt 0.364130 0.331019
vt 0.369326 0.333172
vt 0.374756 0.334086
vt 0.379865 0.333715
vt 0.384428 0.332172
vt 0.388223 0.329566
vt 0.391027 0.326009
vt 0.392616 0.321611
vt 0.873173 0.309075
vt 0.873922 0.314620
vt 0.873829 0.303637
vt 0.875756 0.298560
vt 0.878821 0.294097
vt 0.882890 0.290505
vt 0.887832 0.288037
vt 0.893160 0.286999
vt 0.898324 0.287438
vt 0.903084 0.289229
vt 0.907205 0.292241
vt 0.910450 0.296348
vt 0.359648 0.301140
vt 0.354207 0.305672
vt 0.361779 0.296068
vt 0.358899 0.306685
vt 0.359555 0.312124
vt 0.361481 0.317201
vt 0.364546 0.321663
vt 0.368616 0.325255
vt 0.373557 0.327723
vt 0.378886 0.328762
vt 0.384049 0.328322
vt 0.388810 0.326532
vt 0.392931 0.323519
vt 0.396175 0.319412
vt 0.881201 0.326289
vt 0.876053 0.319693
vt 0.866869 0.309996
vt 0.868259 0.315478
vt 0.866901 0.304620
vt 0.868250 0.299601
vt 0.870811 0.295190
vt 0.874480 0.291639
vt 0.879154 0.289199
vt 0.884380 0.288172
vt 0.382617 0.288326
vt 0.373904 0.287159
vt 0.379068 0.286719
vt 0.387848 0.287892
vt 0.377635 0.290096
vt 0.369144 0.288949
vt 0.373154 0.293074
vt 0.365023 0.291961
vt 0.369427 0.297133
vt 0.366705 0.302148
vt 0.365315 0.307629
vt 0.365347 0.313005
vt 0.366696 0.318025
vt 0.369257 0.322435
vt 0.372926 0.325987
vt 0.377600 0.328427
vt 0.382826 0.329454
vt 0.884171 0.329299
vt 0.888179 0.328602
vt 0.893342 0.329042
vt 0.889402 0.329734
vt 0.879189 0.327530
vt 0.883418 0.326812
vt 0.874708 0.324552
vt 0.879297 0.323800
vt 0.870981 0.320492
vt 0.862011 0.320460
vt 0.864119 0.324477
vt 0.861345 0.316505
vt 0.862049 0.312801
vt 0.408178 0.309251
vt 0.401417 0.294910
vt 0.403978 0.299321
vt 0.410179 0.312520
vt 0.404951 0.306603
vt 0.397748 0.291358
vt 0.400570 0.304762
vt 0.393074 0.288919
vt 0.395451 0.303955
vt 0.390137 0.304223
vt 0.384900 0.305475
vt 0.380010 0.307620
vt 0.375737 0.310569
vt 0.372350 0.314230
vt 0.370242 0.318248
vt 0.369576 0.322202
vt 0.370280 0.325907
vt 0.899947 0.329456
vt 0.902971 0.322716
vt 0.905532 0.318305
vt 0.901948 0.326187
vt 0.896720 0.332104
vt 0.899302 0.326267
vt 0.892340 0.333945
vt 0.894629 0.328707
vt 0.887220 0.334752
vt 0.881907 0.334484
vt 0.876670 0.333233
vt 0.871779 0.331087
vt 0.867506 0.328139
vt 0.860113 0.341083
vt 0.862517 0.341872
vt 0.859155 0.340260
vt 0.412641 0.339165
vt 0.410883 0.316226
vt 0.413073 0.339980
vt 0.410879 0.338401
vt 0.407844 0.337728
vt 0.403597 0.337191
vt 0.398533 0.336850
vt 0.393196 0.336732
vt 0.387864 0.336827
vt 0.382813 0.337125
vt 0.378320 0.337615
vt 0.374662 0.338285
vt 0.372257 0.339075
vt 0.371300 0.339898
vt 0.900496 0.340993
vt 0.902652 0.322482
vt 0.900928 0.340178
vt 0.898734 0.341757
vt 0.895700 0.342429
vt 0.891452 0.342966
vt 0.886388 0.343308
vt 0.881052 0.343425
vt 0.875719 0.343330
vt 0.870668 0.343032
vt 0.866175 0.342543
vt 0.859185 0.369389
vt 0.861674 0.366096
vt 0.858136 0.372959
vt 0.413753 0.376332
vt 0.414092 0.372678
vt 0.412082 0.379879
vt 0.409130 0.383126
vt 0.404952 0.385882
vt 0.399938 0.387836
vt 0.394626 0.388824
vt 0.389294 0.388866
vt 0.384219 0.387986
vt 0.379680 0.386205
vt 0.375954 0.383547
vt 0.373464 0.380254
vt 0.372416 0.376685
vt 0.899474 0.373311
vt 0.899812 0.376965
vt 0.897802 0.369764
vt 0.894850 0.366517
vt 0.890672 0.363761
vt 0.885658 0.361807
vt 0.880346 0.360819
vt 0.875014 0.360777
vt 0.869939 0.361658
vt 0.865400 0.363438
vt 0.851092 0.413743
vt 0.853669 0.410087
vt 0.849929 0.417824
vt 0.422093 0.421822
vt 0.422299 0.417543
vt 0.420565 0.426071
vt 0.417760 0.430063
vt 0.413726 0.433570
vt 0.408837 0.436205
vt 0.403619 0.437734
vt 0.398347 0.438164
vt 0.393299 0.437502
vt 0.388748 0.435753
vt 0.384969 0.432924
vt 0.382392 0.429268
vt 0.381229 0.425187
vt 0.890793 0.421188
vt 0.890999 0.425467
vt 0.889264 0.416939
vt 0.886460 0.412947
vt 0.882426 0.409440
vt 0.877536 0.406806
vt 0.872318 0.405277
vt 0.867047 0.404846
vt 0.861999 0.405509
vt 0.857447 0.407257
vt 0.828191 0.461833
vt 0.830767 0.458205
vt 0.445269 0.465761
vt 0.421137 0.413462
vt 0.444038 0.461553
vt 0.445193 0.470305
vt 0.443848 0.474940
vt 0.441271 0.479420
vt 0.437501 0.483502
vt 0.432885 0.486739
vt 0.427923 0.488837
vt 0.422878 0.489779
vt 0.418016 0.489544
vt 0.413600 0.488115
vt 0.409895 0.485471
vt 0.407319 0.481844
vt 0.866140 0.477915
vt 0.889836 0.429548
vt 0.864909 0.482124
vt 0.866065 0.473371
vt 0.864719 0.468737
vt 0.862142 0.464256
vt 0.858372 0.460175
vt 0.853756 0.456938
vt 0.848794 0.454840
vt 0.843750 0.453898
vt 0.838888 0.454132
vt 0.834472 0.455562
vt 0.488821 0.504718
vt 0.441461 0.457925
vt 0.486418 0.501274
vt 0.490056 0.508920
vt 0.490148 0.513626
vt 0.489121 0.518577
vt 0.487002 0.523515
vt 0.483814 0.528182
vt 0.479850 0.532078
vt 0.475540 0.534838
vt 0.471117 0.536412
vt 0.466814 0.536749
vt 0.462863 0.535797
vt 0.459497 0.533506
vt 0.815134 0.530343
vt 0.862333 0.485752
vt 0.812731 0.533786
vt 0.816369 0.526140
vt 0.816461 0.521434
vt 0.815435 0.516484
vt 0.813315 0.511546
vt 0.810127 0.506878
vt 0.806163 0.502983
vt 0.801853 0.500222
vt 0.797430 0.498649
vt 0.793127 0.498312
vt 0.789176 0.499263
vt 0.785810 0.501554
vt 0.562140 0.535194
vt 0.560243 0.531973
vt 0.563249 0.539339
vt 0.563574 0.544141
vt 0.563117 0.549334
vt 0.561882 0.554652
vt 0.559873 0.559827
vt 0.557270 0.564310
vt 0.554359 0.567675
vt 0.551302 0.569840
vt 0.548262 0.570725
vt 0.545402 0.570247
vt 0.729345 0.568606
vt 0.809365 0.536077
vt 0.726827 0.570528
vt 0.731242 0.565386
vt 0.732351 0.561241
vt 0.732675 0.556438
vt 0.732219 0.551245
vt 0.730984 0.545928
vt 0.728975 0.540753
vt 0.726372 0.536270
vt 0.723461 0.532905
vt 0.720404 0.530739
vt 0.717364 0.529855
vt 0.714503 0.530332
vt 0.483052 0.498983
vt 0.557725 0.530052
vt 0.723966 0.571005
vt 0.554864 0.529575
vt 0.776899 0.589289
vt 0.777420 0.586177
vt 0.778515 0.582144
vt 0.780173 0.577330
vt 0.782241 0.572207
vt 0.784495 0.567306
vt 0.786814 0.562846
vt 0.789074 0.559049
vt 0.791153 0.556133
vt 0.792930 0.554321
vt 0.776966 0.591343
vt 0.714827 0.369224
vt 0.717273 0.391740
vt 0.715201 0.391757
vt 0.712760 0.369288
vt 0.718112 0.368993
vt 0.720563 0.391561
vt 0.722367 0.368619
vt 0.724824 0.391239
vt 0.727347 0.368125
vt 0.729810 0.390795
vt 0.732806 0.367533
vt 0.735273 0.390250
vt 0.738497 0.366868
vt 0.740968 0.389625
vt 0.743830 0.366196
vt 0.746305 0.388981
vt 0.748282 0.365585
vt 0.750758 0.388384
vt 0.751702 0.365060
vt 0.754178 0.387860
vt 0.753938 0.364646
vt 0.756412 0.387435
vt 0.754839 0.364369
vt 0.757312 0.387132
vt 0.348195 0.157259
vt 0.344838 0.179869
vt 0.344245 0.180000
vt 0.347608 0.157352
vt 0.350258 0.157404
vt 0.346908 0.179968
vt 0.353531 0.157764
vt 0.350189 0.180276
vt 0.357769 0.158305
vt 0.354434 0.180765
vt 0.362726 0.158994
vt 0.359399 0.181403
vt 0.368157 0.159799
vt 0.364837 0.182162
vt 0.373817 0.160687
vt 0.370502 0.183010
vt 0.379121 0.161568
vt 0.375810 0.183863
vt 0.383545 0.162352
vt 0.380236 0.184634
vt 0.386942 0.163011
vt 0.383633 0.185292
vt 0.389160 0.163512
vt 0.385849 0.185805
vt 0.390050 0.163824
vt 0.386735 0.186142
vt 0.714613 0.391604
vt 0.712176 0.369173
vt 0.712146 0.347670
vt 0.710097 0.347886
vt 0.715410 0.347275
vt 0.719646 0.346733
vt 0.724606 0.346076
vt 0.730047 0.345335
vt 0.735722 0.344542
vt 0.741044 0.343779
vt 0.745491 0.343123
vt 0.748910 0.342595
vt 0.751151 0.342222
vt 0.752062 0.342026
vt 0.351827 0.135162
vt 0.351259 0.135134
vt 0.353866 0.135458
vt 0.357112 0.135980
vt 0.361323 0.136688
vt 0.366254 0.137540
vt 0.371661 0.138493
vt 0.377301 0.139508
vt 0.382590 0.140479
vt 0.387007 0.141309
vt 0.390403 0.141970
vt 0.392627 0.142431
vt 0.393531 0.142663
vt 0.709528 0.347891
vt 0.708993 0.327922
vt 0.706989 0.328426
vt 0.712209 0.327213
vt 0.716395 0.326350
vt 0.721307 0.325380
vt 0.726703 0.324353
vt 0.732340 0.323317
vt 0.737636 0.322381
vt 0.742069 0.321636
vt 0.745487 0.321104
vt 0.747740 0.320806
vt 0.748676 0.320766
vt 0.355999 0.114283
vt 0.355476 0.114023
vt 0.357982 0.114865
vt 0.361168 0.115699
vt 0.365316 0.116726
vt 0.370187 0.117887
vt 0.375539 0.119125
vt 0.381131 0.120381
vt 0.386386 0.121524
vt 0.390786 0.122442
vt 0.394181 0.123108
vt 0.396420 0.123494
vt 0.397354 0.123571
vt 0.706456 0.328664
vt 0.705174 0.310886
vt 0.703278 0.311890
vt 0.708273 0.309636
vt 0.712338 0.308217
vt 0.717134 0.306707
vt 0.722423 0.305185
vt 0.727969 0.303728
vt 0.733201 0.302493
vt 0.737600 0.301596
vt 0.741017 0.301055
vt 0.743298 0.300889
vt 0.744292 0.301117
vt 0.361047 0.095220
vt 0.360627 0.094562
vt 0.362903 0.096297
vt 0.365950 0.097669
vt 0.369957 0.099246
vt 0.374690 0.100942
vt 0.379915 0.102671
vt 0.385400 0.104344
vt 0.390579 0.105783
vt 0.394940 0.106852
vt 0.398333 0.107527
vt 0.400606 0.107782
vt 0.401608 0.107592
vt 0.702832 0.312532
vt 0.700611 0.297585
vt 0.698992 0.299436
vt 0.703409 0.295415
vt 0.707167 0.293053
vt 0.711663 0.290627
vt 0.716677 0.288265
vt 0.721990 0.286094
vt 0.727056 0.284351
vt 0.731371 0.283196
vt 0.734783 0.282640
vt 0.737137 0.282697
vt 0.738280 0.283382
vt 0.367500 0.078408
vt 0.367330 0.077075
vt 0.369046 0.080321
vt 0.371757 0.082600
vt 0.375418 0.085107
vt 0.379816 0.087707
vt 0.384734 0.090264
vt 0.389958 0.092641
vt 0.394951 0.094581
vt 0.399218 0.095905
vt 0.402605 0.096595
vt 0.404960 0.096629
vt 0.406129 0.095990
vt 0.698769 0.300761
vt 0.695192 0.291467
vt 0.693057 0.293195
vt 0.698202 0.288876
vt 0.701879 0.285610
vt 0.706015 0.281855
vt 0.710401 0.277798
vt 0.714830 0.273629
vt 0.718836 0.269778
vt 0.722033 0.266625
vt 0.724324 0.264269
vt 0.725613 0.262813
vt 0.725806 0.262358
vt 0.381591 0.057244
vt 0.380618 0.056557
vt 0.383656 0.059054
vt 0.386562 0.061761
vt 0.390109 0.065169
vt 0.394094 0.069083
vt 0.398318 0.073308
vt 0.402580 0.077649
vt 0.406432 0.081653
vt 0.409503 0.084929
vt 0.411699 0.087373
vt 0.412931 0.088879
vt 0.413106 0.089341
vt 0.692058 0.293843
vt 0.676951 0.287506
vt 0.676236 0.291404
vt 0.677745 0.282811
vt 0.678572 0.277605
vt 0.679389 0.272170
vt 0.680153 0.266791
vt 0.680820 0.261751
vt 0.681315 0.257594
vt 0.681595 0.254706
vt 0.681663 0.253133
vt 0.681520 0.252923
vt 0.425545 0.050080
vt 0.380793 0.057019
vt 0.425240 0.048866
vt 0.425999 0.052761
vt 0.426560 0.056684
vt 0.427169 0.061405
vt 0.427791 0.066640
vt 0.428395 0.072103
vt 0.428948 0.077508
vt 0.429416 0.082570
vt 0.429748 0.086743
vt 0.429915 0.089641
vt 0.429921 0.091215
vt 0.429770 0.091418
vt 0.675678 0.294064
vt 0.692251 0.293388
vt 0.675326 0.295266
vt 0.599321 0.277601
vt 0.598476 0.281485
vt 0.600135 0.272909
vt 0.600881 0.267693
vt 0.601522 0.262240
vt 0.602022 0.256832
vt 0.602344 0.251756
vt 0.602445 0.247556
vt 0.602325 0.244625
vt 0.602006 0.243011
vt 0.601508 0.242764
vt 0.506196 0.043046
vt 0.505588 0.041851
vt 0.506879 0.045711
vt 0.507571 0.049625
vt 0.508200 0.054346
vt 0.508741 0.059586
vt 0.509169 0.065061
vt 0.509456 0.070484
vt 0.509578 0.075569
vt 0.509515 0.079769
vt 0.509280 0.082694
vt 0.508898 0.084294
vt 0.508391 0.084521
vt 0.597688 0.284121
vt 0.597035 0.285292
vt 0.497820 0.266821
vt 0.496945 0.270702
vt 0.498626 0.262128
vt 0.499330 0.256908
vt 0.499897 0.251447
vt 0.500293 0.246028
vt 0.500484 0.240938
vt 0.500443 0.236724
vt 0.500182 0.233778
vt 0.499730 0.232150
vt 0.499115 0.231891
vt 0.609033 0.036189
vt 0.608330 0.035000
vt 0.609784 0.038850
vt 0.610507 0.042763
vt 0.611129 0.047484
vt 0.611627 0.052727
vt 0.611979 0.058206
vt 0.612163 0.063636
vt 0.612154 0.068730
vt 0.611948 0.072939
vt 0.611572 0.075872
vt 0.611056 0.077481
vt 0.610431 0.077716
vt 0.496090 0.273331
vt 0.495340 0.274491
vt 0.394838 0.257163
vt 0.393973 0.261045
vt 0.395614 0.252467
vt 0.396270 0.247242
vt 0.396775 0.241775
vt 0.397097 0.236350
vt 0.397206 0.231252
vt 0.397083 0.227030
vt 0.396747 0.224077
vt 0.396232 0.222444
vt 0.395567 0.222180
vt 0.712914 0.030543
vt 0.712178 0.029356
vt 0.713677 0.033203
vt 0.714390 0.037117
vt 0.714981 0.041839
vt 0.715432 0.047085
vt 0.715721 0.052568
vt 0.715831 0.058002
vt 0.715741 0.063100
vt 0.715451 0.067314
vt 0.715000 0.070251
vt 0.714421 0.071863
vt 0.713747 0.072101
vt 0.393105 0.263673
vt 0.392324 0.264830
vt 0.312223 0.250567
vt 0.311437 0.254456
vt 0.312906 0.245863
vt 0.313459 0.240629
vt 0.313858 0.235153
vt 0.314076 0.229719
vt 0.314090 0.224613
vt 0.313888 0.220384
vt 0.313500 0.217427
vt 0.312957 0.215792
vt 0.312293 0.215528
vt 0.796357 0.027163
vt 0.795649 0.025974
vt 0.797065 0.029826
vt 0.797699 0.033743
vt 0.798196 0.038470
vt 0.798544 0.043722
vt 0.798728 0.049210
vt 0.798733 0.054648
vt 0.798546 0.059751
vt 0.798179 0.063968
vt 0.797675 0.066907
vt 0.797069 0.068520
vt 0.796395 0.068757
vt 0.310625 0.257090
vt 0.309871 0.258249
vt 0.272526 0.249001
vt 0.272755 0.252910
vt 0.272151 0.244273
vt 0.271659 0.239014
vt 0.271077 0.233511
vt 0.270436 0.228051
vt 0.269762 0.222921
vt 0.269127 0.218674
vt 0.268592 0.215704
vt 0.268176 0.214063
vt 0.267898 0.213800
vt 0.840154 0.027159
vt 0.840078 0.025988
vt 0.839997 0.029802
vt 0.839616 0.033700
vt 0.839056 0.038409
vt 0.838357 0.043645
vt 0.837561 0.049121
vt 0.836705 0.054551
vt 0.835831 0.059650
vt 0.835030 0.063869
vt 0.834379 0.066816
vt 0.833899 0.068440
vt 0.833611 0.068692
vt 0.272808 0.255558
vt 0.272685 0.256725
vt 0.202886 0.264788
vt 0.203984 0.268491
vt 0.201393 0.260317
vt 0.199604 0.255348
vt 0.197621 0.250153
vt 0.195543 0.245003
vt 0.193473 0.240168
vt 0.191627 0.236170
vt 0.190183 0.233381
vt 0.189182 0.231846
vt 0.188665 0.231614
vt 0.918502 0.048011
vt 0.918552 0.046894
vt 0.917833 0.050500
vt 0.916591 0.054156
vt 0.914923 0.058566
vt 0.912941 0.063460
vt 0.910756 0.068574
vt 0.908478 0.073639
vt 0.906220 0.078388
vt 0.904218 0.082311
vt 0.902666 0.085042
vt 0.901606 0.086536
vt 0.901080 0.086748
vt 0.204555 0.271004
vt 0.204561 0.272122
vt 0.170686 0.285367
vt 0.172996 0.288322
vt 0.167545 0.281906
vt 0.163784 0.278144
vt 0.159615 0.274283
vt 0.155250 0.270527
vt 0.150899 0.267078
vt 0.147021 0.264313
vt 0.143990 0.262484
vt 0.141889 0.261610
vt 0.140804 0.261714
vt 0.965136 0.079947
vt 0.965196 0.078847
vt 0.963851 0.082017
vt 0.961427 0.084879
vt 0.958153 0.088214
vt 0.954248 0.091826
vt 0.949931 0.095521
vt 0.945421 0.099103
vt 0.940939 0.102378
vt 0.936956 0.104989
vt 0.933855 0.106698
vt 0.931721 0.107488
vt 0.930641 0.107343
vt 0.174198 0.290441
vt 0.174215 0.291541
vt 0.161899 0.304518
vt 0.164853 0.305952
vt 0.157830 0.303221
vt 0.152924 0.302114
vt 0.147457 0.301250
vt 0.141706 0.300680
vt 0.135947 0.300458
vt 0.130785 0.300621
vt 0.126720 0.301138
vt 0.123866 0.301957
vt 0.122342 0.303029
vt 0.982052 0.122131
vt 0.982024 0.120855
vt 0.980513 0.123498
vt 0.977505 0.124815
vt 0.973389 0.125951
vt 0.968443 0.126864
vt 0.962946 0.127514
vt 0.957177 0.127857
vt 0.951414 0.127853
vt 0.946263 0.127488
vt 0.942221 0.126813
vt 0.939402 0.125882
vt 0.937921 0.124751
vt 0.166337 0.307377
vt 0.166259 0.308652
vt 0.164596 0.326818
vt 0.167387 0.327471
vt 0.160776 0.326804
vt 0.156185 0.327383
vt 0.151081 0.328510
vt 0.145723 0.330138
vt 0.140369 0.332224
vt 0.135584 0.334566
vt 0.131827 0.336917
vt 0.129205 0.339163
vt 0.127826 0.341191
vt 0.127797 0.342887
vt 0.122264 0.304303
vt 0.973537 0.161660
vt 0.975011 0.160468
vt 0.970723 0.162203
vt 0.966905 0.162067
vt 0.962340 0.161309
vt 0.957284 0.159983
vt 0.951994 0.158145
vt 0.946727 0.155851
vt 0.942037 0.153324
vt 0.938375 0.150827
vt 0.935843 0.148480
vt 0.934545 0.146399
vt 0.934582 0.144704
vt 0.937892 0.123475
vt 0.168813 0.328720
vt 0.175205 0.349934
vt 0.178033 0.350721
vt 0.171480 0.350057
vt 0.167104 0.351020
vt 0.162321 0.352750
vt 0.157375 0.355175
vt 0.152510 0.358224
vt 0.148240 0.361601
vt 0.144975 0.364952
vt 0.142798 0.368119
vt 0.141795 0.370940
vt 0.142051 0.373256
vt 0.957915 0.191844
vt 0.959577 0.190255
vt 0.955058 0.192519
vt 0.951342 0.192250
vt 0.947007 0.191116
vt 0.942295 0.189200
vt 0.937448 0.186583
vt 0.932706 0.183346
vt 0.928572 0.179804
vt 0.925441 0.176327
vt 0.923390 0.173078
vt 0.922498 0.170220
vt 0.922844 0.167915
vt 0.179631 0.352373
vt 0.186205 0.368010
vt 0.189671 0.369873
vt 0.181960 0.367250
vt 0.177195 0.367550
vt 0.172172 0.368865
vt 0.167152 0.371154
vt 0.162397 0.374372
vt 0.158416 0.378220
vt 0.155582 0.382285
vt 0.153948 0.386354
vt 0.153568 0.390216
vt 0.154496 0.393659
vt 0.943943 0.212876
vt 0.946341 0.210155
vt 0.940407 0.214601
vt 0.936135 0.215194
vt 0.931386 0.214708
vt 0.926418 0.213197
vt 0.921492 0.210713
vt 0.916867 0.207311
vt 0.913040 0.203310
vt 0.910367 0.199137
vt 0.908894 0.195008
vt 0.908666 0.191134
vt 0.909728 0.187729
vt 0.191960 0.372686
vt 0.386142 0.186273
vt 0.384073 0.186174
vt 0.380792 0.185865
vt 0.376547 0.185377
vt 0.371582 0.184738
vt 0.366144 0.183980
vt 0.360479 0.183131
vt 0.355171 0.182279
vt 0.350745 0.181508
vt 0.347348 0.180850
vt 0.345132 0.180337
vt 0.179304 0.395192
vt 0.174285 0.397480
vt 0.169262 0.398796
vt 0.184060 0.391973
vt 0.188041 0.388125
vt 0.190875 0.384061
vt 0.192509 0.379992
vt 0.192889 0.376130
vt 0.164497 0.399095
vt 0.160251 0.398335
vt 0.156786 0.396472
vt 0.818401 0.558169
vt 0.820073 0.559832
vt 0.822202 0.562438
vt 0.824673 0.565856
vt 0.827369 0.569955
vt 0.830138 0.574422
vt 0.832688 0.578799
vt 0.834799 0.582790
vt 0.836401 0.586212
vt 0.837418 0.588881
vt 0.837781 0.590613
vt 0.837400 0.591211
vt 0.434828 0.590931
vt 0.435930 0.590343
vt 0.437603 0.588681
vt 0.439732 0.586074
vt 0.442202 0.582656
vt 0.444899 0.578558
vt 0.447668 0.574090
vt 0.450218 0.569713
vt 0.452329 0.565722
vt 0.453930 0.562300
vt 0.454948 0.559631
vt 0.455311 0.557899
vt 0.454869 0.557473
vt 0.817359 0.557754
vt 0.850919 0.583772
vt 0.452522 0.557407
s 1
usemtl 03_-_Default
f 1560/1561/1536 1561/1562/1537 1562/1563/1538
f 1562/1563/1538 1563/1564/1539 1560/1561/1536
f 1561/1562/1537 1564/1565/1540 1565/1566/1541
f 1565/1566/1541 1562/1563/1538 1561/1562/1537
f 1564/1565/1540 1566/1567/1542 1567/1568/1543
f 1567/1568/1543 1565/1566/1541 1564/1565/1540
f 1566/1567/1542 1568/1569/1544 1569/1570/1545
f 1569/1570/1545 1567/1568/1543 1566/1567/1542
f 1568/1569/1544 1570/1571/1546 1571/1572/1547
f 1571/1572/1547 1569/1570/1545 1568/1569/1544
f 1570/1571/1546 1572/1573/1548 1573/1574/1549
f 1573/1574/1549 1571/1572/1547 1570/1571/1546
f 1572/1573/1548 1574/1575/1550 1575/1576/1551
f 1575/1576/1551 1573/1574/1549 1572/1573/1548
f 1574/1575/1550 1576/1577/1552 1577/1578/1553
f 1577/1578/1553 1575/1576/1551 1574/1575/1550
f 1576/1577/1552 1578/1579/1554 1579/1580/1555
f 1579/1580/1555 1577/1578/1553 1576/1577/1552
f 1578/1579/1554 1580/1581/1556 1581/1582/1557
f 1581/1582/1557 1579/1580/1555 1578/1579/1554
f 1580/1581/1556 1582/1583/1558 1583/1584/1559
f 1583/1584/1559 1581/1582/1557 1580/1581/1556
f 1582/1583/1558 1584/1585/1560 1585/1586/1561
f 1585/1586/1561 1583/1584/1559 1582/1583/1558
f 1584/1585/1560 1586/1587/1562 1587/1588/1563
f 1587/1588/1563 1585/1586/1561 1584/1585/1560
f 1586/1587/1562 1588/1589/1564 1589/1590/1565
f 1589/1590/1565 1587/1588/1563 1586/1587/1562
f 1588/1589/1564 1590/1591/1566 1591/1592/1567
f 1591/1592/1567 1589/1590/1565 1588/1589/1564
f 1590/1591/1566 1592/1593/1568 1593/1594/1569
f 1593/1594/1569 1591/1592/1567 1590/1591/1566
f 1592/1593/1568 1594/1595/1570 1595/1596/1571
f 1595/1596/1571 1593/1594/1569 1592/1593/1568
f 1594/1595/1570 1560/1561/1536 1563/1564/1539
f 1563/1564/1539 1595/1596/1571 1594/1595/1570
f 1563/1564/1539 1562/1563/1538 1596/1597/1572
f 1596/1597/1572 1597/1598/1573 1563/1564/1539
f 1562/1563/1538 1565/1566/1541 1598/1599/1574
f 1598/1599/1574 1596/1597/1572 1562/1563/1538
f 1565/1566/1541 1567/1568/1543 1599/1600/1575
f 1599/1600/1575 1598/1599/1574 1565/1566/1541
f 1567/1568/1543 1569/1570/1545 1600/1601/1576
f 1600/1601/1576 1599/1600/1575 1567/1568/1543
f 1569/1570/1545 1571/1572/1547 1601/1602/1577
f 1601/1602/1577 1600/1601/1576 1569/1570/1545
f 1571/1572/1547 1573/1574/1549 1602/1603/1578
f 1602/1603/1578 1601/1602/1577 1571/1572/1547
f 1573/1574/1549 1575/1576/1551 1603/1604/1579
f 1603/1604/1579 1602/1603/1578 1573/1574/1549
f 1575/1576/1551 1577/1578/1553 1604/1605/1580
f 1604/1605/1580 1603/1604/1579 1575/1576/1551
f 1577/1578/1553 1579/1580/1555 1605/1606/1581
f 1605/1606/1581 1604/1605/1580 1577/1578/1553
f 1579/1580/1555 1581/1582/1557 1606/1607/1582
f 1606/1607/1582 1605/1606/1581 1579/1580/1555
f 1581/1582/1557 1583/1584/1559 1607/1608/1583
f 1607/1608/1583 1606/1607/1582 1581/1582/1557
f 1583/1584/1559 1585/1586/1561 1608/1609/1584
f 1608/1609/1584 1607/1608/1583 1583/1584/1559
f 1585/1586/1561 1587/1588/1563 1609/1610/1585
f 1609/1610/1585 1608/1609/1584 1585/1586/1561
f 1587/1588/1563 1589/1590/1565 1610/1611/1586
f 1610/1611/1586 1609/1610/1585 1587/1588/1563
f 1589/1590/1565 1591/1592/1567 1611/1612/1587
f 1611/1612/1587 1610/1611/1586 1589/1590/1565
f 1591/1592/1567 1593/1594/1569 1612/1613/1588
f 1612/1613/1588 1611/1612/1587 1591/1592/1567
f 1593/1594/1569 1595/1596/1571 1613/1614/1589
f 1613/1614/1589 1612/1613/1588 1593/1594/1569
f 1595/1596/1571 1563/1564/1539 1597/1598/1573
f 1597/1598/1573 1613/1614/1589 1595/1596/1571
f 1597/1598/1573 1596/1597/1572 1614/1615/1590
f 1614/1615/1590 1615/1616/1591 1597/1598/1573
f 1596/1597/1572 1598/1599/1574 1616/1617/1592
f 1616/1617/1592 1614/1615/1590 1596/1597/1572
f 1598/1599/1574 1599/1600/1575 1617/1618/1593
f 1617/1618/1593 1616/1617/1592 1598/1599/1574
f 1599/1600/1575 1600/1601/1576 1618/1619/1594
f 1618/1619/1594 1617/1618/1593 1599/1600/1575
f 1600/1601/1576 1601/1602/1577 1619/1620/1595
f 1619/1620/1595 1618/1619/1594 1600/1601/1576
f 1601/1602/1577 1602/1603/1578 1620/1621/1596
f 1620/1621/1596 1619/1620/1595 1601/1602/1577
f 1602/1603/1578 1603/1604/1579 1621/1622/1597
f 1621/1622/1597 1620/1621/1596 1602/1603/1578
f 1603/1604/1579 1604/1605/1580 1622/1623/1598
f 1622/1623/1598 1621/1622/1597 1603/1604/1579
f 1604/1605/1580 1605/1606/1581 1623/1624/1599
f 1623/1624/1599 1622/1623/1598 1604/1605/1580
f 1605/1606/1581 1606/1607/1582 1624/1625/1600
f 1624/1625/1600 1623/1624/1599 1605/1606/1581
f 1606/1607/1582 1607/1608/1583 1625/1626/1601
f 1625/1626/1601 1624/1625/1600 1606/1607/1582
f 1607/1608/1583 1608/1609/1584 1626/1627/1602
f 1626/1627/1602 1625/1626/1601 1607/1608/1583
f 1608/1609/1584 1609/1610/1585 1627/1628/1603
f 1627/1628/1603 1626/1627/1602 1608/1609/1584
f 1609/1610/1585 1610/1611/1586 1628/1629/1604
f 1628/1629/1604 1627/1628/1603 1609/1610/1585
f 1610/1611/1586 1611/1612/1587 1629/1630/1605
f 1629/1630/1605 1628/1629/1604 1610/1611/1586
f 1611/1612/1587 1612/1613/1588 1630/1631/1606
f 1630/1631/1606 1629/1630/1605 1611/1612/1587
f 1612/1613/1588 1613/1614/1589 1631/1632/1607
f 1631/1632/1607 1630/1631/1606 1612/1613/1588
f 1613/1614/1589 1597/1598/1573 1615/1616/1591
f 1615/1616/1591 1631/1632/1607 1613/1614/1589
f 1632/1633/1608 1633/1634/1609 1634/1635/1610
f 1634/1635/1610 1635/1636/1611 1636/1637/1612
f 1636/1637/1612 1637/1638/1613 1638/1639/1614
f 1634/1635/1610 1636/1637/1612 1638/1639/1614
f 1638/1639/1614 1639/1640/1615 1640/1641/1616
f 1640/1641/1616 1641/1642/1617 1642/1643/1618
f 1638/1639/1614 1640/1641/1616 1642/1643/1618
f 1642/1643/1618 1643/1644/1619 1644/1645/1620
f 1644/1645/1620 1645/1646/1621 1646/1647/1622
f 1642/1643/1618 1644/1645/1620 1646/1647/1622
f 1638/1639/1614 1642/1643/1618 1646/1647/1622
f 1634/1635/1610 1638/1639/1614 1646/1647/1622
f 1646/1647/1622 1647/1648/1623 1648/1649/1624
f 1634/1635/1610 1646/1647/1622 1648/1649/1624
f 1632/1633/1608 1634/1635/1610 1648/1649/1624
f 1649/1650/1625 1632/1633/1608 1648/1649/1624
f 1650/1651/1626 1651/1652/1627 1652/1653/1628
f 1652/1653/1628 1653/1654/1629 1654/1655/1630
f 1654/1655/1630 1655/1656/1631 1656/1657/1632
f 1652/1653/1628 1654/1655/1630 1656/1657/1632
f 1656/1657/1632 1657/1658/1633 1658/1659/1634
f 1658/1659/1634 1659/1660/1635 1660/1661/1636
f 1656/1657/1632 1658/1659/1634 1660/1661/1636
f 1660/1661/1636 1661/1662/1637 1662/1663/1638
f 1662/1663/1638 1663/1664/1639 1664/1665/1640
f 1660/1661/1636 1662/1663/1638 1664/1665/1640
f 1656/1657/1632 1660/1661/1636 1664/1665/1640
f 1652/1653/1628 1656/1657/1632 1664/1665/1640
f 1664/1665/1640 1665/1666/1641 1666/1667/1642
f 1652/1653/1628 1664/1665/1640 1666/1667/1642
f 1650/1651/1626 1652/1653/1628 1666/1667/1642
f 1667/1668/1643 1650/1651/1626 1666/1667/1642
f 1561/1562/1537 1560/1561/1536 1648/1649/1624
f 1648/1649/1624 1647/1648/1623 1561/1562/1537
f 1560/1561/1536 1594/1595/1570 1649/1650/1625
f 1649/1650/1625 1648/1649/1624 1560/1561/1536
f 1594/1595/1570 1592/1593/1568 1632/1633/1608
f 1632/1633/1608 1649/1650/1625 1594/1595/1570
f 1592/1593/1568 1590/1591/1566 1633/1634/1609
f 1633/1634/1609 1632/1633/1608 1592/1593/1568
f 1590/1591/1566 1588/1589/1564 1634/1635/1610
f 1634/1635/1610 1633/1634/1609 1590/1591/1566
f 1588/1589/1564 1586/1587/1562 1635/1636/1611
f 1635/1636/1611 1634/1635/1610 1588/1589/1564
f 1586/1587/1562 1584/1585/1560 1636/1637/1612
f 1636/1637/1612 1635/1636/1611 1586/1587/1562
f 1584/1585/1560 1582/1583/1558 1637/1638/1613
f 1637/1638/1613 1636/1637/1612 1584/1585/1560
f 1582/1583/1558 1580/1581/1556 1638/1639/1614
f 1638/1639/1614 1637/1638/1613 1582/1583/1558
f 1580/1581/1556 1578/1579/1554 1639/1640/1615
f 1639/1640/1615 1638/1639/1614 1580/1581/1556
f 1578/1579/1554 1576/1577/1552 1640/1641/1616
f 1640/1641/1616 1639/1640/1615 1578/1579/1554
f 1576/1577/1552 1574/1575/1550 1641/1642/1617
f 1641/1642/1617 1640/1641/1616 1576/1577/1552
f 1574/1575/1550 1572/1573/1548 1642/1643/1618
f 1642/1643/1618 1641/1642/1617 1574/1575/1550
f 1572/1573/1548 1570/1571/1546 1643/1644/1619
f 1643/1644/1619 1642/1643/1618 1572/1573/1548
f 1570/1571/1546 1568/1569/1544 1644/1645/1620
f 1644/1645/1620 1643/1644/1619 1570/1571/1546
f 1568/1569/1544 1566/1567/1542 1645/1646/1621
f 1645/1646/1621 1644/1645/1620 1568/1569/1544
f 1566/1567/1542 1564/1565/1540 1646/1647/1622
f 1646/1647/1622 1645/1646/1621 1566/1567/1542
f 1564/1565/1540 1561/1562/1537 1647/1648/1623
f 1647/1648/1623 1646/1647/1622 1564/1565/1540
f 1615/1669/1591 1614/1670/1590 1668/1671/1644
f 1668/1671/1644 1669/1672/1645 1615/1669/1591
f 1614/1670/1590 1616/1673/1592 1670/1674/1646
f 1670/1674/1646 1668/1671/1644 1614/1670/1590
f 1616/1673/1592 1617/1675/1593 1671/1676/1647
f 1671/1676/1647 1670/1674/1646 1616/1673/1592
f 1617/1675/1593 1618/1677/1594 1672/1678/1648
f 1672/1678/1648 1671/1676/1647 1617/1675/1593
f 1618/1677/1594 1619/1679/1595 1673/1680/1649
f 1673/1680/1649 1672/1678/1648 1618/1677/1594
f 1619/1679/1595 1620/1681/1596 1674/1682/1650
f 1674/1682/1650 1673/1680/1649 1619/1679/1595
f 1620/1681/1596 1621/1683/1597 1675/1684/1651
f 1675/1684/1651 1674/1682/1650 1620/1681/1596
f 1621/1683/1597 1622/1685/1598 1676/1686/1652
f 1676/1686/1652 1675/1684/1651 1621/1683/1597
f 1622/1685/1598 1623/1687/1599 1677/1688/1653
f 1677/1688/1653 1676/1686/1652 1622/1685/1598
f 1623/1687/1599 1624/1689/1600 1678/1690/1654
f 1678/1690/1654 1677/1688/1653 1623/1687/1599
f 1624/1689/1600 1625/1691/1601 1679/1692/1655
f 1679/1692/1655 1678/1690/1654 1624/1689/1600
f 1625/1691/1601 1626/1693/1602 1680/1694/1656
f 1680/1694/1656 1679/1692/1655 1625/1691/1601
f 1626/1693/1602 1627/1695/1603 1681/1696/1657
f 1681/1696/1657 1680/1694/1656 1626/1693/1602
f 1627/1695/1603 1628/1697/1604 1682/1698/1658
f 1682/1698/1658 1681/1696/1657 1627/1695/1603
f 1628/1697/1604 1629/1699/1605 1683/1700/1659
f 1683/1700/1659 1682/1698/1658 1628/1697/1604
f 1629/1699/1605 1630/1701/1606 1684/1702/1660
f 1684/1702/1660 1683/1700/1659 1629/1699/1605
f 1630/1701/1606 1631/1703/1607 1685/1704/1661
f 1685/1704/1661 1684/1702/1660 1630/1701/1606
f 1631/1703/1607 1615/1669/1591 1669/1672/1645
f 1669/1672/1645 1685/1704/1661 1631/1703/1607
f 1669/1672/1645 1668/1671/1644 1686/1705/1662
f 1686/1705/1662 1687/1706/1663 1669/1672/1645
f 1668/1671/1644 1670/1674/1646 1688/1707/1664
f 1688/1707/1664 1686/1705/1662 1668/1671/1644
f 1670/1674/1646 1671/1676/1647 1689/1708/1665
f 1689/1708/1665 1688/1707/1664 1670/1674/1646
f 1671/1676/1647 1672/1678/1648 1690/1709/1666
f 1690/1709/1666 1689/1708/1665 1671/1676/1647
f 1672/1678/1648 1673/1680/1649 1691/1710/1667
f 1691/1710/1667 1690/1709/1666 1672/1678/1648
f 1673/1680/1649 1674/1682/1650 1692/1711/1668
f 1692/1711/1668 1691/1710/1667 1673/1680/1649
f 1674/1682/1650 1675/1684/1651 1693/1712/1669
f 1693/1712/1669 1692/1711/1668 1674/1682/1650
f 1675/1684/1651 1676/1686/1652 1694/1713/1670
f 1694/1713/1670 1693/1712/1669 1675/1684/1651
f 1676/1686/1652 1677/1688/1653 1695/1714/1671
f 1695/1714/1671 1694/1713/1670 1676/1686/1652
f 1677/1688/1653 1678/1690/1654 1696/1715/1672
f 1696/1715/1672 1695/1714/1671 1677/1688/1653
f 1678/1690/1654 1679/1692/1655 1697/1716/1673
f 1697/1716/1673 1696/1715/1672 1678/1690/1654
f 1679/1692/1655 1680/1694/1656 1698/1717/1674
f 1698/1717/1674 1697/1716/1673 1679/1692/1655
f 1680/1694/1656 1681/1696/1657 1699/1718/1675
f 1699/1718/1675 1698/1717/1674 1680/1694/1656
f 1681/1696/1657 1682/1698/1658 1700/1719/1676
f 1700/1719/1676 1699/1718/1675 1681/1696/1657
f 1682/1698/1658 1683/1700/1659 1701/1720/1677
f 1701/1720/1677 1700/1719/1676 1682/1698/1658
f 1683/1700/1659 1684/1702/1660 1702/1721/1678
f 1702/1721/1678 1701/1720/1677 1683/1700/1659
f 1684/1702/1660 1685/1704/1661 1703/1722/1679
f 1703/1722/1679 1702/1721/1678 1684/1702/1660
f 1685/1704/1661 1669/1672/1645 1687/1706/1663
f 1687/1706/1663 1703/1722/1679 1685/1704/1661
f 1687/1706/1663 1686/1705/1662 1650/1651/1626
f 1650/1651/1626 1667/1668/1643 1687/1706/1663
f 1686/1705/1662 1688/1707/1664 1651/1652/1627
f 1651/1652/1627 1650/1651/1626 1686/1705/1662
f 1688/1707/1664 1689/1708/1665 1652/1653/1628
f 1652/1653/1628 1651/1652/1627 1688/1707/1664
f 1689/1708/1665 1690/1709/1666 1653/1654/1629
f 1653/1654/1629 1652/1653/1628 1689/1708/1665
f 1690/1709/1666 1691/1710/1667 1654/1655/1630
f 1654/1655/1630 1653/1654/1629 1690/1709/1666
f 1691/1710/1667 1692/1711/1668 1655/1656/1631
f 1655/1656/1631 1654/1655/1630 1691/1710/1667
f 1692/1711/1668 1693/1712/1669 1656/1657/1632
f 1656/1657/1632 1655/1656/1631 1692/1711/1668
f 1693/1712/1669 1694/1713/1670 1657/1658/1633
f 1657/1658/1633 1656/1657/1632 1693/1712/1669
f 1694/1713/1670 1695/1714/1671 1658/1659/1634
f 1658/1659/1634 1657/1658/1633 1694/1713/1670
f 1695/1714/1671 1696/1715/1672 1659/1660/1635
f 1659/1660/1635 1658/1659/1634 1695/1714/1671
f 1696/1715/1672 1697/1716/1673 1660/1661/1636
f 1660/1661/1636 1659/1660/1635 1696/1715/1672
f 1697/1716/1673 1698/1717/1674 1661/1662/1637
f 1661/1662/1637 1660/1661/1636 1697/1716/1673
f 1698/1717/1674 1699/1718/1675 1662/1663/1638
f 1662/1663/1638 1661/1662/1637 1698/1717/1674
f 1699/1718/1675 1700/1719/1676 1663/1664/1639
f 1663/1664/1639 1662/1663/1638 1699/1718/1675
f 1700/1719/1676 1701/1720/1677 1664/1665/1640
f 1664/1665/1640 1663/1664/1639 1700/1719/1676
f 1701/1720/1677 1702/1721/1678 1665/1666/1641
f 1665/1666/1641 1664/1665/1640 1701/1720/1677
f 1702/1721/1678 1703/1722/1679 1666/1667/1642
f 1666/1667/1642 1665/1666/1641 1702/1721/1678
f 1703/1722/1679 1687/1706/1663 1667/1668/1643
f 1667/1668/1643 1666/1667/1642 1703/1722/1679
s 2
f 1704/1723/1680 1705/1724/1681 1706/1725/1682
f 1706/1725/1682 1707/1726/1683 1704/1723/1680
f 1705/1724/1681 1708/1727/1684 1709/1728/1685
f 1709/1728/1685 1706/1725/1682 1705/1724/1681
f 1708/1727/1684 1710/1729/1686 1711/1730/1687
f 1711/1730/1687 1709/1728/1685 1708/1727/1684
f 1710/1729/1686 1712/1731/1688 1713/1732/1689
f 1713/1732/1689 1711/1730/1687 1710/1729/1686
f 1712/1731/1688 1714/1733/1690 1715/1732/1691
f 1715/1732/1691 1713/1732/1689 1712/1731/1688
f 1714/1733/1690 1716/1729/1692 1717/1730/1693
f 1717/1730/1693 1715/1732/1691 1714/1733/1690
f 1716/1729/1692 1718/1727/1694 1719/1728/1695
f 1719/1728/1695 1717/1730/1693 1716/1729/1692
f 1718/1727/1694 1720/1724/1696 1721/1734/1697
f 1721/1734/1697 1719/1728/1695 1718/1727/1694
f 1720/1724/1696 1722/1723/1698 1723/1726/1699
f 1723/1726/1699 1721/1734/1697 1720/1724/1696
f 1722/1723/1698 1724/1735/1700 1725/1736/1701
f 1725/1736/1701 1723/1726/1699 1722/1723/1698
f 1724/1735/1700 1726/1737/1702 1727/1738/1703
f 1727/1738/1703 1725/1736/1701 1724/1735/1700
f 1726/1737/1702 1728/1739/1704 1729/1740/1705
f 1729/1740/1705 1727/1738/1703 1726/1737/1702
f 1728/1739/1704 1730/1741/1706 1731/1742/1707
f 1731/1742/1707 1729/1740/1705 1728/1739/1704
f 1730/1741/1706 1732/1741/1708 1733/1743/1709
f 1733/1743/1709 1731/1742/1707 1730/1741/1706
f 1732/1741/1708 1734/1744/1710 1735/1740/1711
f 1735/1740/1711 1733/1743/1709 1732/1741/1708
f 1734/1744/1710 1736/1745/1712 1737/1746/1713
f 1737/1746/1713 1735/1740/1711 1734/1744/1710
f 1736/1745/1712 1738/1747/1714 1739/1748/1715
f 1739/1748/1715 1737/1746/1713 1736/1745/1712
f 1738/1747/1714 1704/1723/1680 1707/1726/1683
f 1707/1726/1683 1739/1748/1715 1738/1747/1714
f 1707/1726/1683 1706/1725/1682 1740/1749/1716
f 1740/1749/1716 1741/1750/1717 1707/1726/1683
f 1706/1725/1682 1709/1728/1685 1742/1751/1718
f 1742/1751/1718 1740/1749/1716 1706/1725/1682
f 1709/1728/1685 1711/1730/1687 1743/1752/1719
f 1743/1752/1719 1742/1751/1718 1709/1728/1685
f 1711/1730/1687 1713/1732/1689 1744/1753/1720
f 1744/1753/1720 1743/1752/1719 1711/1730/1687
f 1713/1732/1689 1715/1732/1691 1745/1753/1721
f 1745/1753/1721 1744/1753/1720 1713/1732/1689
f 1715/1732/1691 1717/1730/1693 1746/1752/1722
f 1746/1752/1722 1745/1753/1721 1715/1732/1691
f 1717/1730/1693 1719/1728/1695 1747/1751/1723
f 1747/1751/1723 1746/1752/1722 1717/1730/1693
f 1719/1728/1695 1721/1734/1697 1748/1754/1724
f 1748/1754/1724 1747/1751/1723 1719/1728/1695
f 1721/1734/1697 1723/1726/1699 1749/1750/1725
f 1749/1750/1725 1748/1754/1724 1721/1734/1697
f 1723/1726/1699 1725/1736/1701 1750/1755/1726
f 1750/1755/1726 1749/1750/1725 1723/1726/1699
f 1725/1736/1701 1727/1738/1703 1751/1756/1727
f 1751/1756/1727 1750/1755/1726 1725/1736/1701
f 1727/1738/1703 1729/1740/1705 1752/1757/1728
f 1752/1757/1728 1751/1756/1727 1727/1738/1703
f 1729/1740/1705 1731/1742/1707 1753/1758/1729
f 1753/1758/1729 1752/1757/1728 1729/1740/1705
f 1731/1742/1707 1733/1743/1709 1754/1759/1730
f 1754/1759/1730 1753/1758/1729 1731/1742/1707
f 1733/1743/1709 1735/1740/1711 1755/1760/1731
f 1755/1760/1731 1754/1759/1730 1733/1743/1709
f 1735/1740/1711 1737/1746/1713 1756/1761/1732
f 1756/1761/1732 1755/1760/1731 1735/1740/1711
f 1737/1746/1713 1739/1748/1715 1757/1762/1733
f 1757/1762/1733 1756/1761/1732 1737/1746/1713
f 1739/1748/1715 1707/1726/1683 1741/1750/1717
f 1741/1750/1717 1757/1762/1733 1739/1748/1715
f 1741/1750/1717 1740/1749/1716 1758/1763/1734
f 1758/1763/1734 1759/1764/1735 1741/1750/1717
f 1740/1749/1716 1742/1751/1718 1760/1765/1736
f 1760/1765/1736 1758/1763/1734 1740/1749/1716
f 1742/1751/1718 1743/1752/1719 1761/1766/1737
f 1761/1766/1737 1760/1765/1736 1742/1751/1718
f 1743/1752/1719 1744/1753/1720 1762/1767/1738
f 1762/1767/1738 1761/1766/1737 1743/1752/1719
f 1744/1753/1720 1745/1753/1721 1763/1767/1739
f 1763/1767/1739 1762/1767/1738 1744/1753/1720
f 1745/1753/1721 1746/1752/1722 1764/1766/1740
f 1764/1766/1740 1763/1767/1739 1745/1753/1721
f 1746/1752/1722 1747/1751/1723 1765/1765/1741
f 1765/1765/1741 1764/1766/1740 1746/1752/1722
f 1747/1751/1723 1748/1754/1724 1766/1768/1742
f 1766/1768/1742 1765/1765/1741 1747/1751/1723
f 1748/1754/1724 1749/1750/1725 1767/1764/1743
f 1767/1764/1743 1766/1768/1742 1748/1754/1724
f 1749/1750/1725 1750/1755/1726 1768/1769/1744
f 1768/1769/1744 1767/1764/1743 1749/1750/1725
f 1750/1755/1726 1751/1756/1727 1769/1770/1745
f 1769/1770/1745 1768/1769/1744 1750/1755/1726
f 1751/1756/1727 1752/1757/1728 1770/1771/1746
f 1770/1771/1746 1769/1770/1745 1751/1756/1727
f 1752/1757/1728 1753/1758/1729 1771/1772/1747
f 1771/1772/1747 1770/1771/1746 1752/1757/1728
f 1753/1758/1729 1754/1759/1730 1772/1773/1748
f 1772/1773/1748 1771/1772/1747 1753/1758/1729
f 1754/1759/1730 1755/1760/1731 1773/1774/1749
f 1773/1774/1749 1772/1773/1748 1754/1759/1730
f 1755/1760/1731 1756/1761/1732 1774/1775/1750
f 1774/1775/1750 1773/1774/1749 1755/1760/1731
f 1756/1761/1732 1757/1762/1733 1775/1776/1751
f 1775/1776/1751 1774/1775/1750 1756/1761/1732
f 1757/1762/1733 1741/1750/1717 1759/1764/1735
f 1759/1764/1735 1775/1776/1751 1757/1762/1733
f 1759/1764/1735 1758/1763/1734 1776/1777/1752
f 1776/1777/1752 1777/1778/1753 1759/1764/1735
f 1758/1763/1734 1760/1765/1736 1778/1779/1754
f 1778/1779/1754 1776/1777/1752 1758/1763/1734
f 1760/1765/1736 1761/1766/1737 1779/1780/1755
f 1779/1780/1755 1778/1779/1754 1760/1765/1736
f 1761/1766/1737 1762/1767/1738 1780/1781/1756
f 1780/1781/1756 1779/1780/1755 1761/1766/1737
f 1762/1767/1738 1763/1767/1739 1781/1781/1757
f 1781/1781/1757 1780/1781/1756 1762/1767/1738
f 1763/1767/1739 1764/1766/1740 1782/1780/1758
f 1782/1780/1758 1781/1781/1757 1763/1767/1739
f 1764/1766/1740 1765/1765/1741 1783/1779/1759
f 1783/1779/1759 1782/1780/1758 1764/1766/1740
f 1765/1765/1741 1766/1768/1742 1784/1782/1760
f 1784/1782/1760 1783/1779/1759 1765/1765/1741
f 1766/1768/1742 1767/1764/1743 1785/1778/1761
f 1785/1778/1761 1784/1782/1760 1766/1768/1742
f 1767/1764/1743 1768/1769/1744 1786/1783/1762
f 1786/1783/1762 1785/1778/1761 1767/1764/1743
f 1768/1769/1744 1769/1770/1745 1787/1784/1763
f 1787/1784/1763 1786/1783/1762 1768/1769/1744
f 1769/1770/1745 1770/1771/1746 1788/1785/1764
f 1788/1785/1764 1787/1784/1763 1769/1770/1745
f 1770/1771/1746 1771/1772/1747 1789/1786/1765
f 1789/1786/1765 1788/1785/1764 1770/1771/1746
f 1771/1772/1747 1772/1773/1748 1790/1787/1766
f 1790/1787/1766 1789/1786/1765 1771/1772/1747
f 1772/1773/1748 1773/1774/1749 1791/1785/1767
f 1791/1785/1767 1790/1787/1766 1772/1773/1748
f 1773/1774/1749 1774/1775/1750 1792/1788/1768
f 1792/1788/1768 1791/1785/1767 1773/1774/1749
f 1774/1775/1750 1775/1776/1751 1793/1789/1769
f 1793/1789/1769 1792/1788/1768 1774/1775/1750
f 1775/1776/1751 1759/1764/1735 1777/1778/1753
f 1777/1778/1753 1793/1789/1769 1775/1776/1751
f 1777/1778/1753 1776/1777/1752 1794/1790/1770
f 1794/1790/1770 1795/1791/1771 1777/1778/1753
f 1776/1777/1752 1778/1779/1754 1796/1792/1772
f 1796/1792/1772 1794/1790/1770 1776/1777/1752
f 1778/1779/1754 1779/1780/1755 1797/1793/1773
f 1797/1793/1773 1796/1792/1772 1778/1779/1754
f 1779/1780/1755 1780/1781/1756 1798/1794/1774
f 1798/1794/1774 1797/1793/1773 1779/1780/1755
f 1780/1781/1756 1781/1781/1757 1799/1795/1775
f 1799/1795/1775 1798/1794/1774 1780/1781/1756
f 1781/1781/1757 1782/1780/1758 1800/1793/1776
f 1800/1793/1776 1799/1795/1775 1781/1781/1757
f 1782/1780/1758 1783/1779/1759 1801/1792/1777
f 1801/1792/1777 1800/1793/1776 1782/1780/1758
f 1783/1779/1759 1784/1782/1760 1802/1790/1778
f 1802/1790/1778 1801/1792/1777 1783/1779/1759
f 1784/1782/1760 1785/1778/1761 1803/1791/1779
f 1803/1791/1779 1802/1790/1778 1784/1782/1760
f 1785/1778/1761 1786/1783/1762 1804/1796/1780
f 1804/1796/1780 1803/1791/1779 1785/1778/1761
f 1786/1783/1762 1787/1784/1763 1805/1797/1781
f 1805/1797/1781 1804/1796/1780 1786/1783/1762
f 1787/1784/1763 1788/1785/1764 1806/1798/1782
f 1806/1798/1782 1805/1797/1781 1787/1784/1763
f 1788/1785/1764 1789/1786/1765 1807/1799/1783
f 1807/1799/1783 1806/1798/1782 1788/1785/1764
f 1789/1786/1765 1790/1787/1766 1808/1799/1784
f 1808/1799/1784 1807/1799/1783 1789/1786/1765
f 1790/1787/1766 1791/1785/1767 1809/1800/1785
f 1809/1800/1785 1808/1799/1784 1790/1787/1766
f 1791/1785/1767 1792/1788/1768 1810/1801/1786
f 1810/1801/1786 1809/1800/1785 1791/1785/1767
f 1792/1788/1768 1793/1789/1769 1811/1802/1787
f 1811/1802/1787 1810/1801/1786 1792/1788/1768
f 1793/1789/1769 1777/1778/1753 1795/1791/1771
f 1795/1791/1771 1811/1802/1787 1793/1789/1769
f 1736/1745/1712 1734/1744/1710 1732/1741/1708
f 1732/1741/1708 1730/1741/1706 1728/1739/1704
f 1728/1739/1704 1726/1737/1702 1724/1735/1700
f 1732/1741/1708 1728/1739/1704 1724/1735/1700
f 1724/1735/1700 1722/1723/1698 1720/1724/1696
f 1720/1724/1696 1718/1727/1694 1716/1729/1692
f 1724/1735/1700 1720/1724/1696 1716/1729/1692
f 1716/1729/1692 1714/1733/1690 1712/1731/1688
f 1712/1731/1688 1710/1729/1686 1708/1727/1684
f 1716/1729/1692 1712/1731/1688 1708/1727/1684
f 1724/1735/1700 1716/1729/1692 1708/1727/1684
f 1732/1741/1708 1724/1735/1700 1708/1727/1684
f 1708/1727/1684 1705/1724/1681 1704/1723/1680
f 1732/1741/1708 1708/1727/1684 1704/1723/1680
f 1736/1745/1712 1732/1741/1708 1704/1723/1680
f 1738/1747/1714 1736/1745/1712 1704/1723/1680
f 1794/1790/1770 1796/1792/1772 1797/1793/1773
f 1797/1793/1773 1798/1794/1774 1799/1795/1775
f 1799/1795/1775 1800/1793/1776 1801/1792/1777
f 1797/1793/1773 1799/1795/1775 1801/1792/1777
f 1801/1792/1777 1802/1790/1778 1803/1791/1779
f 1803/1791/1779 1804/1796/1780 1805/1797/1781
f 1801/1792/1777 1803/1791/1779 1805/1797/1781
f 1805/1797/1781 1806/1798/1782 1807/1799/1783
f 1807/1799/1783 1808/1799/1784 1809/1800/1785
f 1805/1797/1781 1807/1799/1783 1809/1800/1785
f 1801/1792/1777 1805/1797/1781 1809/1800/1785
f 1797/1793/1773 1801/1792/1777 1809/1800/1785
f 1809/1800/1785 1810/1801/1786 1811/1802/1787
f 1797/1793/1773 1809/1800/1785 1811/1802/1787
f 1794/1790/1770 1797/1793/1773 1811/1802/1787
f 1795/1791/1771 1794/1790/1770 1811/1802/1787
s 3
f 1812/1803/1788 1813/1804/1789 1814/1805/1790
f 1814/1805/1790 1815/1806/1791 1812/1803/1788
f 1816/1807/1792 1812/1808/1788 1815/1809/1791
f 1815/1809/1791 1817/1810/1793 1816/1807/1792
f 1818/1811/1794 1816/1807/1792 1817/1810/1793
f 1817/1810/1793 1819/1812/1795 1818/1811/1794
f 1820/1813/1796 1818/1811/1794 1819/1812/1795
f 1819/1812/1795 1821/1814/1797 1820/1813/1796
f 1822/1815/1798 1820/1813/1796 1821/1814/1797
f 1821/1814/1797 1823/1816/1799 1822/1815/1798
f 1824/1817/1800 1822/1815/1798 1823/1816/1799
f 1823/1816/1799 1825/1818/1801 1824/1817/1800
f 1826/1819/1802 1824/1817/1800 1825/1818/1801
f 1825/1818/1801 1827/1820/1803 1826/1819/1802
f 1828/1821/1804 1826/1819/1802 1827/1820/1803
f 1827/1820/1803 1829/1822/1805 1828/1821/1804
f 1830/1823/1806 1828/1821/1804 1829/1822/1805
f 1829/1822/1805 1831/1824/1807 1830/1823/1806
f 1832/1825/1808 1830/1823/1806 1831/1824/1807
f 1831/1824/1807 1833/1826/1809 1832/1825/1808
f 1834/1827/1810 1832/1825/1808 1833/1826/1809
f 1833/1826/1809 1835/1828/1811 1834/1827/1810
f 1836/1829/1812 1834/1827/1810 1835/1828/1811
f 1835/1828/1811 1837/1830/1813 1836/1829/1812
f 1838/1831/1814 1836/1829/1812 1837/1830/1813
f 1837/1830/1813 1839/1832/1815 1838/1831/1814
f 1840/1833/1816 1838/1834/1814 1839/1835/1815
f 1839/1835/1815 1841/1836/1817 1840/1833/1816
f 1842/1837/1818 1840/1833/1816 1841/1836/1817
f 1841/1836/1817 1843/1838/1819 1842/1837/1818
f 1844/1839/1820 1842/1837/1818 1843/1838/1819
f 1843/1838/1819 1845/1840/1821 1844/1839/1820
f 1846/1841/1822 1844/1839/1820 1845/1840/1821
f 1845/1840/1821 1847/1842/1823 1846/1841/1822
f 1848/1843/1824 1846/1841/1822 1847/1842/1823
f 1847/1842/1823 1849/1844/1825 1848/1843/1824
f 1850/1845/1826 1848/1843/1824 1849/1844/1825
f 1849/1844/1825 1851/1846/1827 1850/1845/1826
f 1852/1847/1828 1850/1845/1826 1851/1846/1827
f 1851/1846/1827 1853/1848/1829 1852/1847/1828
f 1854/1849/1830 1852/1847/1828 1853/1848/1829
f 1853/1848/1829 1855/1850/1831 1854/1849/1830
f 1856/1851/1832 1854/1849/1830 1855/1850/1831
f 1855/1850/1831 1857/1852/1833 1856/1851/1832
f 1858/1853/1834 1856/1851/1832 1857/1852/1833
f 1857/1852/1833 1859/1854/1835 1858/1853/1834
f 1813/1804/1789 1858/1853/1834 1859/1854/1835
f 1859/1854/1835 1814/1805/1790 1813/1804/1789
f 1860/1855/1836 1861/1856/1837 1813/1804/1789
f 1813/1804/1789 1812/1803/1788 1860/1855/1836
f 1862/1857/1838 1860/1858/1836 1812/1808/1788
f 1812/1808/1788 1816/1807/1792 1862/1857/1838
f 1863/1859/1839 1862/1857/1838 1816/1807/1792
f 1816/1807/1792 1818/1811/1794 1863/1859/1839
f 1864/1860/1840 1863/1859/1839 1818/1811/1794
f 1818/1811/1794 1820/1813/1796 1864/1860/1840
f 1865/1861/1841 1864/1860/1840 1820/1813/1796
f 1820/1813/1796 1822/1815/1798 1865/1861/1841
f 1866/1862/1842 1865/1861/1841 1822/1815/1798
f 1822/1815/1798 1824/1817/1800 1866/1862/1842
f 1867/1863/1843 1866/1862/1842 1824/1817/1800
f 1824/1817/1800 1826/1819/1802 1867/1863/1843
f 1868/1864/1844 1867/1863/1843 1826/1819/1802
f 1826/1819/1802 1828/1821/1804 1868/1864/1844
f 1869/1865/1845 1868/1864/1844 1828/1821/1804
f 1828/1821/1804 1830/1823/1806 1869/1865/1845
f 1870/1866/1846 1869/1865/1845 1830/1823/1806
f 1830/1823/1806 1832/1825/1808 1870/1866/1846
f 1871/1867/1847 1870/1866/1846 1832/1825/1808
f 1832/1825/1808 1834/1827/1810 1871/1867/1847
f 1872/1868/1848 1871/1867/1847 1834/1827/1810
f 1834/1827/1810 1836/1829/1812 1872/1868/1848
f 1873/1869/1849 1872/1868/1848 1836/1829/1812
f 1836/1829/1812 1838/1831/1814 1873/1869/1849
f 1874/1870/1850 1873/1871/1849 1838/1834/1814
f 1838/1834/1814 1840/1833/1816 1874/1870/1850
f 1875/1872/1851 1874/1870/1850 1840/1833/1816
f 1840/1833/1816 1842/1837/1818 1875/1872/1851
f 1876/1873/1852 1875/1872/1851 1842/1837/1818
f 1842/1837/1818 1844/1839/1820 1876/1873/1852
f 1877/1874/1853 1876/1873/1852 1844/1839/1820
f 1844/1839/1820 1846/1841/1822 1877/1874/1853
f 1878/1875/1854 1877/1874/1853 1846/1841/1822
f 1846/1841/1822 1848/1843/1824 1878/1875/1854
f 1879/1876/1855 1878/1875/1854 1848/1843/1824
f 1848/1843/1824 1850/1845/1826 1879/1876/1855
f 1880/1877/1856 1879/1876/1855 1850/1845/1826
f 1850/1845/1826 1852/1847/1828 1880/1877/1856
f 1881/1878/1857 1880/1877/1856 1852/1847/1828
f 1852/1847/1828 1854/1849/1830 1881/1878/1857
f 1882/1879/1858 1881/1878/1857 1854/1849/1830
f 1854/1849/1830 1856/1851/1832 1882/1879/1858
f 1883/1880/1859 1882/1879/1858 1856/1851/1832
f 1856/1851/1832 1858/1853/1834 1883/1880/1859
f 1861/1856/1837 1883/1880/1859 1858/1853/1834
f 1858/1853/1834 1813/1804/1789 1861/1856/1837
f 1884/1881/1860 1885/1882/1861 1861/1856/1837
f 1861/1856/1837 1860/1855/1836 1884/1881/1860
f 1886/1883/1862 1884/1884/1860 1860/1858/1836
f 1860/1858/1836 1862/1857/1838 1886/1883/1862
f 1887/1885/1863 1886/1883/1862 1862/1857/1838
f 1862/1857/1838 1863/1859/1839 1887/1885/1863
f 1888/1886/1864 1887/1885/1863 1863/1859/1839
f 1863/1859/1839 1864/1860/1840 1888/1886/1864
f 1889/1887/1865 1888/1886/1864 1864/1860/1840
f 1864/1860/1840 1865/1861/1841 1889/1887/1865
f 1890/1888/1866 1889/1887/1865 1865/1861/1841
f 1865/1861/1841 1866/1862/1842 1890/1888/1866
f 1891/1889/1867 1890/1888/1866 1866/1862/1842
f 1866/1862/1842 1867/1863/1843 1891/1889/1867
f 1892/1890/1868 1891/1889/1867 1867/1863/1843
f 1867/1863/1843 1868/1864/1844 1892/1890/1868
f 1893/1891/1869 1892/1890/1868 1868/1864/1844
f 1868/1864/1844 1869/1865/1845 1893/1891/1869
f 1894/1892/1870 1893/1891/1869 1869/1865/1845
f 1869/1865/1845 1870/1866/1846 1894/1892/1870
f 1895/1893/1871 1894/1892/1870 1870/1866/1846
f 1870/1866/1846 1871/1867/1847 1895/1893/1871
f 1896/1894/1872 1895/1893/1871 1871/1867/1847
f 1871/1867/1847 1872/1868/1848 1896/1894/1872
f 1897/1895/1873 1896/1894/1872 1872/1868/1848
f 1872/1868/1848 1873/1869/1849 1897/1895/1873
f 1898/1896/1874 1897/1897/1873 1873/1871/1849
f 1873/1871/1849 1874/1870/1850 1898/1896/1874
f 1899/1898/1875 1898/1896/1874 1874/1870/1850
f 1874/1870/1850 1875/1872/1851 1899/1898/1875
f 1900/1899/1876 1899/1898/1875 1875/1872/1851
f 1875/1872/1851 1876/1873/1852 1900/1899/1876
f 1901/1900/1877 1900/1899/1876 1876/1873/1852
f 1876/1873/1852 1877/1874/1853 1901/1900/1877
f 1902/1901/1878 1901/1900/1877 1877/1874/1853
f 1877/1874/1853 1878/1875/1854 1902/1901/1878
f 1903/1902/1879 1902/1901/1878 1878/1875/1854
f 1878/1875/1854 1879/1876/1855 1903/1902/1879
f 1904/1903/1880 1903/1902/1879 1879/1876/1855
f 1879/1876/1855 1880/1877/1856 1904/1903/1880
f 1905/1904/1881 1904/1903/1880 1880/1877/1856
f 1880/1877/1856 1881/1878/1857 1905/1904/1881
f 1906/1905/1882 1905/1904/1881 1881/1878/1857
f 1881/1878/1857 1882/1879/1858 1906/1905/1882
f 1907/1906/1883 1906/1905/1882 1882/1879/1858
f 1882/1879/1858 1883/1880/1859 1907/1906/1883
f 1885/1882/1861 1907/1906/1883 1883/1880/1859
f 1883/1880/1859 1861/1856/1837 1885/1882/1861
f 1908/1907/1884 1909/1908/1885 1885/1882/1861
f 1885/1882/1861 1884/1881/1860 1908/1907/1884
f 1910/1909/1886 1908/1910/1884 1884/1884/1860
f 1884/1884/1860 1886/1883/1862 1910/1909/1886
f 1911/1911/1887 1910/1909/1886 1886/1883/1862
f 1886/1883/1862 1887/1885/1863 1911/1911/1887
f 1912/1912/1888 1911/1911/1887 1887/1885/1863
f 1887/1885/1863 1888/1886/1864 1912/1912/1888
f 1913/1913/1889 1912/1912/1888 1888/1886/1864
f 1888/1886/1864 1889/1887/1865 1913/1913/1889
f 1914/1914/1890 1913/1913/1889 1889/1887/1865
f 1889/1887/1865 1890/1888/1866 1914/1914/1890
f 1915/1915/1891 1914/1914/1890 1890/1888/1866
f 1890/1888/1866 1891/1889/1867 1915/1915/1891
f 1916/1916/1892 1915/1915/1891 1891/1889/1867
f 1891/1889/1867 1892/1890/1868 1916/1916/1892
f 1917/1917/1893 1916/1916/1892 1892/1890/1868
f 1892/1890/1868 1893/1891/1869 1917/1917/1893
f 1918/1918/1894 1917/1917/1893 1893/1891/1869
f 1893/1891/1869 1894/1892/1870 1918/1918/1894
f 1919/1919/1895 1918/1918/1894 1894/1892/1870
f 1894/1892/1870 1895/1893/1871 1919/1919/1895
f 1920/1920/1896 1919/1919/1895 1895/1893/1871
f 1895/1893/1871 1896/1894/1872 1920/1920/1896
f 1921/1921/1897 1920/1920/1896 1896/1894/1872
f 1896/1894/1872 1897/1895/1873 1921/1921/1897
f 1922/1922/1898 1921/1923/1897 1897/1897/1873
f 1897/1897/1873 1898/1896/1874 1922/1922/1898
f 1923/1924/1899 1922/1922/1898 1898/1896/1874
f 1898/1896/1874 1899/1898/1875 1923/1924/1899
f 1924/1925/1900 1923/1924/1899 1899/1898/1875
f 1899/1898/1875 1900/1899/1876 1924/1925/1900
f 1925/1926/1901 1924/1925/1900 1900/1899/1876
f 1900/1899/1876 1901/1900/1877 1925/1926/1901
f 1926/1927/1902 1925/1926/1901 1901/1900/1877
f 1901/1900/1877 1902/1901/1878 1926/1927/1902
f 1927/1928/1903 1926/1927/1902 1902/1901/1878
f 1902/1901/1878 1903/1902/1879 1927/1928/1903
f 1928/1929/1904 1927/1928/1903 1903/1902/1879
f 1903/1902/1879 1904/1903/1880 1928/1929/1904
f 1929/1930/1905 1928/1929/1904 1904/1903/1880
f 1904/1903/1880 1905/1904/1881 1929/1930/1905
f 1930/1931/1906 1929/1930/1905 1905/1904/1881
f 1905/1904/1881 1906/1905/1882 1930/1931/1906
f 1931/1932/1907 1930/1931/1906 1906/1905/1882
f 1906/1905/1882 1907/1906/1883 1931/1932/1907
f 1909/1908/1885 1931/1932/1907 1907/1906/1883
f 1907/1906/1883 1885/1882/1861 1909/1908/1885
f 1932/1933/1908 1933/1934/1909 1934/1935/1910
f 1934/1935/1910 1935/1936/1911 1932/1933/1908
f 1936/1937/1912 1932/1933/1908 1935/1936/1911
f 1935/1936/1911 1937/1938/1913 1936/1937/1912
f 1938/1939/1914 1936/1937/1912 1937/1938/1913
f 1937/1938/1913 1939/1940/1915 1938/1939/1914
f 1940/1941/1916 1938/1939/1914 1939/1940/1915
f 1939/1940/1915 1941/1942/1917 1940/1941/1916
f 1942/1943/1918 1940/1941/1916 1941/1942/1917
f 1941/1942/1917 1943/1944/1919 1942/1943/1918
f 1944/1945/1920 1942/1943/1918 1943/1944/1919
f 1943/1944/1919 1945/1946/1921 1944/1945/1920
f 1946/1947/1922 1944/1945/1920 1945/1946/1921
f 1945/1946/1921 1947/1948/1923 1946/1947/1922
f 1948/1949/1924 1946/1947/1922 1947/1948/1923
f 1947/1948/1923 1949/1950/1925 1948/1949/1924
f 1950/1951/1926 1948/1949/1924 1949/1950/1925
f 1949/1950/1925 1951/1952/1927 1950/1951/1926
f 1952/1953/1928 1950/1951/1926 1951/1952/1927
f 1951/1952/1927 1953/1954/1929 1952/1953/1928
f 1954/1955/1930 1952/1953/1928 1953/1954/1929
f 1953/1954/1929 1955/1956/1931 1954/1955/1930
f 1956/1957/1932 1954/1958/1930 1955/1959/1931
f 1955/1959/1931 1957/1960/1933 1956/1957/1932
f 1958/1961/1934 1956/1957/1932 1957/1960/1933
f 1957/1960/1933 1959/1962/1935 1958/1961/1934
f 1960/1963/1936 1958/1961/1934 1959/1962/1935
f 1959/1962/1935 1961/1964/1937 1960/1963/1936
f 1962/1965/1938 1960/1963/1936 1961/1964/1937
f 1961/1964/1937 1963/1966/1939 1962/1965/1938
f 1964/1967/1940 1962/1965/1938 1963/1966/1939
f 1963/1966/1939 1965/1968/1941 1964/1967/1940
f 1966/1969/1942 1964/1967/1940 1965/1968/1941
f 1965/1968/1941 1967/1970/1943 1966/1969/1942
f 1968/1971/1944 1966/1969/1942 1967/1970/1943
f 1967/1970/1943 1969/1972/1945 1968/1971/1944
f 1970/1973/1946 1968/1971/1944 1969/1972/1945
f 1969/1972/1945 1971/1974/1947 1970/1973/1946
f 1972/1975/1948 1970/1973/1946 1971/1974/1947
f 1971/1974/1947 1973/1976/1949 1972/1975/1948
f 1974/1977/1950 1972/1975/1948 1973/1976/1949
f 1973/1976/1949 1975/1978/1951 1974/1977/1950
f 1976/1979/1952 1974/1977/1950 1975/1978/1951
f 1975/1978/1951 1977/1980/1953 1976/1979/1952
f 1978/1981/1954 1976/1979/1952 1977/1980/1953
f 1977/1980/1953 1979/1982/1955 1978/1981/1954
f 1933/1934/1909 1978/1983/1954 1979/1984/1955
f 1979/1984/1955 1934/1935/1910 1933/1934/1909
f 1980/1985/1956 1981/1986/1957 1933/1934/1909
f 1933/1934/1909 1932/1933/1908 1980/1985/1956
f 1982/1987/1958 1980/1985/1956 1932/1933/1908
f 1932/1933/1908 1936/1937/1912 1982/1987/1958
f 1983/1988/1959 1982/1987/1958 1936/1937/1912
f 1936/1937/1912 1938/1939/1914 1983/1988/1959
f 1984/1989/1960 1983/1988/1959 1938/1939/1914
f 1938/1939/1914 1940/1941/1916 1984/1989/1960
f 1985/1990/1961 1984/1989/1960 1940/1941/1916
f 1940/1941/1916 1942/1943/1918 1985/1990/1961
f 1986/1991/1962 1985/1990/1961 1942/1943/1918
f 1942/1943/1918 1944/1945/1920 1986/1991/1962
f 1987/1992/1963 1986/1991/1962 1944/1945/1920
f 1944/1945/1920 1946/1947/1922 1987/1992/1963
f 1988/1993/1964 1987/1992/1963 1946/1947/1922
f 1946/1947/1922 1948/1949/1924 1988/1993/1964
f 1989/1994/1965 1988/1993/1964 1948/1949/1924
f 1948/1949/1924 1950/1951/1926 1989/1994/1965
f 1990/1995/1966 1989/1994/1965 1950/1951/1926
f 1950/1951/1926 1952/1953/1928 1990/1995/1966
f 1991/1996/1967 1990/1995/1966 1952/1953/1928
f 1952/1953/1928 1954/1955/1930 1991/1996/1967
f 1992/1997/1968 1991/1998/1967 1954/1958/1930
f 1954/1958/1930 1956/1957/1932 1992/1997/1968
f 1993/1999/1969 1992/1997/1968 1956/1957/1932
f 1956/1957/1932 1958/1961/1934 1993/1999/1969
f 1994/2000/1970 1993/1999/1969 1958/1961/1934
f 1958/1961/1934 1960/1963/1936 1994/2000/1970
f 1995/2001/1971 1994/2000/1970 1960/1963/1936
f 1960/1963/1936 1962/1965/1938 1995/2001/1971
f 1996/2002/1972 1995/2001/1971 1962/1965/1938
f 1962/1965/1938 1964/1967/1940 1996/2002/1972
f 1997/2003/1973 1996/2002/1972 1964/1967/1940
f 1964/1967/1940 1966/1969/1942 1997/2003/1973
f 1998/2004/1974 1997/2003/1973 1966/1969/1942
f 1966/1969/1942 1968/1971/1944 1998/2004/1974
f 1999/2005/1975 1998/2004/1974 1968/1971/1944
f 1968/1971/1944 1970/1973/1946 1999/2005/1975
f 2000/2006/1976 1999/2005/1975 1970/1973/1946
f 1970/1973/1946 1972/1975/1948 2000/2006/1976
f 2001/2007/1977 2000/2006/1976 1972/1975/1948
f 1972/1975/1948 1974/1977/1950 2001/2007/1977
f 2002/2008/1978 2001/2007/1977 1974/1977/1950
f 1974/1977/1950 1976/1979/1952 2002/2008/1978
f 2003/2009/1979 2002/2008/1978 1976/1979/1952
f 1976/1979/1952 1978/1981/1954 2003/2009/1979
f 1981/1986/1957 2003/2010/1979 1978/1983/1954
f 1978/1983/1954 1933/1934/1909 1981/1986/1957
f 2004/2011/1980 2005/2012/1981 1981/1986/1957
f 1981/1986/1957 1980/1985/1956 2004/2011/1980
f 2006/2013/1982 2004/2011/1980 1980/1985/1956
f 1980/1985/1956 1982/1987/1958 2006/2013/1982
f 2007/2014/1983 2006/2013/1982 1982/1987/1958
f 1982/1987/1958 1983/1988/1959 2007/2014/1983
f 2008/2015/1984 2007/2014/1983 1983/1988/1959
f 1983/1988/1959 1984/1989/1960 2008/2015/1984
f 2009/2016/1985 2008/2015/1984 1984/1989/1960
f 1984/1989/1960 1985/1990/1961 2009/2016/1985
f 2010/2017/1986 2009/2016/1985 1985/1990/1961
f 1985/1990/1961 1986/1991/1962 2010/2017/1986
f 2011/2018/1987 2010/2017/1986 1986/1991/1962
f 1986/1991/1962 1987/1992/1963 2011/2018/1987
f 2012/2019/1988 2011/2018/1987 1987/1992/1963
f 1987/1992/1963 1988/1993/1964 2012/2019/1988
f 2013/2020/1989 2012/2019/1988 1988/1993/1964
f 1988/1993/1964 1989/1994/1965 2013/2020/1989
f 2014/2021/1990 2013/2020/1989 1989/1994/1965
f 1989/1994/1965 1990/1995/1966 2014/2021/1990
f 2015/2022/1991 2014/2021/1990 1990/1995/1966
f 1990/1995/1966 1991/1996/1967 2015/2022/1991
f 2016/2023/1992 2015/2024/1991 1991/1998/1967
f 1991/1998/1967 1992/1997/1968 2016/2023/1992
f 2017/2025/1993 2016/2023/1992 1992/1997/1968
f 1992/1997/1968 1993/1999/1969 2017/2025/1993
f 2018/2026/1994 2017/2025/1993 1993/1999/1969
f 1993/1999/1969 1994/2000/1970 2018/2026/1994
f 2019/2027/1995 2018/2026/1994 1994/2000/1970
f 1994/2000/1970 1995/2001/1971 2019/2027/1995
f 2020/2028/1996 2019/2027/1995 1995/2001/1971
f 1995/2001/1971 1996/2002/1972 2020/2028/1996
f 2021/2029/1997 2020/2028/1996 1996/2002/1972
f 1996/2002/1972 1997/2003/1973 2021/2029/1997
f 2022/2030/1998 2021/2029/1997 1997/2003/1973
f 1997/2003/1973 1998/2004/1974 2022/2030/1998
f 2023/2031/1999 2022/2030/1998 1998/2004/1974
f 1998/2004/1974 1999/2005/1975 2023/2031/1999
f 2024/2032/2000 2023/2031/1999 1999/2005/1975
f 1999/2005/1975 2000/2006/1976 2024/2032/2000
f 2025/2033/2001 2024/2032/2000 2000/2006/1976
f 2000/2006/1976 2001/2007/1977 2025/2033/2001
f 2026/2034/2002 2025/2033/2001 2001/2007/1977
f 2001/2007/1977 2002/2008/1978 2026/2034/2002
f 2027/2035/2003 2026/2034/2002 2002/2008/1978
f 2002/2008/1978 2003/2009/1979 2027/2035/2003
f 2005/2012/1981 2027/2036/2003 2003/2010/1979
f 2003/2010/1979 1981/1986/1957 2005/2012/1981
f 2028/2037/2004 2029/2038/2005 2005/2012/1981
f 2005/2012/1981 2004/2011/1980 2028/2037/2004
f 2030/2039/2006 2028/2037/2004 2004/2011/1980
f 2004/2011/1980 2006/2013/1982 2030/2039/2006
f 2031/2040/2007 2030/2039/2006 2006/2013/1982
f 2006/2013/1982 2007/2014/1983 2031/2040/2007
f 2032/2041/2008 2031/2040/2007 2007/2014/1983
f 2007/2014/1983 2008/2015/1984 2032/2041/2008
f 2033/2042/2009 2032/2041/2008 2008/2015/1984
f 2008/2015/1984 2009/2016/1985 2033/2042/2009
f 2034/2043/2010 2033/2042/2009 2009/2016/1985
f 2009/2016/1985 2010/2017/1986 2034/2043/2010
f 2035/2044/2011 2034/2043/2010 2010/2017/1986
f 2010/2017/1986 2011/2018/1987 2035/2044/2011
f 2036/2045/2012 2035/2044/2011 2011/2018/1987
f 2011/2018/1987 2012/2019/1988 2036/2045/2012
f 2037/2046/2013 2036/2045/2012 2012/2019/1988
f 2012/2019/1988 2013/2020/1989 2037/2046/2013
f 2038/2047/2014 2037/2046/2013 2013/2020/1989
f 2013/2020/1989 2014/2021/1990 2038/2047/2014
f 2039/2048/2015 2038/2047/2014 2014/2021/1990
f 2014/2021/1990 2015/2022/1991 2039/2048/2015
f 2040/2049/2016 2039/2048/2015 2015/2022/1991
f 2015/2022/1991 2016/2050/1992 2040/2049/2016
f 2041/2051/2017 2040/2052/2016 2016/2023/1992
f 2016/2023/1992 2017/2025/1993 2041/2051/2017
f 2042/2053/2018 2041/2051/2017 2017/2025/1993
f 2017/2025/1993 2018/2026/1994 2042/2053/2018
f 2043/2054/2019 2042/2053/2018 2018/2026/1994
f 2018/2026/1994 2019/2027/1995 2043/2054/2019
f 2044/2055/2020 2043/2054/2019 2019/2027/1995
f 2019/2027/1995 2020/2028/1996 2044/2055/2020
f 2045/2056/2021 2044/2055/2020 2020/2028/1996
f 2020/2028/1996 2021/2029/1997 2045/2056/2021
f 2046/2057/2022 2045/2056/2021 2021/2029/1997
f 2021/2029/1997 2022/2030/1998 2046/2057/2022
f 2047/2058/2023 2046/2057/2022 2022/2030/1998
f 2022/2030/1998 2023/2031/1999 2047/2058/2023
f 2048/2059/2024 2047/2058/2023 2023/2031/1999
f 2023/2031/1999 2024/2032/2000 2048/2059/2024
f 2049/2060/2025 2048/2059/2024 2024/2032/2000
f 2024/2032/2000 2025/2033/2001 2049/2060/2025
f 2050/2061/2026 2049/2060/2025 2025/2033/2001
f 2025/2033/2001 2026/2034/2002 2050/2061/2026
f 2051/2062/2027 2050/2061/2026 2026/2034/2002
f 2026/2034/2002 2027/2035/2003 2051/2062/2027
f 2029/2063/2005 2051/2062/2027 2027/2035/2003
f 2027/2035/2003 2005/2064/1981 2029/2063/2005
f 2052/2065/2028 2053/2066/2029 2029/2038/2005
f 2029/2038/2005 2028/2037/2004 2052/2065/2028
f 2054/2067/2030 2052/2065/2028 2028/2037/2004
f 2028/2037/2004 2030/2039/2006 2054/2067/2030
f 2055/2068/2031 2054/2067/2030 2030/2039/2006
f 2030/2039/2006 2031/2040/2007 2055/2068/2031
f 2056/2069/2032 2055/2068/2031 2031/2040/2007
f 2031/2040/2007 2032/2041/2008 2056/2069/2032
f 2057/2070/2033 2056/2069/2032 2032/2041/2008
f 2032/2041/2008 2033/2042/2009 2057/2070/2033
f 2058/2071/2034 2057/2070/2033 2033/2042/2009
f 2033/2042/2009 2034/2043/2010 2058/2071/2034
f 2059/2072/2035 2058/2071/2034 2034/2043/2010
f 2034/2043/2010 2035/2044/2011 2059/2072/2035
f 2060/2073/2036 2059/2072/2035 2035/2044/2011
f 2035/2044/2011 2036/2045/2012 2060/2073/2036
f 2061/2074/2037 2060/2073/2036 2036/2045/2012
f 2036/2045/2012 2037/2046/2013 2061/2074/2037
f 2062/2075/2038 2061/2074/2037 2037/2046/2013
f 2037/2046/2013 2038/2047/2014 2062/2075/2038
f 2063/2076/2039 2062/2075/2038 2038/2047/2014
f 2038/2047/2014 2039/2048/2015 2063/2076/2039
f 2064/2077/2040 2063/2076/2039 2039/2048/2015
f 2039/2048/2015 2040/2049/2016 2064/2077/2040
f 2065/2078/2041 2064/2079/2040 2040/2052/2016
f 2040/2052/2016 2041/2051/2017 2065/2078/2041
f 2066/2080/2042 2065/2078/2041 2041/2051/2017
f 2041/2051/2017 2042/2053/2018 2066/2080/2042
f 2067/2081/2043 2066/2080/2042 2042/2053/2018
f 2042/2053/2018 2043/2054/2019 2067/2081/2043
f 2068/2082/2044 2067/2081/2043 2043/2054/2019
f 2043/2054/2019 2044/2055/2020 2068/2082/2044
f 2069/2083/2045 2068/2082/2044 2044/2055/2020
f 2044/2055/2020 2045/2056/2021 2069/2083/2045
f 2070/2084/2046 2069/2083/2045 2045/2056/2021
f 2045/2056/2021 2046/2057/2022 2070/2084/2046
f 2071/2085/2047 2070/2084/2046 2046/2057/2022
f 2046/2057/2022 2047/2058/2023 2071/2085/2047
f 2072/2086/2048 2071/2085/2047 2047/2058/2023
f 2047/2058/2023 2048/2059/2024 2072/2086/2048
f 2073/2087/2049 2072/2086/2048 2048/2059/2024
f 2048/2059/2024 2049/2060/2025 2073/2087/2049
f 2074/2088/2050 2073/2087/2049 2049/2060/2025
f 2049/2060/2025 2050/2061/2026 2074/2088/2050
f 2075/2089/2051 2074/2088/2050 2050/2061/2026
f 2050/2061/2026 2051/2062/2027 2075/2089/2051
f 2053/2090/2029 2075/2089/2051 2051/2062/2027
f 2051/2062/2027 2029/2063/2005 2053/2090/2029
f 2076/2091/2052 2077/2092/2053 2053/2066/2029
f 2053/2066/2029 2052/2065/2028 2076/2091/2052
f 2078/2093/2054 2076/2091/2052 2052/2065/2028
f 2052/2065/2028 2054/2067/2030 2078/2093/2054
f 2079/2094/2055 2078/2093/2054 2054/2067/2030
f 2054/2067/2030 2055/2068/2031 2079/2094/2055
f 2080/2095/2056 2079/2094/2055 2055/2068/2031
f 2055/2068/2031 2056/2069/2032 2080/2095/2056
f 2081/2096/2057 2080/2095/2056 2056/2069/2032
f 2056/2069/2032 2057/2070/2033 2081/2096/2057
f 2082/2097/2058 2081/2096/2057 2057/2070/2033
f 2057/2070/2033 2058/2071/2034 2082/2097/2058
f 2083/2098/2059 2082/2097/2058 2058/2071/2034
f 2058/2071/2034 2059/2072/2035 2083/2098/2059
f 2084/2099/2060 2083/2098/2059 2059/2072/2035
f 2059/2072/2035 2060/2073/2036 2084/2099/2060
f 2085/2100/2061 2084/2099/2060 2060/2073/2036
f 2060/2073/2036 2061/2074/2037 2085/2100/2061
f 2086/2101/2062 2085/2100/2061 2061/2074/2037
f 2061/2074/2037 2062/2075/2038 2086/2101/2062
f 2087/2102/2063 2086/2101/2062 2062/2075/2038
f 2062/2075/2038 2063/2076/2039 2087/2102/2063
f 2088/2103/2064 2087/2102/2063 2063/2076/2039
f 2063/2076/2039 2064/2077/2040 2088/2103/2064
f 2089/2104/2065 2088/2105/2064 2064/2079/2040
f 2064/2079/2040 2065/2078/2041 2089/2104/2065
f 2090/2106/2066 2089/2104/2065 2065/2078/2041
f 2065/2078/2041 2066/2080/2042 2090/2106/2066
f 2091/2107/2067 2090/2106/2066 2066/2080/2042
f 2066/2080/2042 2067/2081/2043 2091/2107/2067
f 2092/2108/2068 2091/2107/2067 2067/2081/2043
f 2067/2081/2043 2068/2082/2044 2092/2108/2068
f 2093/2109/2069 2092/2108/2068 2068/2082/2044
f 2068/2082/2044 2069/2083/2045 2093/2109/2069
f 2094/2110/2070 2093/2109/2069 2069/2083/2045
f 2069/2083/2045 2070/2084/2046 2094/2110/2070
f 2095/2111/2071 2094/2110/2070 2070/2084/2046
f 2070/2084/2046 2071/2085/2047 2095/2111/2071
f 2096/2112/2072 2095/2111/2071 2071/2085/2047
f 2071/2085/2047 2072/2086/2048 2096/2112/2072
f 2097/2113/2073 2096/2112/2072 2072/2086/2048
f 2072/2086/2048 2073/2087/2049 2097/2113/2073
f 2098/2114/2074 2097/2113/2073 2073/2087/2049
f 2073/2087/2049 2074/2088/2050 2098/2114/2074
f 2099/2115/2075 2098/2114/2074 2074/2088/2050
f 2074/2088/2050 2075/2089/2051 2099/2115/2075
f 2077/2116/2053 2099/2115/2075 2075/2089/2051
f 2075/2089/2051 2053/2090/2029 2077/2116/2053
f 2100/2117/2076 2101/2118/2077 2077/2092/2053
f 2077/2092/2053 2076/2091/2052 2100/2117/2076
f 2102/2119/2078 2100/2117/2076 2076/2091/2052
f 2076/2091/2052 2078/2093/2054 2102/2119/2078
f 2103/2120/2079 2102/2119/2078 2078/2093/2054
f 2078/2093/2054 2079/2094/2055 2103/2120/2079
f 2104/2121/2080 2103/2120/2079 2079/2094/2055
f 2079/2094/2055 2080/2095/2056 2104/2121/2080
f 2105/2122/2081 2104/2121/2080 2080/2095/2056
f 2080/2095/2056 2081/2096/2057 2105/2122/2081
f 2106/2123/2082 2105/2122/2081 2081/2096/2057
f 2081/2096/2057 2082/2097/2058 2106/2123/2082
f 2107/2124/2083 2106/2123/2082 2082/2097/2058
f 2082/2097/2058 2083/2098/2059 2107/2124/2083
f 2108/2125/2084 2107/2124/2083 2083/2098/2059
f 2083/2098/2059 2084/2099/2060 2108/2125/2084
f 2109/2126/2085 2108/2125/2084 2084/2099/2060
f 2084/2099/2060 2085/2100/2061 2109/2126/2085
f 2110/2127/2086 2109/2126/2085 2085/2100/2061
f 2085/2100/2061 2086/2101/2062 2110/2127/2086
f 2111/2128/2087 2110/2127/2086 2086/2101/2062
f 2086/2101/2062 2087/2102/2063 2111/2128/2087
f 2112/2129/2088 2111/2128/2087 2087/2102/2063
f 2087/2102/2063 2088/2103/2064 2112/2129/2088
f 2113/2130/2089 2112/2131/2088 2088/2105/2064
f 2088/2105/2064 2089/2104/2065 2113/2130/2089
f 2114/2132/2090 2113/2130/2089 2089/2104/2065
f 2089/2104/2065 2090/2106/2066 2114/2132/2090
f 2115/2133/2091 2114/2132/2090 2090/2106/2066
f 2090/2106/2066 2091/2107/2067 2115/2133/2091
f 2116/2134/2092 2115/2133/2091 2091/2107/2067
f 2091/2107/2067 2092/2108/2068 2116/2134/2092
f 2117/2135/2093 2116/2134/2092 2092/2108/2068
f 2092/2108/2068 2093/2109/2069 2117/2135/2093
f 2118/2136/2094 2117/2135/2093 2093/2109/2069
f 2093/2109/2069 2094/2110/2070 2118/2136/2094
f 2119/2137/2095 2118/2136/2094 2094/2110/2070
f 2094/2110/2070 2095/2111/2071 2119/2137/2095
f 2120/2138/2096 2119/2137/2095 2095/2111/2071
f 2095/2111/2071 2096/2112/2072 2120/2138/2096
f 2121/2139/2097 2120/2138/2096 2096/2112/2072
f 2096/2112/2072 2097/2113/2073 2121/2139/2097
f 2122/2140/2098 2121/2139/2097 2097/2113/2073
f 2097/2113/2073 2098/2114/2074 2122/2140/2098
f 2123/2141/2099 2122/2140/2098 2098/2114/2074
f 2098/2114/2074 2099/2115/2075 2123/2141/2099
f 2101/2142/2077 2123/2141/2099 2099/2115/2075
f 2099/2115/2075 2077/2116/2053 2101/2142/2077
f 2124/2143/2100 2125/2144/2101 2101/2118/2077
f 2101/2118/2077 2100/2117/2076 2124/2143/2100
f 2126/2145/2102 2124/2143/2100 2100/2117/2076
f 2100/2117/2076 2102/2119/2078 2126/2145/2102
f 2127/2146/2103 2126/2145/2102 2102/2119/2078
f 2102/2119/2078 2103/2120/2079 2127/2146/2103
f 2128/2147/2104 2127/2146/2103 2103/2120/2079
f 2103/2120/2079 2104/2121/2080 2128/2147/2104
f 2129/2148/2105 2128/2147/2104 2104/2121/2080
f 2104/2121/2080 2105/2122/2081 2129/2148/2105
f 2130/2149/2106 2129/2148/2105 2105/2122/2081
f 2105/2122/2081 2106/2123/2082 2130/2149/2106
f 2131/2150/2107 2130/2149/2106 2106/2123/2082
f 2106/2123/2082 2107/2124/2083 2131/2150/2107
f 2132/2151/2108 2131/2150/2107 2107/2124/2083
f 2107/2124/2083 2108/2125/2084 2132/2151/2108
f 2133/2152/2109 2132/2151/2108 2108/2125/2084
f 2108/2125/2084 2109/2126/2085 2133/2152/2109
f 2134/2153/2110 2133/2152/2109 2109/2126/2085
f 2109/2126/2085 2110/2127/2086 2134/2153/2110
f 2135/2154/2111 2134/2153/2110 2110/2127/2086
f 2110/2127/2086 2111/2128/2087 2135/2154/2111
f 2136/2155/2112 2135/2154/2111 2111/2128/2087
f 2111/2128/2087 2112/2129/2088 2136/2155/2112
f 2137/2156/2113 2136/2157/2112 2112/2131/2088
f 2112/2131/2088 2113/2130/2089 2137/2156/2113
f 2138/2158/2114 2137/2156/2113 2113/2130/2089
f 2113/2130/2089 2114/2132/2090 2138/2158/2114
f 2139/2159/2115 2138/2158/2114 2114/2132/2090
f 2114/2132/2090 2115/2133/2091 2139/2159/2115
f 2140/2160/2116 2139/2159/2115 2115/2133/2091
f 2115/2133/2091 2116/2134/2092 2140/2160/2116
f 2141/2161/2117 2140/2160/2116 2116/2134/2092
f 2116/2134/2092 2117/2135/2093 2141/2161/2117
f 2142/2162/2118 2141/2161/2117 2117/2135/2093
f 2117/2135/2093 2118/2136/2094 2142/2162/2118
f 2143/2163/2119 2142/2162/2118 2118/2136/2094
f 2118/2136/2094 2119/2137/2095 2143/2163/2119
f 2144/2164/2120 2143/2163/2119 2119/2137/2095
f 2119/2137/2095 2120/2138/2096 2144/2164/2120
f 2145/2165/2121 2144/2164/2120 2120/2138/2096
f 2120/2138/2096 2121/2139/2097 2145/2165/2121
f 2146/2166/2122 2145/2165/2121 2121/2139/2097
f 2121/2139/2097 2122/2140/2098 2146/2166/2122
f 2147/2167/2123 2146/2166/2122 2122/2140/2098
f 2122/2140/2098 2123/2141/2099 2147/2167/2123
f 2125/2168/2101 2147/2167/2123 2123/2141/2099
f 2123/2141/2099 2101/2142/2077 2125/2168/2101
f 2148/2169/2124 2149/2170/2125 2125/2144/2101
f 2125/2144/2101 2124/2143/2100 2148/2169/2124
f 2150/2171/2126 2148/2169/2124 2124/2143/2100
f 2124/2143/2100 2126/2145/2102 2150/2171/2126
f 2151/2172/2127 2150/2171/2126 2126/2145/2102
f 2126/2145/2102 2127/2146/2103 2151/2172/2127
f 2152/2173/2128 2151/2172/2127 2127/2146/2103
f 2127/2146/2103 2128/2147/2104 2152/2173/2128
f 2153/2174/2129 2152/2173/2128 2128/2147/2104
f 2128/2147/2104 2129/2148/2105 2153/2174/2129
f 2154/2175/2130 2153/2174/2129 2129/2148/2105
f 2129/2148/2105 2130/2149/2106 2154/2175/2130
f 2155/2176/2131 2154/2175/2130 2130/2149/2106
f 2130/2149/2106 2131/2150/2107 2155/2176/2131
f 2156/2177/2132 2155/2176/2131 2131/2150/2107
f 2131/2150/2107 2132/2151/2108 2156/2177/2132
f 2157/2178/2133 2156/2177/2132 2132/2151/2108
f 2132/2151/2108 2133/2152/2109 2157/2178/2133
f 2158/2179/2134 2157/2178/2133 2133/2152/2109
f 2133/2152/2109 2134/2153/2110 2158/2179/2134
f 2159/2180/2135 2158/2179/2134 2134/2153/2110
f 2134/2153/2110 2135/2154/2111 2159/2180/2135
f 2160/2181/2136 2159/2182/2135 2135/2183/2111
f 2135/2183/2111 2136/2157/2112 2160/2181/2136
f 2161/2184/2137 2160/2181/2136 2136/2157/2112
f 2136/2157/2112 2137/2156/2113 2161/2184/2137
f 2162/2185/2138 2161/2184/2137 2137/2156/2113
f 2137/2156/2113 2138/2158/2114 2162/2185/2138
f 2163/2186/2139 2162/2185/2138 2138/2158/2114
f 2138/2158/2114 2139/2159/2115 2163/2186/2139
f 2164/2187/2140 2163/2186/2139 2139/2159/2115
f 2139/2159/2115 2140/2160/2116 2164/2187/2140
f 2165/2188/2141 2164/2187/2140 2140/2160/2116
f 2140/2160/2116 2141/2161/2117 2165/2188/2141
f 2166/2189/2142 2165/2188/2141 2141/2161/2117
f 2141/2161/2117 2142/2162/2118 2166/2189/2142
f 2167/2190/2143 2166/2189/2142 2142/2162/2118
f 2142/2162/2118 2143/2163/2119 2167/2190/2143
f 2168/2191/2144 2167/2190/2143 2143/2163/2119
f 2143/2163/2119 2144/2164/2120 2168/2191/2144
f 2169/2192/2145 2168/2191/2144 2144/2164/2120
f 2144/2164/2120 2145/2165/2121 2169/2192/2145
f 2170/2193/2146 2169/2192/2145 2145/2165/2121
f 2145/2165/2121 2146/2166/2122 2170/2193/2146
f 2171/2194/2147 2170/2193/2146 2146/2166/2122
f 2146/2166/2122 2147/2167/2123 2171/2194/2147
f 2149/2170/2125 2171/2195/2147 2147/2196/2123
f 2147/2196/2123 2125/2144/2101 2149/2170/2125
f 2172/2197/2148 2173/2198/2149 2149/2170/2125
f 2149/2170/2125 2148/2169/2124 2172/2197/2148
f 2174/2199/2150 2172/2197/2148 2148/2169/2124
f 2148/2169/2124 2150/2171/2126 2174/2199/2150
f 2175/2200/2151 2174/2199/2150 2150/2171/2126
f 2150/2171/2126 2151/2172/2127 2175/2200/2151
f 2176/2201/2152 2175/2200/2151 2151/2172/2127
f 2151/2172/2127 2152/2173/2128 2176/2201/2152
f 2177/2202/2153 2176/2201/2152 2152/2173/2128
f 2152/2173/2128 2153/2174/2129 2177/2202/2153
f 2178/2203/2154 2177/2202/2153 2153/2174/2129
f 2153/2174/2129 2154/2175/2130 2178/2203/2154
f 2179/2204/2155 2178/2203/2154 2154/2175/2130
f 2154/2175/2130 2155/2176/2131 2179/2204/2155
f 2180/2205/2156 2179/2206/2155 2155/2207/2131
f 2155/2207/2131 2156/2208/2132 2180/2205/2156
f 2181/2209/2157 2180/2205/2156 2156/2208/2132
f 2156/2208/2132 2157/2210/2133 2181/2209/2157
f 2182/2211/2158 2181/2209/2157 2157/2210/2133
f 2157/2210/2133 2158/2212/2134 2182/2211/2158
f 2183/2213/2159 2182/2211/2158 2158/2212/2134
f 2158/2212/2134 2159/2182/2135 2183/2213/2159
f 2184/2214/2160 2183/2213/2159 2159/2182/2135
f 2159/2182/2135 2160/2181/2136 2184/2214/2160
f 2185/2215/2161 2184/2214/2160 2160/2181/2136
f 2160/2181/2136 2161/2184/2137 2185/2215/2161
f 2186/2216/2162 2185/2215/2161 2161/2184/2137
f 2161/2184/2137 2162/2185/2138 2186/2216/2162
f 2187/2217/2163 2186/2216/2162 2162/2185/2138
f 2162/2185/2138 2163/2186/2139 2187/2217/2163
f 2188/2218/2164 2187/2217/2163 2163/2186/2139
f 2163/2186/2139 2164/2187/2140 2188/2218/2164
f 2189/2219/2165 2188/2218/2164 2164/2187/2140
f 2164/2187/2140 2165/2188/2141 2189/2219/2165
f 2190/2220/2166 2189/2219/2165 2165/2188/2141
f 2165/2188/2141 2166/2189/2142 2190/2220/2166
f 2191/2221/2167 2190/2220/2166 2166/2189/2142
f 2166/2189/2142 2167/2190/2143 2191/2221/2167
f 2192/2222/2168 2191/2223/2167 2167/2224/2143
f 2167/2224/2143 2168/2225/2144 2192/2222/2168
f 2193/2226/2169 2192/2222/2168 2168/2225/2144
f 2168/2225/2144 2169/2227/2145 2193/2226/2169
f 2194/2228/2170 2193/2226/2169 2169/2227/2145
f 2169/2227/2145 2170/2229/2146 2194/2228/2170
f 2195/2230/2171 2194/2228/2170 2170/2229/2146
f 2170/2229/2146 2171/2195/2147 2195/2230/2171
f 2173/2198/2149 2195/2230/2171 2171/2195/2147
f 2171/2195/2147 2149/2170/2125 2173/2198/2149
f 2196/2231/2172 2197/2232/2173 2173/2198/2149
f 2173/2198/2149 2172/2197/2148 2196/2231/2172
f 2198/2233/2174 2196/2231/2172 2172/2197/2148
f 2172/2197/2148 2174/2199/2150 2198/2233/2174
f 2199/2234/2175 2198/2233/2174 2174/2199/2150
f 2174/2199/2150 2175/2200/2151 2199/2234/2175
f 2200/2235/2176 2199/2236/2175 2175/2237/2151
f 2175/2237/2151 2176/2238/2152 2200/2235/2176
f 2201/2239/2177 2200/2235/2176 2176/2238/2152
f 2176/2238/2152 2177/2240/2153 2201/2239/2177
f 2202/2241/2178 2201/2239/2177 2177/2240/2153
f 2177/2240/2153 2178/2242/2154 2202/2241/2178
f 2203/2243/2179 2202/2241/2178 2178/2242/2154
f 2178/2242/2154 2179/2206/2155 2203/2243/2179
f 2204/2244/2180 2203/2243/2179 2179/2206/2155
f 2179/2206/2155 2180/2205/2156 2204/2244/2180
f 2205/2245/2181 2204/2244/2180 2180/2205/2156
f 2180/2205/2156 2181/2209/2157 2205/2245/2181
f 2206/2246/2182 2205/2245/2181 2181/2209/2157
f 2181/2209/2157 2182/2211/2158 2206/2246/2182
f 2207/2247/2183 2206/2246/2182 2182/2211/2158
f 2182/2211/2158 2183/2213/2159 2207/2247/2183
f 2208/2248/2184 2207/2247/2183 2183/2213/2159
f 2183/2213/2159 2184/2214/2160 2208/2248/2184
f 2209/2249/2185 2208/2248/2184 2184/2214/2160
f 2184/2214/2160 2185/2215/2161 2209/2249/2185
f 2210/2250/2186 2209/2249/2185 2185/2215/2161
f 2185/2215/2161 2186/2216/2162 2210/2250/2186
f 2211/2251/2187 2210/2250/2186 2186/2216/2162
f 2186/2216/2162 2187/2217/2163 2211/2251/2187
f 2212/2252/2188 2211/2253/2187 2187/2254/2163
f 2187/2254/2163 2188/2255/2164 2212/2252/2188
f 2213/2256/2189 2212/2252/2188 2188/2255/2164
f 2188/2255/2164 2189/2257/2165 2213/2256/2189
f 2214/2258/2190 2213/2256/2189 2189/2257/2165
f 2189/2257/2165 2190/2259/2166 2214/2258/2190
f 2215/2260/2191 2214/2258/2190 2190/2259/2166
f 2190/2259/2166 2191/2223/2167 2215/2260/2191
f 2216/2261/2192 2215/2260/2191 2191/2223/2167
f 2191/2223/2167 2192/2222/2168 2216/2261/2192
f 2217/2262/2193 2216/2261/2192 2192/2222/2168
f 2192/2222/2168 2193/2226/2169 2217/2262/2193
f 2218/2263/2194 2217/2262/2193 2193/2226/2169
f 2193/2226/2169 2194/2228/2170 2218/2263/2194
f 2219/2264/2195 2218/2263/2194 2194/2228/2170
f 2194/2228/2170 2195/2230/2171 2219/2264/2195
f 2197/2232/2173 2219/2264/2195 2195/2230/2171
f 2195/2230/2171 2173/2198/2149 2197/2232/2173
f 2220/2265/2196 2221/2266/2197 2197/2232/2173
f 2197/2232/2173 2196/2231/2172 2220/2265/2196
f 2222/2267/2198 2220/2265/2196 2196/2231/2172
f 2196/2231/2172 2198/2233/2174 2222/2267/2198
f 2223/2268/2199 2222/2269/2198 2198/2270/2174
f 2198/2270/2174 2199/2236/2175 2223/2268/2199
f 2224/2271/2200 2223/2268/2199 2199/2236/2175
f 2199/2236/2175 2200/2235/2176 2224/2271/2200
f 2225/2272/2201 2224/2271/2200 2200/2235/2176
f 2200/2235/2176 2201/2239/2177 2225/2272/2201
f 2226/2273/2202 2225/2272/2201 2201/2239/2177
f 2201/2239/2177 2202/2241/2178 2226/2273/2202
f 2227/2274/2203 2226/2273/2202 2202/2241/2178
f 2202/2241/2178 2203/2243/2179 2227/2274/2203
f 2228/2275/2204 2227/2274/2203 2203/2243/2179
f 2203/2243/2179 2204/2244/2180 2228/2275/2204
f 2229/2276/2205 2228/2275/2204 2204/2244/2180
f 2204/2244/2180 2205/2245/2181 2229/2276/2205
f 2230/2277/2206 2229/2276/2205 2205/2245/2181
f 2205/2245/2181 2206/2246/2182 2230/2277/2206
f 2231/2278/2207 2230/2277/2206 2206/2246/2182
f 2206/2246/2182 2207/2247/2183 2231/2278/2207
f 2232/2279/2208 2231/2278/2207 2207/2247/2183
f 2207/2247/2183 2208/2248/2184 2232/2279/2208
f 2233/2280/2209 2232/2279/2208 2208/2248/2184
f 2208/2248/2184 2209/2249/2185 2233/2280/2209
f 2234/2281/2210 2233/2280/2209 2209/2249/2185
f 2209/2249/2185 2210/2250/2186 2234/2281/2210
f 2235/2282/2211 2234/2283/2210 2210/2284/2186
f 2210/2284/2186 2211/2253/2187 2235/2282/2211
f 2236/2285/2212 2235/2282/2211 2211/2253/2187
f 2211/2253/2187 2212/2252/2188 2236/2285/2212
f 2237/2286/2213 2236/2285/2212 2212/2252/2188
f 2212/2252/2188 2213/2256/2189 2237/2286/2213
f 2238/2287/2214 2237/2286/2213 2213/2256/2189
f 2213/2256/2189 2214/2258/2190 2238/2287/2214
f 2239/2288/2215 2238/2287/2214 2214/2258/2190
f 2214/2258/2190 2215/2260/2191 2239/2288/2215
f 2240/2289/2216 2239/2288/2215 2215/2260/2191
f 2215/2260/2191 2216/2261/2192 2240/2289/2216
f 2241/2290/2217 2240/2289/2216 2216/2261/2192
f 2216/2261/2192 2217/2262/2193 2241/2290/2217
f 2242/2291/2218 2241/2290/2217 2217/2262/2193
f 2217/2262/2193 2218/2263/2194 2242/2291/2218
f 2243/2292/2219 2242/2291/2218 2218/2263/2194
f 2218/2263/2194 2219/2264/2195 2243/2292/2219
f 2221/2266/2197 2243/2292/2219 2219/2264/2195
f 2219/2264/2195 2197/2232/2173 2221/2266/2197
f 2244/2293/2220 2245/2294/2221 2221/2266/2197
f 2221/2266/2197 2220/2265/2196 2244/2293/2220
f 2246/2295/2222 2244/2293/2220 2220/2265/2196
f 2220/2265/2196 2222/2267/2198 2246/2295/2222
f 2247/2296/2223 2246/2297/2222 2222/2269/2198
f 2222/2269/2198 2223/2268/2199 2247/2296/2223
f 2248/2298/2224 2247/2296/2223 2223/2268/2199
f 2223/2268/2199 2224/2271/2200 2248/2298/2224
f 2249/2299/2225 2248/2298/2224 2224/2271/2200
f 2224/2271/2200 2225/2272/2201 2249/2299/2225
f 2250/2300/2226 2249/2299/2225 2225/2272/2201
f 2225/2272/2201 2226/2273/2202 2250/2300/2226
f 2251/2301/2227 2250/2300/2226 2226/2273/2202
f 2226/2273/2202 2227/2274/2203 2251/2301/2227
f 2252/2302/2228 2251/2301/2227 2227/2274/2203
f 2227/2274/2203 2228/2275/2204 2252/2302/2228
f 2253/2303/2229 2252/2302/2228 2228/2275/2204
f 2228/2275/2204 2229/2276/2205 2253/2303/2229
f 2254/2304/2230 2253/2303/2229 2229/2276/2205
f 2229/2276/2205 2230/2277/2206 2254/2304/2230
f 2255/2305/2231 2254/2304/2230 2230/2277/2206
f 2230/2277/2206 2231/2278/2207 2255/2305/2231
f 2256/2306/2232 2255/2305/2231 2231/2278/2207
f 2231/2278/2207 2232/2279/2208 2256/2306/2232
f 2257/2307/2233 2256/2306/2232 2232/2279/2208
f 2232/2279/2208 2233/2280/2209 2257/2307/2233
f 2258/2308/2234 2257/2307/2233 2233/2280/2209
f 2233/2280/2209 2234/2281/2210 2258/2308/2234
f 2259/2309/2235 2258/2310/2234 2234/2283/2210
f 2234/2283/2210 2235/2282/2211 2259/2309/2235
f 2260/2311/2236 2259/2309/2235 2235/2282/2211
f 2235/2282/2211 2236/2285/2212 2260/2311/2236
f 2261/2312/2237 2260/2311/2236 2236/2285/2212
f 2236/2285/2212 2237/2286/2213 2261/2312/2237
f 2262/2313/2238 2261/2312/2237 2237/2286/2213
f 2237/2286/2213 2238/2287/2214 2262/2313/2238
f 2263/2314/2239 2262/2313/2238 2238/2287/2214
f 2238/2287/2214 2239/2288/2215 2263/2314/2239
f 2264/2315/2240 2263/2314/2239 2239/2288/2215
f 2239/2288/2215 2240/2289/2216 2264/2315/2240
f 2265/2316/2241 2264/2315/2240 2240/2289/2216
f 2240/2289/2216 2241/2290/2217 2265/2316/2241
f 2266/2317/2242 2265/2316/2241 2241/2290/2217
f 2241/2290/2217 2242/2291/2218 2266/2317/2242
f 2267/2318/2243 2266/2317/2242 2242/2291/2218
f 2242/2291/2218 2243/2292/2219 2267/2318/2243
f 2245/2294/2221 2267/2318/2243 2243/2292/2219
f 2243/2292/2219 2221/2266/2197 2245/2294/2221
f 2268/2319/2244 2269/2320/2245 2245/2294/2221
f 2245/2294/2221 2244/2293/2220 2268/2319/2244
f 2270/2321/2246 2268/2319/2244 2244/2293/2220
f 2244/2293/2220 2246/2295/2222 2270/2321/2246
f 2271/2322/2247 2270/2323/2246 2246/2297/2222
f 2246/2297/2222 2247/2296/2223 2271/2322/2247
f 2272/2324/2248 2271/2322/2247 2247/2296/2223
f 2247/2296/2223 2248/2298/2224 2272/2324/2248
f 2273/2325/2249 2272/2324/2248 2248/2298/2224
f 2248/2298/2224 2249/2299/2225 2273/2325/2249
f 2274/2326/2250 2273/2325/2249 2249/2299/2225
f 2249/2299/2225 2250/2300/2226 2274/2326/2250
f 2275/2327/2251 2274/2326/2250 2250/2300/2226
f 2250/2300/2226 2251/2301/2227 2275/2327/2251
f 2276/2328/2252 2275/2327/2251 2251/2301/2227
f 2251/2301/2227 2252/2302/2228 2276/2328/2252
f 2277/2329/2253 2276/2328/2252 2252/2302/2228
f 2252/2302/2228 2253/2303/2229 2277/2329/2253
f 2278/2330/2254 2277/2329/2253 2253/2303/2229
f 2253/2303/2229 2254/2304/2230 2278/2330/2254
f 2279/2331/2255 2278/2330/2254 2254/2304/2230
f 2254/2304/2230 2255/2305/2231 2279/2331/2255
f 2280/2332/2256 2279/2331/2255 2255/2305/2231
f 2255/2305/2231 2256/2306/2232 2280/2332/2256
f 2281/2333/2257 2280/2332/2256 2256/2306/2232
f 2256/2306/2232 2257/2307/2233 2281/2333/2257
f 2282/2334/2258 2281/2333/2257 2257/2307/2233
f 2257/2307/2233 2258/2308/2234 2282/2334/2258
f 2283/2335/2259 2282/2336/2258 2258/2310/2234
f 2258/2310/2234 2259/2309/2235 2283/2335/2259
f 2284/2337/2260 2283/2335/2259 2259/2309/2235
f 2259/2309/2235 2260/2311/2236 2284/2337/2260
f 2285/2338/2261 2284/2337/2260 2260/2311/2236
f 2260/2311/2236 2261/2312/2237 2285/2338/2261
f 2286/2339/2262 2285/2338/2261 2261/2312/2237
f 2261/2312/2237 2262/2313/2238 2286/2339/2262
f 2287/2340/2263 2286/2339/2262 2262/2313/2238
f 2262/2313/2238 2263/2314/2239 2287/2340/2263
f 2288/2341/2264 2287/2340/2263 2263/2314/2239
f 2263/2314/2239 2264/2315/2240 2288/2341/2264
f 2289/2342/2265 2288/2341/2264 2264/2315/2240
f 2264/2315/2240 2265/2316/2241 2289/2342/2265
f 2290/2343/2266 2289/2342/2265 2265/2316/2241
f 2265/2316/2241 2266/2317/2242 2290/2343/2266
f 2291/2344/2267 2290/2343/2266 2266/2317/2242
f 2266/2317/2242 2267/2318/2243 2291/2344/2267
f 2269/2320/2245 2291/2344/2267 2267/2318/2243
f 2267/2318/2243 2245/2294/2221 2269/2320/2245
f 2292/2345/2268 2293/2346/2269 2269/2320/2245
f 2269/2320/2245 2268/2319/2244 2292/2345/2268
f 2294/2347/2270 2292/2348/2268 2268/2349/2244
f 2268/2349/2244 2270/2323/2246 2294/2347/2270
f 2295/2350/2271 2294/2347/2270 2270/2323/2246
f 2270/2323/2246 2271/2322/2247 2295/2350/2271
f 2296/2351/2272 2295/2350/2271 2271/2322/2247
f 2271/2322/2247 2272/2324/2248 2296/2351/2272
f 2297/2352/2273 2296/2351/2272 2272/2324/2248
f 2272/2324/2248 2273/2325/2249 2297/2352/2273
f 2298/2353/2274 2297/2352/2273 2273/2325/2249
f 2273/2325/2249 2274/2326/2250 2298/2353/2274
f 2299/2354/2275 2298/2353/2274 2274/2326/2250
f 2274/2326/2250 2275/2327/2251 2299/2354/2275
f 2300/2355/2276 2299/2354/2275 2275/2327/2251
f 2275/2327/2251 2276/2328/2252 2300/2355/2276
f 2301/2356/2277 2300/2355/2276 2276/2328/2252
f 2276/2328/2252 2277/2329/2253 2301/2356/2277
f 2302/2357/2278 2301/2356/2277 2277/2329/2253
f 2277/2329/2253 2278/2330/2254 2302/2357/2278
f 2303/2358/2279 2302/2357/2278 2278/2330/2254
f 2278/2330/2254 2279/2331/2255 2303/2358/2279
f 2304/2359/2280 2303/2358/2279 2279/2331/2255
f 2279/2331/2255 2280/2332/2256 2304/2359/2280
f 2305/2360/2281 2304/2359/2280 2280/2332/2256
f 2280/2332/2256 2281/2333/2257 2305/2360/2281
f 2306/2361/2282 2305/2362/2281 2281/2363/2257
f 2281/2363/2257 2282/2336/2258 2306/2361/2282
f 2307/2364/2283 2306/2361/2282 2282/2336/2258
f 2282/2336/2258 2283/2335/2259 2307/2364/2283
f 2308/2365/2284 2307/2364/2283 2283/2335/2259
f 2283/2335/2259 2284/2337/2260 2308/2365/2284
f 2309/2366/2285 2308/2365/2284 2284/2337/2260
f 2284/2337/2260 2285/2338/2261 2309/2366/2285
f 2310/2367/2286 2309/2366/2285 2285/2338/2261
f 2285/2338/2261 2286/2339/2262 2310/2367/2286
f 2311/2368/2287 2310/2367/2286 2286/2339/2262
f 2286/2339/2262 2287/2340/2263 2311/2368/2287
f 2312/2369/2288 2311/2368/2287 2287/2340/2263
f 2287/2340/2263 2288/2341/2264 2312/2369/2288
f 2313/2370/2289 2312/2369/2288 2288/2341/2264
f 2288/2341/2264 2289/2342/2265 2313/2370/2289
f 2314/2371/2290 2313/2370/2289 2289/2342/2265
f 2289/2342/2265 2290/2343/2266 2314/2371/2290
f 2315/2372/2291 2314/2371/2290 2290/2343/2266
f 2290/2343/2266 2291/2344/2267 2315/2372/2291
f 2293/2346/2269 2315/2372/2291 2291/2344/2267
f 2291/2344/2267 2269/2320/2245 2293/2346/2269
f 2316/2373/2292 2317/2374/2293 2293/2375/2269
f 2293/2375/2269 2292/2348/2268 2316/2373/2292
f 2318/2376/2294 2316/2373/2292 2292/2348/2268
f 2292/2348/2268 2294/2347/2270 2318/2376/2294
f 2319/2377/2295 2318/2376/2294 2294/2347/2270
f 2294/2347/2270 2295/2350/2271 2319/2377/2295
f 2320/2378/2296 2319/2377/2295 2295/2350/2271
f 2295/2350/2271 2296/2351/2272 2320/2378/2296
f 2321/2379/2297 2320/2378/2296 2296/2351/2272
f 2296/2351/2272 2297/2352/2273 2321/2379/2297
f 2322/2380/2298 2321/2379/2297 2297/2352/2273
f 2297/2352/2273 2298/2353/2274 2322/2380/2298
f 2323/2381/2299 2322/2380/2298 2298/2353/2274
f 2298/2353/2274 2299/2354/2275 2323/2381/2299
f 2324/2382/2300 2323/2381/2299 2299/2354/2275
f 2299/2354/2275 2300/2355/2276 2324/2382/2300
f 2325/2383/2301 2324/2382/2300 2300/2355/2276
f 2300/2355/2276 2301/2356/2277 2325/2383/2301
f 2326/2384/2302 2325/2383/2301 2301/2356/2277
f 2301/2356/2277 2302/2357/2278 2326/2384/2302
f 2327/2385/2303 2326/2384/2302 2302/2357/2278
f 2302/2357/2278 2303/2358/2279 2327/2385/2303
f 2328/2386/2304 2327/2385/2303 2303/2358/2279
f 2303/2358/2279 2304/2359/2280 2328/2386/2304
f 2329/2387/2305 2328/2388/2304 2304/2389/2280
f 2304/2389/2280 2305/2362/2281 2329/2387/2305
f 2330/2390/2306 2329/2387/2305 2305/2362/2281
f 2305/2362/2281 2306/2361/2282 2330/2390/2306
f 2331/2391/2307 2330/2390/2306 2306/2361/2282
f 2306/2361/2282 2307/2364/2283 2331/2391/2307
f 2332/2392/2308 2331/2391/2307 2307/2364/2283
f 2307/2364/2283 2308/2365/2284 2332/2392/2308
f 2333/2393/2309 2332/2392/2308 2308/2365/2284
f 2308/2365/2284 2309/2366/2285 2333/2393/2309
f 2334/2394/2310 2333/2393/2309 2309/2366/2285
f 2309/2366/2285 2310/2367/2286 2334/2394/2310
f 2335/2395/2311 2334/2394/2310 2310/2367/2286
f 2310/2367/2286 2311/2368/2287 2335/2395/2311
f 2336/2396/2312 2335/2395/2311 2311/2368/2287
f 2311/2368/2287 2312/2369/2288 2336/2396/2312
f 2337/2397/2313 2336/2396/2312 2312/2369/2288
f 2312/2369/2288 2313/2370/2289 2337/2397/2313
f 2338/2398/2314 2337/2397/2313 2313/2370/2289
f 2313/2370/2289 2314/2371/2290 2338/2398/2314
f 2339/2399/2315 2338/2398/2314 2314/2371/2290
f 2314/2371/2290 2315/2372/2291 2339/2399/2315
f 2317/2400/2293 2339/2399/2315 2315/2372/2291
f 2315/2372/2291 2293/2346/2269 2317/2400/2293
f 2340/2401/2316 2341/2402/2317 2317/2374/2293
f 2317/2374/2293 2316/2373/2292 2340/2401/2316
f 2342/2403/2318 2340/2401/2316 2316/2373/2292
f 2316/2373/2292 2318/2376/2294 2342/2403/2318
f 2343/2404/2319 2342/2403/2318 2318/2376/2294
f 2318/2376/2294 2319/2377/2295 2343/2404/2319
f 2344/2405/2320 2343/2404/2319 2319/2377/2295
f 2319/2377/2295 2320/2378/2296 2344/2405/2320
f 2345/2406/2321 2344/2405/2320 2320/2378/2296
f 2320/2378/2296 2321/2379/2297 2345/2406/2321
f 2346/2407/2322 2345/2406/2321 2321/2379/2297
f 2321/2379/2297 2322/2380/2298 2346/2407/2322
f 2347/2408/2323 2346/2407/2322 2322/2380/2298
f 2322/2380/2298 2323/2381/2299 2347/2408/2323
f 2348/2409/2324 2347/2408/2323 2323/2381/2299
f 2323/2381/2299 2324/2382/2300 2348/2409/2324
f 2349/2410/2325 2348/2409/2324 2324/2382/2300
f 2324/2382/2300 2325/2383/2301 2349/2410/2325
f 2350/2411/2326 2349/2410/2325 2325/2383/2301
f 2325/2383/2301 2326/2384/2302 2350/2411/2326
f 2351/2412/2327 2350/2411/2326 2326/2384/2302
f 2326/2384/2302 2327/2385/2303 2351/2412/2327
f 2352/2413/2328 2351/2414/2327 2327/2415/2303
f 2327/2415/2303 2328/2388/2304 2352/2413/2328
f 2353/2416/2329 2352/2413/2328 2328/2388/2304
f 2328/2388/2304 2329/2387/2305 2353/2416/2329
f 2354/2417/2330 2353/2416/2329 2329/2387/2305
f 2329/2387/2305 2330/2390/2306 2354/2417/2330
f 2355/2418/2331 2354/2417/2330 2330/2390/2306
f 2330/2390/2306 2331/2391/2307 2355/2418/2331
f 2356/2419/2332 2355/2418/2331 2331/2391/2307
f 2331/2391/2307 2332/2392/2308 2356/2419/2332
f 2357/2420/2333 2356/2419/2332 2332/2392/2308
f 2332/2392/2308 2333/2393/2309 2357/2420/2333
f 2358/2421/2334 2357/2420/2333 2333/2393/2309
f 2333/2393/2309 2334/2394/2310 2358/2421/2334
f 2359/2422/2335 2358/2421/2334 2334/2394/2310
f 2334/2394/2310 2335/2395/2311 2359/2422/2335
f 2360/2423/2336 2359/2422/2335 2335/2395/2311
f 2335/2395/2311 2336/2396/2312 2360/2423/2336
f 2361/2424/2337 2360/2423/2336 2336/2396/2312
f 2336/2396/2312 2337/2397/2313 2361/2424/2337
f 2362/2425/2338 2361/2424/2337 2337/2397/2313
f 2337/2397/2313 2338/2398/2314 2362/2425/2338
f 2363/2426/2339 2362/2425/2338 2338/2398/2314
f 2338/2398/2314 2339/2399/2315 2363/2426/2339
f 2341/2402/2317 2363/2427/2339 2339/2428/2315
f 2339/2428/2315 2317/2374/2293 2341/2402/2317
f 2340/2401/2316 2364/2429/2340 2365/2430/2341
f 2365/2430/2341 2341/2402/2317 2340/2401/2316
f 2342/2403/2318 2366/2431/2342 2364/2429/2340
f 2364/2429/2340 2340/2401/2316 2342/2403/2318
f 2343/2404/2319 2367/2432/2343 2366/2431/2342
f 2366/2431/2342 2342/2403/2318 2343/2404/2319
f 2344/2405/2320 2368/2433/2344 2367/2432/2343
f 2367/2432/2343 2343/2404/2319 2344/2405/2320
f 2345/2406/2321 2369/2434/2345 2368/2433/2344
f 2368/2433/2344 2344/2405/2320 2345/2406/2321
f 2346/2407/2322 2370/2435/2346 2369/2434/2345
f 2369/2434/2345 2345/2406/2321 2346/2407/2322
f 2346/2407/2322 2347/2408/2323 2371/2436/2347
f 2371/2436/2347 2370/2435/2346 2346/2407/2322
f 2347/2408/2323 2348/2409/2324 2372/2437/2348
f 2372/2437/2348 2371/2436/2347 2347/2408/2323
f 2348/2409/2324 2349/2410/2325 2373/2438/2349
f 2373/2438/2349 2372/2437/2348 2348/2409/2324
f 2349/2410/2325 2350/2411/2326 2374/2439/2350
f 2374/2439/2350 2373/2438/2349 2349/2410/2325
f 2350/2440/2326 2351/2414/2327 2375/2441/2351
f 2375/2441/2351 2374/2442/2350 2350/2440/2326
f 2351/2414/2327 2352/2413/2328 2376/2443/2352
f 2376/2443/2352 2375/2441/2351 2351/2414/2327
f 2352/2413/2328 2353/2416/2329 2377/2444/2353
f 2377/2444/2353 2376/2443/2352 2352/2413/2328
f 2354/2417/2330 2378/2445/2354 2377/2444/2353
f 2377/2444/2353 2353/2416/2329 2354/2417/2330
f 2355/2418/2331 2379/2446/2355 2378/2445/2354
f 2378/2445/2354 2354/2417/2330 2355/2418/2331
f 2356/2419/2332 2380/2447/2356 2379/2446/2355
f 2379/2446/2355 2355/2418/2331 2356/2419/2332
f 2357/2420/2333 2381/2448/2357 2380/2447/2356
f 2380/2447/2356 2356/2419/2332 2357/2420/2333
f 2358/2421/2334 2382/2449/2358 2381/2448/2357
f 2381/2448/2357 2357/2420/2333 2358/2421/2334
f 2359/2422/2335 2383/2450/2359 2382/2449/2358
f 2382/2449/2358 2358/2421/2334 2359/2422/2335
f 2360/2423/2336 2384/2451/2360 2383/2450/2359
f 2383/2450/2359 2359/2422/2335 2360/2423/2336
f 2361/2424/2337 2385/2452/2361 2384/2451/2360
f 2384/2451/2360 2360/2423/2336 2361/2424/2337
f 2362/2425/2338 2386/2453/2362 2385/2452/2361
f 2385/2452/2361 2361/2424/2337 2362/2425/2338
f 2363/2427/2339 2387/2454/2363 2386/2455/2362
f 2386/2455/2362 2362/2456/2338 2363/2427/2339
f 2341/2402/2317 2365/2430/2341 2387/2454/2363
f 2387/2454/2363 2363/2427/2339 2341/2402/2317
f 1847/2457/1823 1845/2458/1821 1843/2459/1819
f 1849/2460/1825 1847/2457/1823 1843/2459/1819
f 1851/2461/1827 1849/2460/1825 1843/2459/1819
f 1853/2462/1829 1851/2461/1827 1843/2459/1819
f 1855/2463/1831 1853/2462/1829 1843/2459/1819
f 1857/2464/1833 1855/2463/1831 1843/2459/1819
f 1859/2465/1835 1857/2464/1833 1843/2459/1819
f 1814/2466/1790 1859/2465/1835 1843/2459/1819
f 1815/1809/1791 1814/2466/1790 1843/2459/1819
f 1817/1810/1793 1815/1809/1791 1843/2459/1819
f 1819/1812/1795 1817/1810/1793 1843/2459/1819
f 1821/1814/1797 1819/1812/1795 1843/2459/1819
f 1823/1816/1799 1821/1814/1797 1843/2459/1819
f 1825/1818/1801 1823/1816/1799 1843/2459/1819
f 1827/1820/1803 1825/1818/1801 1843/2459/1819
f 1829/1822/1805 1827/1820/1803 1843/2459/1819
f 1831/1824/1807 1829/1822/1805 1843/2459/1819
f 1831/1824/1807 1843/2459/1819 1841/2467/1817
f 1833/1826/1809 1831/1824/1807 1841/2467/1817
f 1833/1826/1809 1841/2467/1817 1839/1832/1815
f 1835/1828/1811 1833/1826/1809 1839/1832/1815
f 1835/1828/1811 1839/1832/1815 1837/1830/1813
s 4
f 2388/2468/2364 2389/2469/2365 2390/2470/2366
f 2390/2470/2366 2391/2471/2367 2388/2468/2364
f 2392/2472/2368 2388/2468/2364 2391/2471/2367
f 2391/2471/2367 2393/2473/2369 2392/2472/2368
f 2394/2474/2370 2392/2472/2368 2393/2473/2369
f 2393/2473/2369 2395/2475/2371 2394/2474/2370
f 2396/2476/2372 2394/2474/2370 2395/2475/2371
f 2395/2475/2371 2397/2477/2373 2396/2476/2372
f 2398/2478/2374 2396/2476/2372 2397/2477/2373
f 2397/2477/2373 2399/2479/2375 2398/2478/2374
f 2400/2480/2376 2398/2478/2374 2399/2479/2375
f 2399/2479/2375 2401/2481/2377 2400/2480/2376
f 2402/2482/2378 2400/2480/2376 2401/2481/2377
f 2401/2481/2377 2403/2483/2379 2402/2482/2378
f 2404/2484/2380 2402/2482/2378 2403/2483/2379
f 2403/2483/2379 2405/2485/2381 2404/2484/2380
f 2406/2486/2382 2404/2484/2380 2405/2485/2381
f 2405/2485/2381 2407/2487/2383 2406/2486/2382
f 2408/2488/2384 2406/2486/2382 2407/2487/2383
f 2407/2487/2383 2409/2489/2385 2408/2488/2384
f 2410/2490/2386 2408/2488/2384 2409/2489/2385
f 2409/2489/2385 2411/2491/2387 2410/2490/2386
f 2412/2492/2388 2410/2493/2386 2411/2494/2387
f 2411/2494/2387 2413/2495/2389 2412/2492/2388
f 2414/2496/2390 2412/2492/2388 2413/2495/2389
f 2413/2495/2389 2415/2497/2391 2414/2496/2390
f 2416/2498/2392 2414/2496/2390 2415/2497/2391
f 2415/2497/2391 2417/2499/2393 2416/2498/2392
f 2418/2500/2394 2416/2498/2392 2417/2499/2393
f 2417/2499/2393 2419/2501/2395 2418/2500/2394
f 2420/2502/2396 2418/2500/2394 2419/2501/2395
f 2419/2501/2395 2421/2503/2397 2420/2502/2396
f 2422/2504/2398 2420/2502/2396 2421/2503/2397
f 2421/2503/2397 2423/2505/2399 2422/2504/2398
f 2424/2506/2400 2422/2504/2398 2423/2505/2399
f 2423/2505/2399 2425/2507/2401 2424/2506/2400
f 2426/2508/2402 2424/2506/2400 2425/2507/2401
f 2425/2507/2401 2427/2509/2403 2426/2508/2402
f 2428/2510/2404 2426/2508/2402 2427/2509/2403
f 2427/2509/2403 2429/2511/2405 2428/2510/2404
f 2430/2512/2406 2428/2510/2404 2429/2511/2405
f 2429/2511/2405 2431/2513/2407 2430/2512/2406
f 2432/2514/2408 2430/2512/2406 2431/2513/2407
f 2431/2513/2407 2433/2515/2409 2432/2514/2408
f 2434/2516/2410 2432/2514/2408 2433/2515/2409
f 2433/2515/2409 2435/2517/2411 2434/2516/2410
f 2389/2469/2365 2434/2518/2410 2435/2519/2411
f 2435/2519/2411 2390/2470/2366 2389/2469/2365
f 2436/2520/2412 2437/2521/2413 2389/2469/2365
f 2389/2469/2365 2388/2468/2364 2436/2520/2412
f 2438/2522/2414 2436/2520/2412 2388/2468/2364
f 2388/2468/2364 2392/2472/2368 2438/2522/2414
f 2439/2523/2415 2438/2522/2414 2392/2472/2368
f 2392/2472/2368 2394/2474/2370 2439/2523/2415
f 2440/2524/2416 2439/2523/2415 2394/2474/2370
f 2394/2474/2370 2396/2476/2372 2440/2524/2416
f 2441/2525/2417 2440/2524/2416 2396/2476/2372
f 2396/2476/2372 2398/2478/2374 2441/2525/2417
f 2442/2526/2418 2441/2525/2417 2398/2478/2374
f 2398/2478/2374 2400/2480/2376 2442/2526/2418
f 2443/2527/2419 2442/2526/2418 2400/2480/2376
f 2400/2480/2376 2402/2482/2378 2443/2527/2419
f 2444/2528/2420 2443/2527/2419 2402/2482/2378
f 2402/2482/2378 2404/2484/2380 2444/2528/2420
f 2445/2529/2421 2444/2528/2420 2404/2484/2380
f 2404/2484/2380 2406/2486/2382 2445/2529/2421
f 2446/2530/2422 2445/2529/2421 2406/2486/2382
f 2406/2486/2382 2408/2488/2384 2446/2530/2422
f 2447/2531/2423 2446/2530/2422 2408/2488/2384
f 2408/2488/2384 2410/2490/2386 2447/2531/2423
f 2448/2532/2424 2447/2533/2423 2410/2493/2386
f 2410/2493/2386 2412/2492/2388 2448/2532/2424
f 2449/2534/2425 2448/2532/2424 2412/2492/2388
f 2412/2492/2388 2414/2496/2390 2449/2534/2425
f 2450/2535/2426 2449/2534/2425 2414/2496/2390
f 2414/2496/2390 2416/2498/2392 2450/2535/2426
f 2451/2536/2427 2450/2535/2426 2416/2498/2392
f 2416/2498/2392 2418/2500/2394 2451/2536/2427
f 2452/2537/2428 2451/2536/2427 2418/2500/2394
f 2418/2500/2394 2420/2502/2396 2452/2537/2428
f 2453/2538/2429 2452/2537/2428 2420/2502/2396
f 2420/2502/2396 2422/2504/2398 2453/2538/2429
f 2454/2539/2430 2453/2538/2429 2422/2504/2398
f 2422/2504/2398 2424/2506/2400 2454/2539/2430
f 2455/2540/2431 2454/2539/2430 2424/2506/2400
f 2424/2506/2400 2426/2508/2402 2455/2540/2431
f 2456/2541/2432 2455/2540/2431 2426/2508/2402
f 2426/2508/2402 2428/2510/2404 2456/2541/2432
f 2457/2542/2433 2456/2541/2432 2428/2510/2404
f 2428/2510/2404 2430/2512/2406 2457/2542/2433
f 2458/2543/2434 2457/2542/2433 2430/2512/2406
f 2430/2512/2406 2432/2514/2408 2458/2543/2434
f 2459/2544/2435 2458/2543/2434 2432/2514/2408
f 2432/2514/2408 2434/2516/2410 2459/2544/2435
f 2437/2521/2413 2459/2545/2435 2434/2518/2410
f 2434/2518/2410 2389/2469/2365 2437/2521/2413
f 2460/2546/2436 2461/2547/2437 2437/2521/2413
f 2437/2521/2413 2436/2520/2412 2460/2546/2436
f 2462/2548/2438 2460/2546/2436 2436/2520/2412
f 2436/2520/2412 2438/2522/2414 2462/2548/2438
f 2463/2549/2439 2462/2548/2438 2438/2522/2414
f 2438/2522/2414 2439/2523/2415 2463/2549/2439
f 2464/2550/2440 2463/2549/2439 2439/2523/2415
f 2439/2523/2415 2440/2524/2416 2464/2550/2440
f 2465/2551/2441 2464/2550/2440 2440/2524/2416
f 2440/2524/2416 2441/2525/2417 2465/2551/2441
f 2466/2552/2442 2465/2551/2441 2441/2525/2417
f 2441/2525/2417 2442/2526/2418 2466/2552/2442
f 2467/2553/2443 2466/2552/2442 2442/2526/2418
f 2442/2526/2418 2443/2527/2419 2467/2553/2443
f 2468/2554/2444 2467/2553/2443 2443/2527/2419
f 2443/2527/2419 2444/2528/2420 2468/2554/2444
f 2469/2555/2445 2468/2554/2444 2444/2528/2420
f 2444/2528/2420 2445/2529/2421 2469/2555/2445
f 2470/2556/2446 2469/2555/2445 2445/2529/2421
f 2445/2529/2421 2446/2530/2422 2470/2556/2446
f 2471/2557/2447 2470/2556/2446 2446/2530/2422
f 2446/2530/2422 2447/2531/2423 2471/2557/2447
f 2472/2558/2448 2471/2559/2447 2447/2533/2423
f 2447/2533/2423 2448/2532/2424 2472/2558/2448
f 2473/2560/2449 2472/2558/2448 2448/2532/2424
f 2448/2532/2424 2449/2534/2425 2473/2560/2449
f 2474/2561/2450 2473/2560/2449 2449/2534/2425
f 2449/2534/2425 2450/2535/2426 2474/2561/2450
f 2475/2562/2451 2474/2561/2450 2450/2535/2426
f 2450/2535/2426 2451/2536/2427 2475/2562/2451
f 2476/2563/2452 2475/2562/2451 2451/2536/2427
f 2451/2536/2427 2452/2537/2428 2476/2563/2452
f 2477/2564/2453 2476/2563/2452 2452/2537/2428
f 2452/2537/2428 2453/2538/2429 2477/2564/2453
f 2478/2565/2454 2477/2564/2453 2453/2538/2429
f 2453/2538/2429 2454/2539/2430 2478/2565/2454
f 2479/2566/2455 2478/2565/2454 2454/2539/2430
f 2454/2539/2430 2455/2540/2431 2479/2566/2455
f 2480/2567/2456 2479/2566/2455 2455/2540/2431
f 2455/2540/2431 2456/2541/2432 2480/2567/2456
f 2481/2568/2457 2480/2567/2456 2456/2541/2432
f 2456/2541/2432 2457/2542/2433 2481/2568/2457
f 2482/2569/2458 2481/2568/2457 2457/2542/2433
f 2457/2542/2433 2458/2543/2434 2482/2569/2458
f 2483/2570/2459 2482/2569/2458 2458/2543/2434
f 2458/2543/2434 2459/2544/2435 2483/2570/2459
f 2461/2547/2437 2483/2571/2459 2459/2545/2435
f 2459/2545/2435 2437/2521/2413 2461/2547/2437
f 2484/2572/2460 2485/2573/2461 2461/2547/2437
f 2461/2547/2437 2460/2546/2436 2484/2572/2460
f 2486/2574/2462 2484/2572/2460 2460/2546/2436
f 2460/2546/2436 2462/2548/2438 2486/2574/2462
f 2487/2575/2463 2486/2574/2462 2462/2548/2438
f 2462/2548/2438 2463/2549/2439 2487/2575/2463
f 2488/2576/2464 2487/2575/2463 2463/2549/2439
f 2463/2549/2439 2464/2550/2440 2488/2576/2464
f 2489/2577/2465 2488/2576/2464 2464/2550/2440
f 2464/2550/2440 2465/2551/2441 2489/2577/2465
f 2490/2578/2466 2489/2577/2465 2465/2551/2441
f 2465/2551/2441 2466/2552/2442 2490/2578/2466
f 2491/2579/2467 2490/2578/2466 2466/2552/2442
f 2466/2552/2442 2467/2553/2443 2491/2579/2467
f 2492/2580/2468 2491/2579/2467 2467/2553/2443
f 2467/2553/2443 2468/2554/2444 2492/2580/2468
f 2493/2581/2469 2492/2580/2468 2468/2554/2444
f 2468/2554/2444 2469/2555/2445 2493/2581/2469
f 2494/2582/2470 2493/2581/2469 2469/2555/2445
f 2469/2555/2445 2470/2556/2446 2494/2582/2470
f 2495/2583/2471 2494/2582/2470 2470/2556/2446
f 2470/2556/2446 2471/2557/2447 2495/2583/2471
f 2496/2584/2472 2495/2585/2471 2471/2559/2447
f 2471/2559/2447 2472/2558/2448 2496/2584/2472
f 2497/2586/2473 2496/2584/2472 2472/2558/2448
f 2472/2558/2448 2473/2560/2449 2497/2586/2473
f 2498/2587/2474 2497/2586/2473 2473/2560/2449
f 2473/2560/2449 2474/2561/2450 2498/2587/2474
f 2499/2588/2475 2498/2587/2474 2474/2561/2450
f 2474/2561/2450 2475/2562/2451 2499/2588/2475
f 2500/2589/2476 2499/2588/2475 2475/2562/2451
f 2475/2562/2451 2476/2563/2452 2500/2589/2476
f 2501/2590/2477 2500/2589/2476 2476/2563/2452
f 2476/2563/2452 2477/2564/2453 2501/2590/2477
f 2502/2591/2478 2501/2590/2477 2477/2564/2453
f 2477/2564/2453 2478/2565/2454 2502/2591/2478
f 2503/2592/2479 2502/2591/2478 2478/2565/2454
f 2478/2565/2454 2479/2566/2455 2503/2592/2479
f 2504/2593/2480 2503/2592/2479 2479/2566/2455
f 2479/2566/2455 2480/2567/2456 2504/2593/2480
f 2505/2594/2481 2504/2593/2480 2480/2567/2456
f 2480/2567/2456 2481/2568/2457 2505/2594/2481
f 2506/2595/2482 2505/2594/2481 2481/2568/2457
f 2481/2568/2457 2482/2569/2458 2506/2595/2482
f 2507/2596/2483 2506/2595/2482 2482/2569/2458
f 2482/2569/2458 2483/2570/2459 2507/2596/2483
f 2485/2573/2461 2507/2597/2483 2483/2571/2459
f 2483/2571/2459 2461/2547/2437 2485/2573/2461
f 2508/2598/2484 2509/2599/2485 2485/2573/2461
f 2485/2573/2461 2484/2572/2460 2508/2598/2484
f 2510/2600/2486 2508/2598/2484 2484/2572/2460
f 2484/2572/2460 2486/2574/2462 2510/2600/2486
f 2511/2601/2487 2510/2600/2486 2486/2574/2462
f 2486/2574/2462 2487/2575/2463 2511/2601/2487
f 2512/2602/2488 2511/2601/2487 2487/2575/2463
f 2487/2575/2463 2488/2576/2464 2512/2602/2488
f 2513/2603/2489 2512/2602/2488 2488/2576/2464
f 2488/2576/2464 2489/2577/2465 2513/2603/2489
f 2514/2604/2490 2513/2603/2489 2489/2577/2465
f 2489/2577/2465 2490/2578/2466 2514/2604/2490
f 2515/2605/2491 2514/2604/2490 2490/2578/2466
f 2490/2578/2466 2491/2579/2467 2515/2605/2491
f 2516/2606/2492 2515/2605/2491 2491/2579/2467
f 2491/2579/2467 2492/2580/2468 2516/2606/2492
f 2517/2607/2493 2516/2606/2492 2492/2580/2468
f 2492/2580/2468 2493/2581/2469 2517/2607/2493
f 2518/2608/2494 2517/2607/2493 2493/2581/2469
f 2493/2581/2469 2494/2582/2470 2518/2608/2494
f 2519/2609/2495 2518/2608/2494 2494/2582/2470
f 2494/2582/2470 2495/2583/2471 2519/2609/2495
f 2520/2610/2496 2519/2611/2495 2495/2585/2471
f 2495/2585/2471 2496/2584/2472 2520/2610/2496
f 2521/2612/2497 2520/2610/2496 2496/2584/2472
f 2496/2584/2472 2497/2586/2473 2521/2612/2497
f 2522/2613/2498 2521/2612/2497 2497/2586/2473
f 2497/2586/2473 2498/2587/2474 2522/2613/2498
f 2523/2614/2499 2522/2613/2498 2498/2587/2474
f 2498/2587/2474 2499/2588/2475 2523/2614/2499
f 2524/2615/2500 2523/2614/2499 2499/2588/2475
f 2499/2588/2475 2500/2589/2476 2524/2615/2500
f 2525/2616/2501 2524/2615/2500 2500/2589/2476
f 2500/2589/2476 2501/2590/2477 2525/2616/2501
f 2526/2617/2502 2525/2616/2501 2501/2590/2477
f 2501/2590/2477 2502/2591/2478 2526/2617/2502
f 2527/2618/2503 2526/2617/2502 2502/2591/2478
f 2502/2591/2478 2503/2592/2479 2527/2618/2503
f 2528/2619/2504 2527/2618/2503 2503/2592/2479
f 2503/2592/2479 2504/2593/2480 2528/2619/2504
f 2529/2620/2505 2528/2619/2504 2504/2593/2480
f 2504/2593/2480 2505/2594/2481 2529/2620/2505
f 2530/2621/2506 2529/2620/2505 2505/2594/2481
f 2505/2594/2481 2506/2595/2482 2530/2621/2506
f 2531/2622/2507 2530/2621/2506 2506/2595/2482
f 2506/2595/2482 2507/2596/2483 2531/2622/2507
f 2509/2599/2485 2531/2623/2507 2507/2597/2483
f 2507/2597/2483 2485/2573/2461 2509/2599/2485
f 2532/2624/2508 2533/2625/2509 2509/2599/2485
f 2509/2599/2485 2508/2598/2484 2532/2624/2508
f 2534/2626/2510 2532/2624/2508 2508/2598/2484
f 2508/2598/2484 2510/2600/2486 2534/2626/2510
f 2535/2627/2511 2534/2626/2510 2510/2600/2486
f 2510/2600/2486 2511/2601/2487 2535/2627/2511
f 2536/2628/2512 2535/2627/2511 2511/2601/2487
f 2511/2601/2487 2512/2602/2488 2536/2628/2512
f 2537/2629/2513 2536/2628/2512 2512/2602/2488
f 2512/2602/2488 2513/2603/2489 2537/2629/2513
f 2538/2630/2514 2537/2629/2513 2513/2603/2489
f 2513/2603/2489 2514/2604/2490 2538/2630/2514
f 2539/2631/2515 2538/2630/2514 2514/2604/2490
f 2514/2604/2490 2515/2605/2491 2539/2631/2515
f 2540/2632/2516 2539/2631/2515 2515/2605/2491
f 2515/2605/2491 2516/2606/2492 2540/2632/2516
f 2541/2633/2517 2540/2632/2516 2516/2606/2492
f 2516/2606/2492 2517/2607/2493 2541/2633/2517
f 2542/2634/2518 2541/2633/2517 2517/2607/2493
f 2517/2607/2493 2518/2608/2494 2542/2634/2518
f 2543/2635/2519 2542/2634/2518 2518/2608/2494
f 2518/2608/2494 2519/2609/2495 2543/2635/2519
f 2544/2636/2520 2543/2637/2519 2519/2611/2495
f 2519/2611/2495 2520/2610/2496 2544/2636/2520
f 2545/2638/2521 2544/2636/2520 2520/2610/2496
f 2520/2610/2496 2521/2612/2497 2545/2638/2521
f 2546/2639/2522 2545/2638/2521 2521/2612/2497
f 2521/2612/2497 2522/2613/2498 2546/2639/2522
f 2547/2640/2523 2546/2639/2522 2522/2613/2498
f 2522/2613/2498 2523/2614/2499 2547/2640/2523
f 2548/2641/2524 2547/2640/2523 2523/2614/2499
f 2523/2614/2499 2524/2615/2500 2548/2641/2524
f 2549/2642/2525 2548/2641/2524 2524/2615/2500
f 2524/2615/2500 2525/2616/2501 2549/2642/2525
f 2550/2643/2526 2549/2642/2525 2525/2616/2501
f 2525/2616/2501 2526/2617/2502 2550/2643/2526
f 2551/2644/2527 2550/2643/2526 2526/2617/2502
f 2526/2617/2502 2527/2618/2503 2551/2644/2527
f 2552/2645/2528 2551/2644/2527 2527/2618/2503
f 2527/2618/2503 2528/2619/2504 2552/2645/2528
f 2553/2646/2529 2552/2645/2528 2528/2619/2504
f 2528/2619/2504 2529/2620/2505 2553/2646/2529
f 2554/2647/2530 2553/2646/2529 2529/2620/2505
f 2529/2620/2505 2530/2621/2506 2554/2647/2530
f 2555/2648/2531 2554/2647/2530 2530/2621/2506
f 2530/2621/2506 2531/2622/2507 2555/2648/2531
f 2533/2625/2509 2555/2649/2531 2531/2623/2507
f 2531/2623/2507 2509/2599/2485 2533/2625/2509
f 2556/2650/2532 2557/2651/2533 2533/2625/2509
f 2533/2625/2509 2532/2624/2508 2556/2650/2532
f 2558/2652/2534 2556/2650/2532 2532/2624/2508
f 2532/2624/2508 2534/2626/2510 2558/2652/2534
f 2559/2653/2535 2558/2652/2534 2534/2626/2510
f 2534/2626/2510 2535/2627/2511 2559/2653/2535
f 2560/2654/2536 2559/2653/2535 2535/2627/2511
f 2535/2627/2511 2536/2628/2512 2560/2654/2536
f 2561/2655/2537 2560/2654/2536 2536/2628/2512
f 2536/2628/2512 2537/2629/2513 2561/2655/2537
f 2562/2656/2538 2561/2655/2537 2537/2629/2513
f 2537/2629/2513 2538/2630/2514 2562/2656/2538
f 2563/2657/2539 2562/2656/2538 2538/2630/2514
f 2538/2630/2514 2539/2631/2515 2563/2657/2539
f 2564/2658/2540 2563/2657/2539 2539/2631/2515
f 2539/2631/2515 2540/2632/2516 2564/2658/2540
f 2565/2659/2541 2564/2658/2540 2540/2632/2516
f 2540/2632/2516 2541/2633/2517 2565/2659/2541
f 2566/2660/2542 2565/2659/2541 2541/2633/2517
f 2541/2633/2517 2542/2634/2518 2566/2660/2542
f 2567/2661/2543 2566/2662/2542 2542/2663/2518
f 2542/2663/2518 2543/2637/2519 2567/2661/2543
f 2568/2664/2544 2567/2661/2543 2543/2637/2519
f 2543/2637/2519 2544/2636/2520 2568/2664/2544
f 2569/2665/2545 2568/2664/2544 2544/2636/2520
f 2544/2636/2520 2545/2638/2521 2569/2665/2545
f 2570/2666/2546 2569/2665/2545 2545/2638/2521
f 2545/2638/2521 2546/2639/2522 2570/2666/2546
f 2571/2667/2547 2570/2666/2546 2546/2639/2522
f 2546/2639/2522 2547/2640/2523 2571/2667/2547
f 2572/2668/2548 2571/2667/2547 2547/2640/2523
f 2547/2640/2523 2548/2641/2524 2572/2668/2548
f 2573/2669/2549 2572/2668/2548 2548/2641/2524
f 2548/2641/2524 2549/2642/2525 2573/2669/2549
f 2574/2670/2550 2573/2669/2549 2549/2642/2525
f 2549/2642/2525 2550/2643/2526 2574/2670/2550
f 2575/2671/2551 2574/2670/2550 2550/2643/2526
f 2550/2643/2526 2551/2644/2527 2575/2671/2551
f 2576/2672/2552 2575/2671/2551 2551/2644/2527
f 2551/2644/2527 2552/2645/2528 2576/2672/2552
f 2577/2673/2553 2576/2672/2552 2552/2645/2528
f 2552/2645/2528 2553/2646/2529 2577/2673/2553
f 2578/2674/2554 2577/2673/2553 2553/2646/2529
f 2553/2646/2529 2554/2647/2530 2578/2674/2554
f 2579/2675/2555 2578/2676/2554 2554/2677/2530
f 2554/2677/2530 2555/2649/2531 2579/2675/2555
f 2557/2651/2533 2579/2675/2555 2555/2649/2531
f 2555/2649/2531 2533/2625/2509 2557/2651/2533
f 2580/2678/2556 2581/2679/2557 2557/2651/2533
f 2557/2651/2533 2556/2650/2532 2580/2678/2556
f 2582/2680/2558 2580/2678/2556 2556/2650/2532
f 2556/2650/2532 2558/2652/2534 2582/2680/2558
f 2583/2681/2559 2582/2680/2558 2558/2652/2534
f 2558/2652/2534 2559/2653/2535 2583/2681/2559
f 2584/2682/2560 2583/2681/2559 2559/2653/2535
f 2559/2653/2535 2560/2654/2536 2584/2682/2560
f 2585/2683/2561 2584/2682/2560 2560/2654/2536
f 2560/2654/2536 2561/2655/2537 2585/2683/2561
f 2586/2684/2562 2585/2683/2561 2561/2655/2537
f 2561/2655/2537 2562/2656/2538 2586/2684/2562
f 2587/2685/2563 2586/2684/2562 2562/2656/2538
f 2562/2656/2538 2563/2657/2539 2587/2685/2563
f 2588/2686/2564 2587/2685/2563 2563/2657/2539
f 2563/2657/2539 2564/2658/2540 2588/2686/2564
f 2589/2687/2565 2588/2686/2564 2564/2658/2540
f 2564/2658/2540 2565/2659/2541 2589/2687/2565
f 2590/2688/2566 2589/2687/2565 2565/2659/2541
f 2565/2659/2541 2566/2660/2542 2590/2688/2566
f 2591/2689/2567 2590/2690/2566 2566/2662/2542
f 2566/2662/2542 2567/2661/2543 2591/2689/2567
f 2592/2691/2568 2591/2689/2567 2567/2661/2543
f 2567/2661/2543 2568/2664/2544 2592/2691/2568
f 2593/2692/2569 2592/2691/2568 2568/2664/2544
f 2568/2664/2544 2569/2665/2545 2593/2692/2569
f 2594/2693/2570 2593/2692/2569 2569/2665/2545
f 2569/2665/2545 2570/2666/2546 2594/2693/2570
f 2595/2694/2571 2594/2693/2570 2570/2666/2546
f 2570/2666/2546 2571/2667/2547 2595/2694/2571
f 2596/2695/2572 2595/2694/2571 2571/2667/2547
f 2571/2667/2547 2572/2668/2548 2596/2695/2572
f 2597/2696/2573 2596/2695/2572 2572/2668/2548
f 2572/2668/2548 2573/2669/2549 2597/2696/2573
f 2598/2697/2574 2597/2696/2573 2573/2669/2549
f 2573/2669/2549 2574/2670/2550 2598/2697/2574
f 2599/2698/2575 2598/2697/2574 2574/2670/2550
f 2574/2670/2550 2575/2671/2551 2599/2698/2575
f 2600/2699/2576 2599/2698/2575 2575/2671/2551
f 2575/2671/2551 2576/2672/2552 2600/2699/2576
f 2601/2700/2577 2600/2699/2576 2576/2672/2552
f 2576/2672/2552 2577/2673/2553 2601/2700/2577
f 2602/2701/2578 2601/2700/2577 2577/2673/2553
f 2577/2673/2553 2578/2674/2554 2602/2701/2578
f 2603/2702/2579 2602/2703/2578 2578/2676/2554
f 2578/2676/2554 2579/2675/2555 2603/2702/2579
f 2581/2679/2557 2603/2702/2579 2579/2675/2555
f 2579/2675/2555 2557/2651/2533 2581/2679/2557
f 2604/2704/2580 2605/2705/2581 2581/2679/2557
f 2581/2679/2557 2580/2678/2556 2604/2704/2580
f 2606/2706/2582 2604/2704/2580 2580/2678/2556
f 2580/2678/2556 2582/2680/2558 2606/2706/2582
f 2607/2707/2583 2606/2706/2582 2582/2680/2558
f 2582/2680/2558 2583/2681/2559 2607/2707/2583
f 2608/2708/2584 2607/2707/2583 2583/2681/2559
f 2583/2681/2559 2584/2682/2560 2608/2708/2584
f 2609/2709/2585 2608/2708/2584 2584/2682/2560
f 2584/2682/2560 2585/2683/2561 2609/2709/2585
f 2610/2710/2586 2609/2709/2585 2585/2683/2561
f 2585/2683/2561 2586/2684/2562 2610/2710/2586
f 2611/2711/2587 2610/2710/2586 2586/2684/2562
f 2586/2684/2562 2587/2685/2563 2611/2711/2587
f 2612/2712/2588 2611/2711/2587 2587/2685/2563
f 2587/2685/2563 2588/2686/2564 2612/2712/2588
f 2613/2713/2589 2612/2712/2588 2588/2686/2564
f 2588/2686/2564 2589/2687/2565 2613/2713/2589
f 2614/2714/2590 2613/2713/2589 2589/2687/2565
f 2589/2687/2565 2590/2688/2566 2614/2714/2590
f 2615/2715/2591 2614/2716/2590 2590/2690/2566
f 2590/2690/2566 2591/2689/2567 2615/2715/2591
f 2616/2717/2592 2615/2715/2591 2591/2689/2567
f 2591/2689/2567 2592/2691/2568 2616/2717/2592
f 2617/2718/2593 2616/2717/2592 2592/2691/2568
f 2592/2691/2568 2593/2692/2569 2617/2718/2593
f 2618/2719/2594 2617/2718/2593 2593/2692/2569
f 2593/2692/2569 2594/2693/2570 2618/2719/2594
f 2619/2720/2595 2618/2719/2594 2594/2693/2570
f 2594/2693/2570 2595/2694/2571 2619/2720/2595
f 2620/2721/2596 2619/2720/2595 2595/2694/2571
f 2595/2694/2571 2596/2695/2572 2620/2721/2596
f 2621/2722/2597 2620/2721/2596 2596/2695/2572
f 2596/2695/2572 2597/2696/2573 2621/2722/2597
f 2622/2723/2598 2621/2722/2597 2597/2696/2573
f 2597/2696/2573 2598/2697/2574 2622/2723/2598
f 2623/2724/2599 2622/2723/2598 2598/2697/2574
f 2598/2697/2574 2599/2698/2575 2623/2724/2599
f 2624/2725/2600 2623/2724/2599 2599/2698/2575
f 2599/2698/2575 2600/2699/2576 2624/2725/2600
f 2625/2726/2601 2624/2725/2600 2600/2699/2576
f 2600/2699/2576 2601/2700/2577 2625/2726/2601
f 2626/2727/2602 2625/2726/2601 2601/2700/2577
f 2601/2700/2577 2602/2701/2578 2626/2727/2602
f 2627/2728/2603 2626/2729/2602 2602/2703/2578
f 2602/2703/2578 2603/2702/2579 2627/2728/2603
f 2605/2705/2581 2627/2728/2603 2603/2702/2579
f 2603/2702/2579 2581/2679/2557 2605/2705/2581
f 2628/2730/2604 2629/2731/2605 2605/2705/2581
f 2605/2705/2581 2604/2704/2580 2628/2730/2604
f 2630/2732/2606 2628/2730/2604 2604/2704/2580
f 2604/2704/2580 2606/2706/2582 2630/2732/2606
f 2631/2733/2607 2630/2732/2606 2606/2706/2582
f 2606/2706/2582 2607/2707/2583 2631/2733/2607
f 2632/2734/2608 2631/2733/2607 2607/2707/2583
f 2607/2707/2583 2608/2708/2584 2632/2734/2608
f 2633/2735/2609 2632/2734/2608 2608/2708/2584
f 2608/2708/2584 2609/2709/2585 2633/2735/2609
f 2634/2736/2610 2633/2735/2609 2609/2709/2585
f 2609/2709/2585 2610/2710/2586 2634/2736/2610
f 2635/2737/2611 2634/2736/2610 2610/2710/2586
f 2610/2710/2586 2611/2711/2587 2635/2737/2611
f 2636/2738/2612 2635/2737/2611 2611/2711/2587
f 2611/2711/2587 2612/2712/2588 2636/2738/2612
f 2637/2739/2613 2636/2738/2612 2612/2712/2588
f 2612/2712/2588 2613/2713/2589 2637/2739/2613
f 2638/2740/2614 2637/2739/2613 2613/2713/2589
f 2613/2713/2589 2614/2714/2590 2638/2740/2614
f 2639/2741/2615 2638/2742/2614 2614/2716/2590
f 2614/2716/2590 2615/2715/2591 2639/2741/2615
f 2640/2743/2616 2639/2741/2615 2615/2715/2591
f 2615/2715/2591 2616/2717/2592 2640/2743/2616
f 2641/2744/2617 2640/2743/2616 2616/2717/2592
f 2616/2717/2592 2617/2718/2593 2641/2744/2617
f 2642/2745/2618 2641/2744/2617 2617/2718/2593
f 2617/2718/2593 2618/2719/2594 2642/2745/2618
f 2643/2746/2619 2642/2745/2618 2618/2719/2594
f 2618/2719/2594 2619/2720/2595 2643/2746/2619
f 2644/2747/2620 2643/2746/2619 2619/2720/2595
f 2619/2720/2595 2620/2721/2596 2644/2747/2620
f 2645/2748/2621 2644/2747/2620 2620/2721/2596
f 2620/2721/2596 2621/2722/2597 2645/2748/2621
f 2646/2749/2622 2645/2748/2621 2621/2722/2597
f 2621/2722/2597 2622/2723/2598 2646/2749/2622
f 2647/2750/2623 2646/2749/2622 2622/2723/2598
f 2622/2723/2598 2623/2724/2599 2647/2750/2623
f 2648/2751/2624 2647/2750/2623 2623/2724/2599
f 2623/2724/2599 2624/2725/2600 2648/2751/2624
f 2649/2752/2625 2648/2751/2624 2624/2725/2600
f 2624/2725/2600 2625/2726/2601 2649/2752/2625
f 2650/2753/2626 2649/2752/2625 2625/2726/2601
f 2625/2726/2601 2626/2727/2602 2650/2753/2626
f 2651/2754/2627 2650/2755/2626 2626/2729/2602
f 2626/2729/2602 2627/2728/2603 2651/2754/2627
f 2629/2731/2605 2651/2754/2627 2627/2728/2603
f 2627/2728/2603 2605/2705/2581 2629/2731/2605
f 2652/2756/2628 2653/2757/2629 2629/2731/2605
f 2629/2731/2605 2628/2730/2604 2652/2756/2628
f 2654/2758/2630 2652/2756/2628 2628/2730/2604
f 2628/2730/2604 2630/2732/2606 2654/2758/2630
f 2655/2759/2631 2654/2758/2630 2630/2732/2606
f 2630/2732/2606 2631/2733/2607 2655/2759/2631
f 2656/2760/2632 2655/2759/2631 2631/2733/2607
f 2631/2733/2607 2632/2734/2608 2656/2760/2632
f 2657/2761/2633 2656/2760/2632 2632/2734/2608
f 2632/2734/2608 2633/2735/2609 2657/2761/2633
f 2658/2762/2634 2657/2761/2633 2633/2735/2609
f 2633/2735/2609 2634/2736/2610 2658/2762/2634
f 2659/2763/2635 2658/2762/2634 2634/2736/2610
f 2634/2736/2610 2635/2737/2611 2659/2763/2635
f 2660/2764/2636 2659/2763/2635 2635/2737/2611
f 2635/2737/2611 2636/2738/2612 2660/2764/2636
f 2661/2765/2637 2660/2764/2636 2636/2738/2612
f 2636/2738/2612 2637/2739/2613 2661/2765/2637
f 2662/2766/2638 2661/2765/2637 2637/2739/2613
f 2637/2739/2613 2638/2740/2614 2662/2766/2638
f 2663/2767/2639 2662/2768/2638 2638/2742/2614
f 2638/2742/2614 2639/2741/2615 2663/2767/2639
f 2664/2769/2640 2663/2767/2639 2639/2741/2615
f 2639/2741/2615 2640/2743/2616 2664/2769/2640
f 2665/2770/2641 2664/2769/2640 2640/2743/2616
f 2640/2743/2616 2641/2744/2617 2665/2770/2641
f 2666/2771/2642 2665/2770/2641 2641/2744/2617
f 2641/2744/2617 2642/2745/2618 2666/2771/2642
f 2667/2772/2643 2666/2771/2642 2642/2745/2618
f 2642/2745/2618 2643/2746/2619 2667/2772/2643
f 2668/2773/2644 2667/2772/2643 2643/2746/2619
f 2643/2746/2619 2644/2747/2620 2668/2773/2644
f 2669/2774/2645 2668/2773/2644 2644/2747/2620
f 2644/2747/2620 2645/2748/2621 2669/2774/2645
f 2670/2775/2646 2669/2774/2645 2645/2748/2621
f 2645/2748/2621 2646/2749/2622 2670/2775/2646
f 2671/2776/2647 2670/2775/2646 2646/2749/2622
f 2646/2749/2622 2647/2750/2623 2671/2776/2647
f 2672/2777/2648 2671/2776/2647 2647/2750/2623
f 2647/2750/2623 2648/2751/2624 2672/2777/2648
f 2673/2778/2649 2672/2777/2648 2648/2751/2624
f 2648/2751/2624 2649/2752/2625 2673/2778/2649
f 2674/2779/2650 2673/2778/2649 2649/2752/2625
f 2649/2752/2625 2650/2753/2626 2674/2779/2650
f 2675/2780/2651 2674/2781/2650 2650/2755/2626
f 2650/2755/2626 2651/2754/2627 2675/2780/2651
f 2653/2757/2629 2675/2780/2651 2651/2754/2627
f 2651/2754/2627 2629/2731/2605 2653/2757/2629
f 2676/2782/2652 2677/2783/2653 2653/2757/2629
f 2653/2757/2629 2652/2756/2628 2676/2782/2652
f 2678/2784/2654 2676/2782/2652 2652/2756/2628
f 2652/2756/2628 2654/2758/2630 2678/2784/2654
f 2679/2785/2655 2678/2784/2654 2654/2758/2630
f 2654/2758/2630 2655/2759/2631 2679/2785/2655
f 2680/2786/2656 2679/2785/2655 2655/2759/2631
f 2655/2759/2631 2656/2760/2632 2680/2786/2656
f 2681/2787/2657 2680/2786/2656 2656/2760/2632
f 2656/2760/2632 2657/2761/2633 2681/2787/2657
f 2682/2788/2658 2681/2787/2657 2657/2761/2633
f 2657/2761/2633 2658/2762/2634 2682/2788/2658
f 2683/2789/2659 2682/2788/2658 2658/2762/2634
f 2658/2762/2634 2659/2763/2635 2683/2789/2659
f 2684/2790/2660 2683/2789/2659 2659/2763/2635
f 2659/2763/2635 2660/2764/2636 2684/2790/2660
f 2685/2791/2661 2684/2790/2660 2660/2764/2636
f 2660/2764/2636 2661/2765/2637 2685/2791/2661
f 2686/2792/2662 2685/2791/2661 2661/2765/2637
f 2661/2765/2637 2662/2766/2638 2686/2792/2662
f 2687/2793/2663 2686/2794/2662 2662/2768/2638
f 2662/2768/2638 2663/2767/2639 2687/2793/2663
f 2688/2795/2664 2687/2793/2663 2663/2767/2639
f 2663/2767/2639 2664/2769/2640 2688/2795/2664
f 2689/2796/2665 2688/2795/2664 2664/2769/2640
f 2664/2769/2640 2665/2770/2641 2689/2796/2665
f 2690/2797/2666 2689/2796/2665 2665/2770/2641
f 2665/2770/2641 2666/2771/2642 2690/2797/2666
f 2691/2798/2667 2690/2797/2666 2666/2771/2642
f 2666/2771/2642 2667/2772/2643 2691/2798/2667
f 2692/2799/2668 2691/2798/2667 2667/2772/2643
f 2667/2772/2643 2668/2773/2644 2692/2799/2668
f 2693/2800/2669 2692/2799/2668 2668/2773/2644
f 2668/2773/2644 2669/2774/2645 2693/2800/2669
f 2694/2801/2670 2693/2800/2669 2669/2774/2645
f 2669/2774/2645 2670/2775/2646 2694/2801/2670
f 2695/2802/2671 2694/2801/2670 2670/2775/2646
f 2670/2775/2646 2671/2776/2647 2695/2802/2671
f 2696/2803/2672 2695/2802/2671 2671/2776/2647
f 2671/2776/2647 2672/2777/2648 2696/2803/2672
f 2697/2804/2673 2696/2803/2672 2672/2777/2648
f 2672/2777/2648 2673/2778/2649 2697/2804/2673
f 2698/2805/2674 2697/2804/2673 2673/2778/2649
f 2673/2778/2649 2674/2779/2650 2698/2805/2674
f 2699/2806/2675 2698/2807/2674 2674/2781/2650
f 2674/2781/2650 2675/2780/2651 2699/2806/2675
f 2677/2783/2653 2699/2806/2675 2675/2780/2651
f 2675/2780/2651 2653/2757/2629 2677/2783/2653
f 2700/2808/2676 2701/2809/2677 2677/2783/2653
f 2677/2783/2653 2676/2782/2652 2700/2808/2676
f 2702/2810/2678 2700/2808/2676 2676/2782/2652
f 2676/2782/2652 2678/2784/2654 2702/2810/2678
f 2703/2811/2679 2702/2810/2678 2678/2784/2654
f 2678/2784/2654 2679/2785/2655 2703/2811/2679
f 2704/2812/2680 2703/2811/2679 2679/2785/2655
f 2679/2785/2655 2680/2786/2656 2704/2812/2680
f 2705/2813/2681 2704/2812/2680 2680/2786/2656
f 2680/2786/2656 2681/2787/2657 2705/2813/2681
f 2706/2814/2682 2705/2813/2681 2681/2787/2657
f 2681/2787/2657 2682/2788/2658 2706/2814/2682
f 2707/2815/2683 2706/2814/2682 2682/2788/2658
f 2682/2788/2658 2683/2789/2659 2707/2815/2683
f 2708/2816/2684 2707/2815/2683 2683/2789/2659
f 2683/2789/2659 2684/2790/2660 2708/2816/2684
f 2709/2817/2685 2708/2816/2684 2684/2790/2660
f 2684/2790/2660 2685/2791/2661 2709/2817/2685
f 2710/2818/2686 2709/2817/2685 2685/2791/2661
f 2685/2791/2661 2686/2792/2662 2710/2818/2686
f 2711/2819/2687 2710/2820/2686 2686/2794/2662
f 2686/2794/2662 2687/2793/2663 2711/2819/2687
f 2712/2821/2688 2711/2819/2687 2687/2793/2663
f 2687/2793/2663 2688/2795/2664 2712/2821/2688
f 2713/2822/2689 2712/2821/2688 2688/2795/2664
f 2688/2795/2664 2689/2796/2665 2713/2822/2689
f 2714/2823/2690 2713/2822/2689 2689/2796/2665
f 2689/2796/2665 2690/2797/2666 2714/2823/2690
f 2715/2824/2691 2714/2823/2690 2690/2797/2666
f 2690/2797/2666 2691/2798/2667 2715/2824/2691
f 2716/2825/2692 2715/2824/2691 2691/2798/2667
f 2691/2798/2667 2692/2799/2668 2716/2825/2692
f 2717/2826/2693 2716/2825/2692 2692/2799/2668
f 2692/2799/2668 2693/2800/2669 2717/2826/2693
f 2718/2827/2694 2717/2826/2693 2693/2800/2669
f 2693/2800/2669 2694/2801/2670 2718/2827/2694
f 2719/2828/2695 2718/2827/2694 2694/2801/2670
f 2694/2801/2670 2695/2802/2671 2719/2828/2695
f 2720/2829/2696 2719/2828/2695 2695/2802/2671
f 2695/2802/2671 2696/2803/2672 2720/2829/2696
f 2721/2830/2697 2720/2829/2696 2696/2803/2672
f 2696/2803/2672 2697/2804/2673 2721/2830/2697
f 2722/2831/2698 2721/2830/2697 2697/2804/2673
f 2697/2804/2673 2698/2805/2674 2722/2831/2698
f 2723/2832/2699 2722/2833/2698 2698/2807/2674
f 2698/2807/2674 2699/2806/2675 2723/2832/2699
f 2701/2809/2677 2723/2832/2699 2699/2806/2675
f 2699/2806/2675 2677/2783/2653 2701/2809/2677
f 2724/2834/2700 2725/2835/2701 2701/2809/2677
f 2701/2809/2677 2700/2808/2676 2724/2834/2700
f 2726/2836/2702 2724/2834/2700 2700/2808/2676
f 2700/2808/2676 2702/2810/2678 2726/2836/2702
f 2727/2837/2703 2726/2836/2702 2702/2810/2678
f 2702/2810/2678 2703/2811/2679 2727/2837/2703
f 2728/2838/2704 2727/2837/2703 2703/2811/2679
f 2703/2811/2679 2704/2812/2680 2728/2838/2704
f 2729/2839/2705 2728/2838/2704 2704/2812/2680
f 2704/2812/2680 2705/2813/2681 2729/2839/2705
f 2730/2840/2706 2729/2839/2705 2705/2813/2681
f 2705/2813/2681 2706/2814/2682 2730/2840/2706
f 2731/2841/2707 2730/2840/2706 2706/2814/2682
f 2706/2814/2682 2707/2815/2683 2731/2841/2707
f 2732/2842/2708 2731/2841/2707 2707/2815/2683
f 2707/2815/2683 2708/2816/2684 2732/2842/2708
f 2733/2843/2709 2732/2842/2708 2708/2816/2684
f 2708/2816/2684 2709/2817/2685 2733/2843/2709
f 2734/2844/2710 2733/2843/2709 2709/2817/2685
f 2709/2817/2685 2710/2818/2686 2734/2844/2710
f 2735/2845/2711 2734/2846/2710 2710/2820/2686
f 2710/2820/2686 2711/2819/2687 2735/2845/2711
f 2736/2847/2712 2735/2845/2711 2711/2819/2687
f 2711/2819/2687 2712/2821/2688 2736/2847/2712
f 2737/2848/2713 2736/2847/2712 2712/2821/2688
f 2712/2821/2688 2713/2822/2689 2737/2848/2713
f 2738/2849/2714 2737/2848/2713 2713/2822/2689
f 2713/2822/2689 2714/2823/2690 2738/2849/2714
f 2739/2850/2715 2738/2849/2714 2714/2823/2690
f 2714/2823/2690 2715/2824/2691 2739/2850/2715
f 2740/2851/2716 2739/2850/2715 2715/2824/2691
f 2715/2824/2691 2716/2825/2692 2740/2851/2716
f 2741/2852/2717 2740/2851/2716 2716/2825/2692
f 2716/2825/2692 2717/2826/2693 2741/2852/2717
f 2742/2853/2718 2741/2852/2717 2717/2826/2693
f 2717/2826/2693 2718/2827/2694 2742/2853/2718
f 2743/2854/2719 2742/2853/2718 2718/2827/2694
f 2718/2827/2694 2719/2828/2695 2743/2854/2719
f 2744/2855/2720 2743/2854/2719 2719/2828/2695
f 2719/2828/2695 2720/2829/2696 2744/2855/2720
f 2745/2856/2721 2744/2855/2720 2720/2829/2696
f 2720/2829/2696 2721/2830/2697 2745/2856/2721
f 2746/2857/2722 2745/2856/2721 2721/2830/2697
f 2721/2830/2697 2722/2831/2698 2746/2857/2722
f 2747/2858/2723 2746/2859/2722 2722/2833/2698
f 2722/2833/2698 2723/2832/2699 2747/2858/2723
f 2725/2835/2701 2747/2858/2723 2723/2832/2699
f 2723/2832/2699 2701/2809/2677 2725/2835/2701
f 2748/2860/2724 2749/2861/2725 2725/2835/2701
f 2725/2835/2701 2724/2834/2700 2748/2860/2724
f 2750/2862/2726 2748/2860/2724 2724/2834/2700
f 2724/2834/2700 2726/2836/2702 2750/2862/2726
f 2751/2863/2727 2750/2862/2726 2726/2836/2702
f 2726/2836/2702 2727/2837/2703 2751/2863/2727
f 2752/2864/2728 2751/2863/2727 2727/2837/2703
f 2727/2837/2703 2728/2838/2704 2752/2864/2728
f 2753/2865/2729 2752/2864/2728 2728/2838/2704
f 2728/2838/2704 2729/2839/2705 2753/2865/2729
f 2754/2866/2730 2753/2865/2729 2729/2839/2705
f 2729/2839/2705 2730/2840/2706 2754/2866/2730
f 2755/2867/2731 2754/2866/2730 2730/2840/2706
f 2730/2840/2706 2731/2841/2707 2755/2867/2731
f 2756/2868/2732 2755/2867/2731 2731/2841/2707
f 2731/2841/2707 2732/2842/2708 2756/2868/2732
f 2757/2869/2733 2756/2868/2732 2732/2842/2708
f 2732/2842/2708 2733/2843/2709 2757/2869/2733
f 2758/2870/2734 2757/2869/2733 2733/2843/2709
f 2733/2843/2709 2734/2844/2710 2758/2870/2734
f 2759/2871/2735 2758/2872/2734 2734/2846/2710
f 2734/2846/2710 2735/2845/2711 2759/2871/2735
f 2760/2873/2736 2759/2871/2735 2735/2845/2711
f 2735/2845/2711 2736/2847/2712 2760/2873/2736
f 2761/2874/2737 2760/2873/2736 2736/2847/2712
f 2736/2847/2712 2737/2848/2713 2761/2874/2737
f 2762/2875/2738 2761/2874/2737 2737/2848/2713
f 2737/2848/2713 2738/2849/2714 2762/2875/2738
f 2763/2876/2739 2762/2875/2738 2738/2849/2714
f 2738/2849/2714 2739/2850/2715 2763/2876/2739
f 2764/2877/2740 2763/2876/2739 2739/2850/2715
f 2739/2850/2715 2740/2851/2716 2764/2877/2740
f 2765/2878/2741 2764/2877/2740 2740/2851/2716
f 2740/2851/2716 2741/2852/2717 2765/2878/2741
f 2766/2879/2742 2765/2878/2741 2741/2852/2717
f 2741/2852/2717 2742/2853/2718 2766/2879/2742
f 2767/2880/2743 2766/2879/2742 2742/2853/2718
f 2742/2853/2718 2743/2854/2719 2767/2880/2743
f 2768/2881/2744 2767/2880/2743 2743/2854/2719
f 2743/2854/2719 2744/2855/2720 2768/2881/2744
f 2769/2882/2745 2768/2881/2744 2744/2855/2720
f 2744/2855/2720 2745/2856/2721 2769/2882/2745
f 2770/2883/2746 2769/2882/2745 2745/2856/2721
f 2745/2856/2721 2746/2857/2722 2770/2883/2746
f 2771/2884/2747 2770/2885/2746 2746/2859/2722
f 2746/2859/2722 2747/2858/2723 2771/2884/2747
f 2749/2861/2725 2771/2884/2747 2747/2858/2723
f 2747/2858/2723 2725/2835/2701 2749/2861/2725
f 2772/2886/2748 2773/2887/2749 2749/2861/2725
f 2749/2861/2725 2748/2860/2724 2772/2886/2748
f 2774/2888/2750 2772/2886/2748 2748/2860/2724
f 2748/2860/2724 2750/2862/2726 2774/2888/2750
f 2775/2889/2751 2774/2888/2750 2750/2862/2726
f 2750/2862/2726 2751/2863/2727 2775/2889/2751
f 2776/2890/2752 2775/2889/2751 2751/2863/2727
f 2751/2863/2727 2752/2864/2728 2776/2890/2752
f 2777/2891/2753 2776/2890/2752 2752/2864/2728
f 2752/2864/2728 2753/2865/2729 2777/2891/2753
f 2778/2892/2754 2777/2891/2753 2753/2865/2729
f 2753/2865/2729 2754/2866/2730 2778/2892/2754
f 2779/2893/2755 2778/2892/2754 2754/2866/2730
f 2754/2866/2730 2755/2867/2731 2779/2893/2755
f 2780/2894/2756 2779/2893/2755 2755/2867/2731
f 2755/2867/2731 2756/2868/2732 2780/2894/2756
f 2781/2895/2757 2780/2894/2756 2756/2868/2732
f 2756/2868/2732 2757/2869/2733 2781/2895/2757
f 2782/2896/2758 2781/2895/2757 2757/2869/2733
f 2757/2869/2733 2758/2870/2734 2782/2896/2758
f 2783/2897/2759 2782/2896/2758 2758/2870/2734
f 2758/2870/2734 2759/2898/2735 2783/2897/2759
f 2784/2899/2760 2783/2900/2759 2759/2871/2735
f 2759/2871/2735 2760/2873/2736 2784/2899/2760
f 2785/2901/2761 2784/2899/2760 2760/2873/2736
f 2760/2873/2736 2761/2874/2737 2785/2901/2761
f 2786/2902/2762 2785/2901/2761 2761/2874/2737
f 2761/2874/2737 2762/2875/2738 2786/2902/2762
f 2787/2903/2763 2786/2902/2762 2762/2875/2738
f 2762/2875/2738 2763/2876/2739 2787/2903/2763
f 2788/2904/2764 2787/2903/2763 2763/2876/2739
f 2763/2876/2739 2764/2877/2740 2788/2904/2764
f 2789/2905/2765 2788/2904/2764 2764/2877/2740
f 2764/2877/2740 2765/2878/2741 2789/2905/2765
f 2790/2906/2766 2789/2905/2765 2765/2878/2741
f 2765/2878/2741 2766/2879/2742 2790/2906/2766
f 2791/2907/2767 2790/2906/2766 2766/2879/2742
f 2766/2879/2742 2767/2880/2743 2791/2907/2767
f 2792/2908/2768 2791/2907/2767 2767/2880/2743
f 2767/2880/2743 2768/2881/2744 2792/2908/2768
f 2793/2909/2769 2792/2908/2768 2768/2881/2744
f 2768/2881/2744 2769/2882/2745 2793/2909/2769
f 2794/2910/2770 2793/2909/2769 2769/2882/2745
f 2769/2882/2745 2770/2883/2746 2794/2910/2770
f 2795/2911/2771 2794/2910/2770 2770/2883/2746
f 2770/2883/2746 2771/2912/2747 2795/2911/2771
f 2773/2887/2749 2795/2913/2771 2771/2884/2747
f 2771/2884/2747 2749/2861/2725 2773/2887/2749
f 2796/2914/2772 2797/2915/2773 2773/2887/2749
f 2773/2887/2749 2772/2886/2748 2796/2914/2772
f 2798/2916/2774 2796/2914/2772 2772/2886/2748
f 2772/2886/2748 2774/2888/2750 2798/2916/2774
f 2799/2917/2775 2798/2916/2774 2774/2888/2750
f 2774/2888/2750 2775/2889/2751 2799/2917/2775
f 2800/2918/2776 2799/2917/2775 2775/2889/2751
f 2775/2889/2751 2776/2890/2752 2800/2918/2776
f 2801/2919/2777 2800/2918/2776 2776/2890/2752
f 2776/2890/2752 2777/2891/2753 2801/2919/2777
f 2802/2920/2778 2801/2919/2777 2777/2891/2753
f 2777/2891/2753 2778/2892/2754 2802/2920/2778
f 2803/2921/2779 2802/2920/2778 2778/2892/2754
f 2778/2892/2754 2779/2893/2755 2803/2921/2779
f 2804/2922/2780 2803/2921/2779 2779/2893/2755
f 2779/2893/2755 2780/2894/2756 2804/2922/2780
f 2805/2923/2781 2804/2922/2780 2780/2894/2756
f 2780/2894/2756 2781/2895/2757 2805/2923/2781
f 2806/2924/2782 2805/2923/2781 2781/2895/2757
f 2781/2895/2757 2782/2896/2758 2806/2924/2782
f 2807/2925/2783 2806/2924/2782 2782/2896/2758
f 2782/2896/2758 2783/2897/2759 2807/2925/2783
f 2808/2926/2784 2807/2927/2783 2783/2900/2759
f 2783/2900/2759 2784/2899/2760 2808/2926/2784
f 2809/2928/2785 2808/2926/2784 2784/2899/2760
f 2784/2899/2760 2785/2901/2761 2809/2928/2785
f 2810/2929/2786 2809/2928/2785 2785/2901/2761
f 2785/2901/2761 2786/2902/2762 2810/2929/2786
f 2811/2930/2787 2810/2929/2786 2786/2902/2762
f 2786/2902/2762 2787/2903/2763 2811/2930/2787
f 2812/2931/2788 2811/2930/2787 2787/2903/2763
f 2787/2903/2763 2788/2904/2764 2812/2931/2788
f 2813/2932/2789 2812/2931/2788 2788/2904/2764
f 2788/2904/2764 2789/2905/2765 2813/2932/2789
f 2814/2933/2790 2813/2932/2789 2789/2905/2765
f 2789/2905/2765 2790/2906/2766 2814/2933/2790
f 2815/2934/2791 2814/2933/2790 2790/2906/2766
f 2790/2906/2766 2791/2907/2767 2815/2934/2791
f 2816/2935/2792 2815/2934/2791 2791/2907/2767
f 2791/2907/2767 2792/2908/2768 2816/2935/2792
f 2817/2936/2793 2816/2935/2792 2792/2908/2768
f 2792/2908/2768 2793/2909/2769 2817/2936/2793
f 2818/2937/2794 2817/2936/2793 2793/2909/2769
f 2793/2909/2769 2794/2910/2770 2818/2937/2794
f 2819/2938/2795 2818/2937/2794 2794/2910/2770
f 2794/2910/2770 2795/2911/2771 2819/2938/2795
f 2797/2915/2773 2819/2939/2795 2795/2913/2771
f 2795/2913/2771 2773/2887/2749 2797/2915/2773
f 2820/2940/2796 2821/2941/2797 2797/2915/2773
f 2797/2915/2773 2796/2914/2772 2820/2940/2796
f 2822/2942/2798 2820/2940/2796 2796/2914/2772
f 2796/2914/2772 2798/2916/2774 2822/2942/2798
f 2823/2943/2799 2822/2942/2798 2798/2916/2774
f 2798/2916/2774 2799/2917/2775 2823/2943/2799
f 2824/2944/2800 2823/2943/2799 2799/2917/2775
f 2799/2917/2775 2800/2918/2776 2824/2944/2800
f 2825/2945/2801 2824/2944/2800 2800/2918/2776
f 2800/2918/2776 2801/2919/2777 2825/2945/2801
f 2826/2946/2802 2825/2945/2801 2801/2919/2777
f 2801/2919/2777 2802/2920/2778 2826/2946/2802
f 2827/2947/2803 2826/2946/2802 2802/2920/2778
f 2802/2920/2778 2803/2921/2779 2827/2947/2803
f 2828/2948/2804 2827/2947/2803 2803/2921/2779
f 2803/2921/2779 2804/2922/2780 2828/2948/2804
f 2829/2949/2805 2828/2948/2804 2804/2922/2780
f 2804/2922/2780 2805/2923/2781 2829/2949/2805
f 2830/2950/2806 2829/2949/2805 2805/2923/2781
f 2805/2923/2781 2806/2924/2782 2830/2950/2806
f 2831/2951/2807 2830/2950/2806 2806/2924/2782
f 2806/2924/2782 2807/2925/2783 2831/2951/2807
f 2832/2952/2808 2831/2953/2807 2807/2927/2783
f 2807/2927/2783 2808/2926/2784 2832/2952/2808
f 2833/2954/2809 2832/2952/2808 2808/2926/2784
f 2808/2926/2784 2809/2928/2785 2833/2954/2809
f 2834/2955/2810 2833/2954/2809 2809/2928/2785
f 2809/2928/2785 2810/2929/2786 2834/2955/2810
f 2835/2956/2811 2834/2955/2810 2810/2929/2786
f 2810/2929/2786 2811/2930/2787 2835/2956/2811
f 2836/2957/2812 2835/2956/2811 2811/2930/2787
f 2811/2930/2787 2812/2931/2788 2836/2957/2812
f 2837/2958/2813 2836/2957/2812 2812/2931/2788
f 2812/2931/2788 2813/2932/2789 2837/2958/2813
f 2838/2959/2814 2837/2958/2813 2813/2932/2789
f 2813/2932/2789 2814/2933/2790 2838/2959/2814
f 2839/2960/2815 2838/2959/2814 2814/2933/2790
f 2814/2933/2790 2815/2934/2791 2839/2960/2815
f 2840/2961/2816 2839/2960/2815 2815/2934/2791
f 2815/2934/2791 2816/2935/2792 2840/2961/2816
f 2841/2962/2817 2840/2961/2816 2816/2935/2792
f 2816/2935/2792 2817/2936/2793 2841/2962/2817
f 2842/2963/2818 2841/2962/2817 2817/2936/2793
f 2817/2936/2793 2818/2937/2794 2842/2963/2818
f 2843/2964/2819 2842/2963/2818 2818/2937/2794
f 2818/2937/2794 2819/2938/2795 2843/2964/2819
f 2821/2941/2797 2843/2965/2819 2819/2939/2795
f 2819/2939/2795 2797/2915/2773 2821/2941/2797
f 2423/2505/2399 2421/2503/2397 2419/2501/2395
f 2425/2507/2401 2423/2505/2399 2419/2501/2395
f 2427/2509/2403 2425/2507/2401 2419/2501/2395
f 2429/2511/2405 2427/2509/2403 2419/2501/2395
f 2431/2513/2407 2429/2511/2405 2419/2501/2395
f 2433/2515/2409 2431/2513/2407 2419/2501/2395
f 2435/2517/2411 2433/2515/2409 2419/2501/2395
f 2390/2966/2366 2435/2517/2411 2419/2501/2395
f 2391/2967/2367 2390/2966/2366 2419/2501/2395
f 2393/2968/2369 2391/2967/2367 2419/2501/2395
f 2395/2969/2371 2393/2968/2369 2419/2501/2395
f 2397/2970/2373 2395/2969/2371 2419/2501/2395
f 2399/2971/2375 2397/2970/2373 2419/2501/2395
f 2401/2972/2377 2399/2971/2375 2419/2501/2395
f 2403/2973/2379 2401/2972/2377 2419/2501/2395
f 2405/2974/2381 2403/2973/2379 2419/2501/2395
f 2407/2975/2383 2405/2974/2381 2419/2501/2395
f 2407/2975/2383 2419/2501/2395 2417/2499/2393
f 2409/2976/2385 2407/2975/2383 2417/2499/2393
f 2409/2976/2385 2417/2499/2393 2415/2497/2391
f 2411/2494/2387 2409/2976/2385 2415/2497/2391
f 2411/2494/2387 2415/2497/2391 2413/2495/2389
f 2831/2951/2807 2832/2977/2808 2833/2978/2809
f 2835/2979/2811 2836/2980/2812 2837/2981/2813
f 2835/2979/2811 2837/2981/2813 2838/2982/2814
f 2835/2979/2811 2838/2982/2814 2839/2983/2815
f 2835/2979/2811 2839/2983/2815 2840/2984/2816
f 2835/2979/2811 2840/2984/2816 2841/2985/2817
f 2835/2979/2811 2841/2985/2817 2842/2986/2818
f 2835/2979/2811 2842/2986/2818 2843/2965/2819
f 2835/2979/2811 2843/2965/2819 2821/2941/2797
f 2835/2979/2811 2821/2941/2797 2820/2940/2796
f 2835/2979/2811 2820/2940/2796 2822/2942/2798
f 2835/2979/2811 2822/2942/2798 2823/2943/2799
f 2835/2979/2811 2823/2943/2799 2824/2944/2800
f 2835/2979/2811 2824/2944/2800 2825/2945/2801
f 2835/2979/2811 2825/2945/2801 2826/2946/2802
f 2835/2979/2811 2826/2946/2802 2827/2947/2803
f 2835/2979/2811 2827/2947/2803 2828/2948/2804
f 2835/2979/2811 2828/2948/2804 2829/2949/2805
f 2834/2987/2810 2835/2979/2811 2829/2949/2805
f 2834/2987/2810 2829/2949/2805 2830/2950/2806
f 2833/2978/2809 2834/2987/2810 2830/2950/2806
f 2831/2951/2807 2833/2978/2809 2830/2950/2806
s 3
f 1911/1911/1887 2844/2988/2820 2845/2989/2821
f 2845/2989/2821 1910/1909/1886 1911/1911/1887
f 1912/1912/1888 2846/2990/2822 2844/2988/2820
f 2844/2988/2820 1911/1911/1887 1912/1912/1888
f 1913/1913/1889 2847/2991/2823 2846/2990/2822
f 2846/2990/2822 1912/1912/1888 1913/1913/1889
f 1914/1914/1890 2848/2992/2824 2847/2991/2823
f 2847/2991/2823 1913/1913/1889 1914/1914/1890
f 1915/1915/1891 2849/2993/2825 2848/2992/2824
f 2848/2992/2824 1914/1914/1890 1915/1915/1891
f 1916/1916/1892 2850/2994/2826 2849/2993/2825
f 2849/2993/2825 1915/1915/1891 1916/1916/1892
f 1917/1917/1893 2851/2995/2827 2850/2994/2826
f 2850/2994/2826 1916/1916/1892 1917/1917/1893
f 1918/1918/1894 2852/2996/2828 2851/2995/2827
f 2851/2995/2827 1917/1917/1893 1918/1918/1894
f 1919/1919/1895 2853/2997/2829 2852/2996/2828
f 2852/2996/2828 1918/1918/1894 1919/1919/1895
f 1920/1920/1896 2854/2998/2830 2853/2997/2829
f 2853/2997/2829 1919/1919/1895 1920/1920/1896
f 1921/1921/1897 2855/2999/2831 2854/2998/2830
f 2854/2998/2830 1920/1920/1896 1921/1921/1897
f 1922/1922/1898 2856/3000/2832 2855/3001/2831
f 2855/3001/2831 1921/1923/1897 1922/1922/1898
f 1923/1924/1899 2857/3002/2833 2856/3000/2832
f 2856/3000/2832 1922/1922/1898 1923/1924/1899
f 1924/1925/1900 2858/3003/2834 2857/3002/2833
f 2857/3002/2833 1923/1924/1899 1924/1925/1900
f 1925/1926/1901 2859/3004/2835 2858/3003/2834
f 2858/3003/2834 1924/1925/1900 1925/1926/1901
f 1926/1927/1902 2860/3005/2836 2859/3004/2835
f 2859/3004/2835 1925/1926/1901 1926/1927/1902
f 1927/1928/1903 2861/3006/2837 2860/3005/2836
f 2860/3005/2836 1926/1927/1902 1927/1928/1903
f 1928/1929/1904 2862/3007/2838 2861/3006/2837
f 2861/3006/2837 1927/1928/1903 1928/1929/1904
f 1929/1930/1905 2863/3008/2839 2862/3007/2838
f 2862/3007/2838 1928/1929/1904 1929/1930/1905
f 1930/1931/1906 2864/3009/2840 2863/3008/2839
f 2863/3008/2839 1929/1930/1905 1930/1931/1906
f 1931/1932/1907 2865/3010/2841 2864/3009/2840
f 2864/3009/2840 1930/1931/1906 1931/1932/1907
f 1909/1908/1885 2866/3011/2842 2865/3010/2841
f 2865/3010/2841 1931/1932/1907 1909/1908/1885
f 1908/1907/1884 2867/3012/2843 2866/3011/2842
f 2866/3011/2842 1909/1908/1885 1908/1907/1884
f 1910/1909/1886 2845/2989/2821 2867/3013/2843
f 2867/3013/2843 1908/1910/1884 1910/1909/1886
f 2844/2988/2820 1937/1938/1913 1935/1936/1911
f 1935/1936/1911 2845/2989/2821 2844/2988/2820
f 2846/2990/2822 1939/1940/1915 1937/1938/1913
f 1937/1938/1913 2844/2988/2820 2846/2990/2822
f 2847/2991/2823 1941/1942/1917 1939/1940/1915
f 1939/1940/1915 2846/2990/2822 2847/2991/2823
f 2848/2992/2824 1943/1944/1919 1941/1942/1917
f 1941/1942/1917 2847/2991/2823 2848/2992/2824
f 2849/2993/2825 1945/1946/1921 1943/1944/1919
f 1943/1944/1919 2848/2992/2824 2849/2993/2825
f 2850/2994/2826 1947/1948/1923 1945/1946/1921
f 1945/1946/1921 2849/2993/2825 2850/2994/2826
f 2851/2995/2827 1949/1950/1925 1947/1948/1923
f 1947/1948/1923 2850/2994/2826 2851/2995/2827
f 2852/2996/2828 1951/1952/1927 1949/1950/1925
f 1949/1950/1925 2851/2995/2827 2852/2996/2828
f 2853/2997/2829 1953/1954/1929 1951/1952/1927
f 1951/1952/1927 2852/2996/2828 2853/2997/2829
f 2854/2998/2830 1955/1956/1931 1953/1954/1929
f 1953/1954/1929 2853/2997/2829 2854/2998/2830
f 2855/2999/2831 1957/3014/1933 1955/1956/1931
f 1955/1956/1931 2854/2998/2830 2855/2999/2831
f 1959/1962/1935 1957/1960/1933 2855/3001/2831
f 2855/3001/2831 2856/3000/2832 1959/1962/1935
f 1961/1964/1937 1959/1962/1935 2856/3000/2832
f 2856/3000/2832 2857/3002/2833 1961/1964/1937
f 1963/1966/1939 1961/1964/1937 2857/3002/2833
f 2857/3002/2833 2858/3003/2834 1963/1966/1939
f 1965/1968/1941 1963/1966/1939 2858/3003/2834
f 2858/3003/2834 2859/3004/2835 1965/1968/1941
f 1967/1970/1943 1965/1968/1941 2859/3004/2835
f 2859/3004/2835 2860/3005/2836 1967/1970/1943
f 1969/1972/1945 1967/1970/1943 2860/3005/2836
f 2860/3005/2836 2861/3006/2837 1969/1972/1945
f 2862/3007/2838 1971/1974/1947 1969/1972/1945
f 1969/1972/1945 2861/3006/2837 2862/3007/2838
f 2863/3008/2839 1973/1976/1949 1971/1974/1947
f 1971/1974/1947 2862/3007/2838 2863/3008/2839
f 2864/3009/2840 1975/1978/1951 1973/1976/1949
f 1973/1976/1949 2863/3008/2839 2864/3009/2840
f 2865/3010/2841 1977/1980/1953 1975/1978/1951
f 1975/1978/1951 2864/3009/2840 2865/3010/2841
f 2866/3011/2842 1979/1982/1955 1977/1980/1953
f 1977/1980/1953 2865/3010/2841 2866/3011/2842
f 2867/3012/2843 1934/3015/1910 1979/1982/1955
f 1979/1982/1955 2866/3011/2842 2867/3012/2843
f 2845/2989/2821 1935/1936/1911 1934/1935/1910
f 1934/1935/1910 2867/3013/2843 2845/2989/2821
f 2868/3016/2844 2869/3017/2845 2870/3018/2846
f 2870/3018/2846 2871/3019/2847 2868/3016/2844
f 2872/3020/2848 2873/3021/2849 2869/3022/2845
f 2869/3022/2845 2868/3023/2844 2872/3020/2848
f 2874/3024/2850 2875/3025/2851 2873/3021/2849
f 2873/3021/2849 2872/3020/2848 2874/3024/2850
f 2876/3026/2852 2877/3027/2853 2875/3025/2851
f 2875/3025/2851 2874/3024/2850 2876/3026/2852
f 2878/3028/2854 2879/3029/2855 2877/3027/2853
f 2877/3027/2853 2876/3026/2852 2878/3028/2854
f 2880/3030/2856 2881/3031/2857 2879/3029/2855
f 2879/3029/2855 2878/3028/2854 2880/3030/2856
f 2882/3032/2858 2883/3033/2859 2881/3031/2857
f 2881/3031/2857 2880/3030/2856 2882/3032/2858
f 2884/3034/2860 2885/3035/2861 2883/3033/2859
f 2883/3033/2859 2882/3032/2858 2884/3034/2860
f 2886/3036/2862 2887/3037/2863 2885/3035/2861
f 2885/3035/2861 2884/3034/2860 2886/3036/2862
f 2888/3038/2864 2889/3039/2865 2887/3037/2863
f 2887/3037/2863 2886/3036/2862 2888/3038/2864
f 2890/3040/2866 2891/3041/2867 2889/3039/2865
f 2889/3039/2865 2888/3038/2864 2890/3040/2866
f 2892/3042/2868 2893/3043/2869 2891/3041/2867
f 2891/3041/2867 2890/3040/2866 2892/3042/2868
f 2894/3044/2870 2895/3045/2871 2893/3043/2869
f 2893/3043/2869 2892/3042/2868 2894/3044/2870
f 2896/3046/2872 2897/3047/2873 2895/3048/2871
f 2895/3048/2871 2894/3049/2870 2896/3046/2872
f 2898/3050/2874 2899/3051/2875 2897/3047/2873
f 2897/3047/2873 2896/3046/2872 2898/3050/2874
f 2900/3052/2876 2901/3053/2877 2899/3051/2875
f 2899/3051/2875 2898/3050/2874 2900/3052/2876
f 2902/3054/2878 2903/3055/2879 2901/3053/2877
f 2901/3053/2877 2900/3052/2876 2902/3054/2878
f 2904/3056/2880 2905/3057/2881 2903/3055/2879
f 2903/3055/2879 2902/3054/2878 2904/3056/2880
f 2906/3058/2882 2907/3059/2883 2905/3057/2881
f 2905/3057/2881 2904/3056/2880 2906/3058/2882
f 2908/3060/2884 2909/3061/2885 2907/3059/2883
f 2907/3059/2883 2906/3058/2882 2908/3060/2884
f 2910/3062/2886 2911/3063/2887 2909/3061/2885
f 2909/3061/2885 2908/3060/2884 2910/3062/2886
f 2912/3064/2888 2913/3065/2889 2911/3063/2887
f 2911/3063/2887 2910/3062/2886 2912/3064/2888
f 2914/3066/2890 2915/3067/2891 2913/3065/2889
f 2913/3065/2889 2912/3064/2888 2914/3066/2890
f 2871/3019/2847 2870/3018/2846 2915/3067/2891
f 2915/3067/2891 2914/3066/2890 2871/3019/2847
f 2916/3068/2892 2868/3016/2844 2871/3019/2847
f 2871/3019/2847 2917/3069/2893 2916/3068/2892
f 2918/3070/2894 2872/3020/2848 2868/3023/2844
f 2868/3023/2844 2916/3071/2892 2918/3070/2894
f 2919/3072/2895 2874/3024/2850 2872/3020/2848
f 2872/3020/2848 2918/3070/2894 2919/3072/2895
f 2920/3073/2896 2876/3026/2852 2874/3024/2850
f 2874/3024/2850 2919/3072/2895 2920/3073/2896
f 2921/3074/2897 2878/3028/2854 2876/3026/2852
f 2876/3026/2852 2920/3073/2896 2921/3074/2897
f 2922/3075/2898 2880/3030/2856 2878/3028/2854
f 2878/3028/2854 2921/3074/2897 2922/3075/2898
f 2923/3076/2899 2882/3032/2858 2880/3030/2856
f 2880/3030/2856 2922/3075/2898 2923/3076/2899
f 2924/3077/2900 2884/3034/2860 2882/3032/2858
f 2882/3032/2858 2923/3076/2899 2924/3077/2900
f 2925/3078/2901 2886/3036/2862 2884/3034/2860
f 2884/3034/2860 2924/3077/2900 2925/3078/2901
f 2926/3079/2902 2888/3038/2864 2886/3036/2862
f 2886/3036/2862 2925/3078/2901 2926/3079/2902
f 2927/3080/2903 2890/3040/2866 2888/3038/2864
f 2888/3038/2864 2926/3079/2902 2927/3080/2903
f 2928/3081/2904 2892/3042/2868 2890/3040/2866
f 2890/3040/2866 2927/3080/2903 2928/3081/2904
f 2929/3082/2905 2894/3044/2870 2892/3042/2868
f 2892/3042/2868 2928/3081/2904 2929/3082/2905
f 2930/3083/2906 2896/3046/2872 2894/3049/2870
f 2894/3049/2870 2929/3084/2905 2930/3083/2906
f 2931/3085/2907 2898/3050/2874 2896/3046/2872
f 2896/3046/2872 2930/3083/2906 2931/3085/2907
f 2932/3086/2908 2900/3052/2876 2898/3050/2874
f 2898/3050/2874 2931/3085/2907 2932/3086/2908
f 2933/3087/2909 2902/3054/2878 2900/3052/2876
f 2900/3052/2876 2932/3086/2908 2933/3087/2909
f 2934/3088/2910 2904/3056/2880 2902/3054/2878
f 2902/3054/2878 2933/3087/2909 2934/3088/2910
f 2935/3089/2911 2906/3058/2882 2904/3056/2880
f 2904/3056/2880 2934/3088/2910 2935/3089/2911
f 2936/3090/2912 2908/3060/2884 2906/3058/2882
f 2906/3058/2882 2935/3089/2911 2936/3090/2912
f 2937/3091/2913 2910/3062/2886 2908/3060/2884
f 2908/3060/2884 2936/3090/2912 2937/3091/2913
f 2938/3092/2914 2912/3064/2888 2910/3062/2886
f 2910/3062/2886 2937/3091/2913 2938/3092/2914
f 2939/3093/2915 2914/3066/2890 2912/3064/2888
f 2912/3064/2888 2938/3092/2914 2939/3093/2915
f 2917/3069/2893 2871/3019/2847 2914/3066/2890
f 2914/3066/2890 2939/3093/2915 2917/3069/2893
f 2940/3094/2916 2916/3068/2892 2917/3069/2893
f 2917/3069/2893 2941/3095/2917 2940/3094/2916
f 2942/3096/2918 2918/3070/2894 2916/3071/2892
f 2916/3071/2892 2940/3097/2916 2942/3096/2918
f 2943/3098/2919 2919/3072/2895 2918/3070/2894
f 2918/3070/2894 2942/3096/2918 2943/3098/2919
f 2944/3099/2920 2920/3073/2896 2919/3072/2895
f 2919/3072/2895 2943/3098/2919 2944/3099/2920
f 2945/3100/2921 2921/3074/2897 2920/3073/2896
f 2920/3073/2896 2944/3099/2920 2945/3100/2921
f 2946/3101/2922 2922/3075/2898 2921/3074/2897
f 2921/3074/2897 2945/3100/2921 2946/3101/2922
f 2947/3102/2923 2923/3076/2899 2922/3075/2898
f 2922/3075/2898 2946/3101/2922 2947/3102/2923
f 2948/3103/2924 2924/3077/2900 2923/3076/2899
f 2923/3076/2899 2947/3102/2923 2948/3103/2924
f 2949/3104/2925 2925/3078/2901 2924/3077/2900
f 2924/3077/2900 2948/3103/2924 2949/3104/2925
f 2950/3105/2926 2926/3079/2902 2925/3078/2901
f 2925/3078/2901 2949/3104/2925 2950/3105/2926
f 2951/3106/2927 2927/3080/2903 2926/3079/2902
f 2926/3079/2902 2950/3105/2926 2951/3106/2927
f 2952/3107/2928 2928/3081/2904 2927/3080/2903
f 2927/3080/2903 2951/3106/2927 2952/3107/2928
f 2953/3108/2929 2929/3082/2905 2928/3081/2904
f 2928/3081/2904 2952/3107/2928 2953/3108/2929
f 2954/3109/2930 2930/3083/2906 2929/3084/2905
f 2929/3084/2905 2953/3110/2929 2954/3109/2930
f 2955/3111/2931 2931/3085/2907 2930/3083/2906
f 2930/3083/2906 2954/3109/2930 2955/3111/2931
f 2956/3112/2932 2932/3086/2908 2931/3085/2907
f 2931/3085/2907 2955/3111/2931 2956/3112/2932
f 2957/3113/2933 2933/3087/2909 2932/3086/2908
f 2932/3086/2908 2956/3112/2932 2957/3113/2933
f 2958/3114/2934 2934/3088/2910 2933/3087/2909
f 2933/3087/2909 2957/3113/2933 2958/3114/2934
f 2959/3115/2935 2935/3089/2911 2934/3088/2910
f 2934/3088/2910 2958/3114/2934 2959/3115/2935
f 2960/3116/2936 2936/3090/2912 2935/3089/2911
f 2935/3089/2911 2959/3115/2935 2960/3116/2936
f 2961/3117/2937 2937/3091/2913 2936/3090/2912
f 2936/3090/2912 2960/3116/2936 2961/3117/2937
f 2962/3118/2938 2938/3092/2914 2937/3091/2913
f 2937/3091/2913 2961/3117/2937 2962/3118/2938
f 2963/3119/2939 2939/3093/2915 2938/3092/2914
f 2938/3092/2914 2962/3118/2938 2963/3119/2939
f 2941/3095/2917 2917/3069/2893 2939/3093/2915
f 2939/3093/2915 2963/3119/2939 2941/3095/2917
f 2964/3120/2940 2940/3094/2916 2941/3095/2917
f 2941/3095/2917 2965/3121/2941 2964/3120/2940
f 2966/3122/2942 2942/3096/2918 2940/3097/2916
f 2940/3097/2916 2964/3123/2940 2966/3122/2942
f 2967/3124/2943 2943/3098/2919 2942/3096/2918
f 2942/3096/2918 2966/3122/2942 2967/3124/2943
f 2968/3125/2944 2944/3099/2920 2943/3098/2919
f 2943/3098/2919 2967/3124/2943 2968/3125/2944
f 2969/3126/2945 2945/3100/2921 2944/3099/2920
f 2944/3099/2920 2968/3125/2944 2969/3126/2945
f 2970/3127/2946 2946/3101/2922 2945/3100/2921
f 2945/3100/2921 2969/3126/2945 2970/3127/2946
f 2971/3128/2947 2947/3102/2923 2946/3101/2922
f 2946/3101/2922 2970/3127/2946 2971/3128/2947
f 2972/3129/2948 2948/3103/2924 2947/3102/2923
f 2947/3102/2923 2971/3128/2947 2972/3129/2948
f 2973/3130/2949 2949/3104/2925 2948/3103/2924
f 2948/3103/2924 2972/3129/2948 2973/3130/2949
f 2974/3131/2950 2950/3105/2926 2949/3104/2925
f 2949/3104/2925 2973/3130/2949 2974/3131/2950
f 2975/3132/2951 2951/3106/2927 2950/3105/2926
f 2950/3105/2926 2974/3131/2950 2975/3132/2951
f 2976/3133/2952 2952/3107/2928 2951/3106/2927
f 2951/3106/2927 2975/3132/2951 2976/3133/2952
f 2977/3134/2953 2953/3108/2929 2952/3107/2928
f 2952/3107/2928 2976/3133/2952 2977/3134/2953
f 2978/3135/2954 2954/3109/2930 2953/3110/2929
f 2953/3110/2929 2977/3136/2953 2978/3135/2954
f 2979/3137/2955 2955/3111/2931 2954/3109/2930
f 2954/3109/2930 2978/3135/2954 2979/3137/2955
f 2980/3138/2956 2956/3112/2932 2955/3111/2931
f 2955/3111/2931 2979/3137/2955 2980/3138/2956
f 2981/3139/2957 2957/3113/2933 2956/3112/2932
f 2956/3112/2932 2980/3138/2956 2981/3139/2957
f 2982/3140/2958 2958/3114/2934 2957/3113/2933
f 2957/3113/2933 2981/3139/2957 2982/3140/2958
f 2983/3141/2959 2959/3115/2935 2958/3114/2934
f 2958/3114/2934 2982/3140/2958 2983/3141/2959
f 2984/3142/2960 2960/3116/2936 2959/3115/2935
f 2959/3115/2935 2983/3141/2959 2984/3142/2960
f 2985/3143/2961 2961/3117/2937 2960/3116/2936
f 2960/3116/2936 2984/3142/2960 2985/3143/2961
f 2986/3144/2962 2962/3118/2938 2961/3117/2937
f 2961/3117/2937 2985/3143/2961 2986/3144/2962
f 2987/3145/2963 2963/3119/2939 2962/3118/2938
f 2962/3118/2938 2986/3144/2962 2987/3145/2963
f 2965/3121/2941 2941/3095/2917 2963/3119/2939
f 2963/3119/2939 2987/3145/2963 2965/3121/2941
f 2988/3146/2964 2989/3147/2965 2990/3148/2966
f 2990/3148/2966 2991/3149/2967 2988/3146/2964
f 2992/3150/2968 2993/3151/2969 2989/3147/2965
f 2989/3147/2965 2988/3146/2964 2992/3150/2968
f 2994/3152/2970 2995/3153/2971 2993/3151/2969
f 2993/3151/2969 2992/3150/2968 2994/3152/2970
f 2996/3154/2972 2997/3155/2973 2995/3153/2971
f 2995/3153/2971 2994/3152/2970 2996/3154/2972
f 2998/3156/2974 2999/3157/2975 2997/3155/2973
f 2997/3155/2973 2996/3154/2972 2998/3156/2974
f 3000/3158/2976 3001/3159/2977 2999/3157/2975
f 2999/3157/2975 2998/3156/2974 3000/3158/2976
f 3002/3160/2978 3003/3161/2979 3001/3159/2977
f 3001/3159/2977 3000/3158/2976 3002/3160/2978
f 3004/3162/2980 3005/3163/2981 3003/3161/2979
f 3003/3161/2979 3002/3160/2978 3004/3162/2980
f 3006/3164/2982 3007/3165/2983 3005/3163/2981
f 3005/3163/2981 3004/3162/2980 3006/3164/2982
f 3008/3166/2984 3009/3167/2985 3007/3165/2983
f 3007/3165/2983 3006/3164/2982 3008/3166/2984
f 3010/3168/2986 3011/3169/2987 3009/3167/2985
f 3009/3167/2985 3008/3166/2984 3010/3168/2986
f 3012/3170/2988 3013/3171/2989 3011/3172/2987
f 3011/3172/2987 3010/3173/2986 3012/3170/2988
f 3014/3174/2990 3015/3175/2991 3013/3171/2989
f 3013/3171/2989 3012/3170/2988 3014/3174/2990
f 3016/3176/2992 3017/3177/2993 3015/3175/2991
f 3015/3175/2991 3014/3174/2990 3016/3176/2992
f 3018/3178/2994 3019/3179/2995 3017/3177/2993
f 3017/3177/2993 3016/3176/2992 3018/3178/2994
f 3020/3180/2996 3021/3181/2997 3019/3179/2995
f 3019/3179/2995 3018/3178/2994 3020/3180/2996
f 3022/3182/2998 3023/3183/2999 3021/3181/2997
f 3021/3181/2997 3020/3180/2996 3022/3182/2998
f 3024/3184/3000 3025/3185/3001 3023/3183/2999
f 3023/3183/2999 3022/3182/2998 3024/3184/3000
f 3026/3186/3002 3027/3187/3003 3025/3185/3001
f 3025/3185/3001 3024/3184/3000 3026/3186/3002
f 3028/3188/3004 3029/3189/3005 3027/3187/3003
f 3027/3187/3003 3026/3186/3002 3028/3188/3004
f 3030/3190/3006 3031/3191/3007 3029/3189/3005
f 3029/3189/3005 3028/3188/3004 3030/3190/3006
f 3032/3192/3008 3033/3193/3009 3031/3191/3007
f 3031/3191/3007 3030/3190/3006 3032/3192/3008
f 3034/3194/3010 3035/3195/3011 3033/3193/3009
f 3033/3193/3009 3032/3192/3008 3034/3194/3010
f 2991/3149/2967 2990/3148/2966 3035/3196/3011
f 3035/3196/3011 3034/3197/3010 2991/3149/2967
f 3036/3198/3012 2988/3146/2964 2991/3149/2967
f 2991/3149/2967 3037/3199/3013 3036/3198/3012
f 3038/3200/3014 2992/3150/2968 2988/3146/2964
f 2988/3146/2964 3036/3198/3012 3038/3200/3014
f 3039/3201/3015 2994/3152/2970 2992/3150/2968
f 2992/3150/2968 3038/3200/3014 3039/3201/3015
f 3040/3202/3016 2996/3154/2972 2994/3152/2970
f 2994/3152/2970 3039/3201/3015 3040/3202/3016
f 3041/3203/3017 2998/3156/2974 2996/3154/2972
f 2996/3154/2972 3040/3202/3016 3041/3203/3017
f 3042/3204/3018 3000/3158/2976 2998/3156/2974
f 2998/3156/2974 3041/3203/3017 3042/3204/3018
f 3043/3205/3019 3002/3160/2978 3000/3158/2976
f 3000/3158/2976 3042/3204/3018 3043/3205/3019
f 3044/3206/3020 3004/3162/2980 3002/3160/2978
f 3002/3160/2978 3043/3205/3019 3044/3206/3020
f 3045/3207/3021 3006/3164/2982 3004/3162/2980
f 3004/3162/2980 3044/3206/3020 3045/3207/3021
f 3046/3208/3022 3008/3166/2984 3006/3164/2982
f 3006/3164/2982 3045/3207/3021 3046/3208/3022
f 3047/3209/3023 3010/3168/2986 3008/3166/2984
f 3008/3166/2984 3046/3208/3022 3047/3209/3023
f 3048/3210/3024 3012/3170/2988 3010/3173/2986
f 3010/3173/2986 3047/3211/3023 3048/3210/3024
f 3049/3212/3025 3014/3174/2990 3012/3170/2988
f 3012/3170/2988 3048/3210/3024 3049/3212/3025
f 3050/3213/3026 3016/3176/2992 3014/3174/2990
f 3014/3174/2990 3049/3212/3025 3050/3213/3026
f 3051/3214/3027 3018/3178/2994 3016/3176/2992
f 3016/3176/2992 3050/3213/3026 3051/3214/3027
f 3052/3215/3028 3020/3180/2996 3018/3178/2994
f 3018/3178/2994 3051/3214/3027 3052/3215/3028
f 3053/3216/3029 3022/3182/2998 3020/3180/2996
f 3020/3180/2996 3052/3215/3028 3053/3216/3029
f 3054/3217/3030 3024/3184/3000 3022/3182/2998
f 3022/3182/2998 3053/3216/3029 3054/3217/3030
f 3055/3218/3031 3026/3186/3002 3024/3184/3000
f 3024/3184/3000 3054/3217/3030 3055/3218/3031
f 3056/3219/3032 3028/3188/3004 3026/3186/3002
f 3026/3186/3002 3055/3218/3031 3056/3219/3032
f 3057/3220/3033 3030/3190/3006 3028/3188/3004
f 3028/3188/3004 3056/3219/3032 3057/3220/3033
f 3058/3221/3034 3032/3192/3008 3030/3190/3006
f 3030/3190/3006 3057/3220/3033 3058/3221/3034
f 3059/3222/3035 3034/3194/3010 3032/3192/3008
f 3032/3192/3008 3058/3221/3034 3059/3222/3035
f 3037/3199/3013 2991/3149/2967 3034/3197/3010
f 3034/3197/3010 3059/3223/3035 3037/3199/3013
f 3060/3224/3036 3036/3198/3012 3037/3199/3013
f 3037/3199/3013 3061/3225/3037 3060/3224/3036
f 3062/3226/3038 3038/3200/3014 3036/3198/3012
f 3036/3198/3012 3060/3224/3036 3062/3226/3038
f 3063/3227/3039 3039/3201/3015 3038/3200/3014
f 3038/3200/3014 3062/3226/3038 3063/3227/3039
f 3064/3228/3040 3040/3202/3016 3039/3201/3015
f 3039/3201/3015 3063/3227/3039 3064/3228/3040
f 3065/3229/3041 3041/3203/3017 3040/3202/3016
f 3040/3202/3016 3064/3228/3040 3065/3229/3041
f 3066/3230/3042 3042/3204/3018 3041/3203/3017
f 3041/3203/3017 3065/3229/3041 3066/3230/3042
f 3067/3231/3043 3043/3205/3019 3042/3204/3018
f 3042/3204/3018 3066/3230/3042 3067/3231/3043
f 3068/3232/3044 3044/3206/3020 3043/3205/3019
f 3043/3205/3019 3067/3231/3043 3068/3232/3044
f 3069/3233/3045 3045/3207/3021 3044/3206/3020
f 3044/3206/3020 3068/3232/3044 3069/3233/3045
f 3070/3234/3046 3046/3208/3022 3045/3207/3021
f 3045/3207/3021 3069/3233/3045 3070/3234/3046
f 3071/3235/3047 3047/3209/3023 3046/3208/3022
f 3046/3208/3022 3070/3234/3046 3071/3235/3047
f 3072/3236/3048 3048/3210/3024 3047/3211/3023
f 3047/3211/3023 3071/3237/3047 3072/3236/3048
f 3073/3238/3049 3049/3212/3025 3048/3210/3024
f 3048/3210/3024 3072/3236/3048 3073/3238/3049
f 3074/3239/3050 3050/3213/3026 3049/3212/3025
f 3049/3212/3025 3073/3238/3049 3074/3239/3050
f 3075/3240/3051 3051/3214/3027 3050/3213/3026
f 3050/3213/3026 3074/3239/3050 3075/3240/3051
f 3076/3241/3052 3052/3215/3028 3051/3214/3027
f 3051/3214/3027 3075/3240/3051 3076/3241/3052
f 3077/3242/3053 3053/3216/3029 3052/3215/3028
f 3052/3215/3028 3076/3241/3052 3077/3242/3053
f 3078/3243/3054 3054/3217/3030 3053/3216/3029
f 3053/3216/3029 3077/3242/3053 3078/3243/3054
f 3079/3244/3055 3055/3218/3031 3054/3217/3030
f 3054/3217/3030 3078/3243/3054 3079/3244/3055
f 3080/3245/3056 3056/3219/3032 3055/3218/3031
f 3055/3218/3031 3079/3244/3055 3080/3245/3056
f 3081/3246/3057 3057/3220/3033 3056/3219/3032
f 3056/3219/3032 3080/3245/3056 3081/3246/3057
f 3082/3247/3058 3058/3221/3034 3057/3220/3033
f 3057/3220/3033 3081/3246/3057 3082/3247/3058
f 3083/3248/3059 3059/3222/3035 3058/3221/3034
f 3058/3221/3034 3082/3247/3058 3083/3248/3059
f 3061/3225/3037 3037/3199/3013 3059/3223/3035
f 3059/3223/3035 3083/3249/3059 3061/3225/3037
f 3084/3250/3060 3060/3224/3036 3061/3225/3037
f 3061/3225/3037 3085/3251/3061 3084/3250/3060
f 3086/3252/3062 3062/3226/3038 3060/3224/3036
f 3060/3224/3036 3084/3250/3060 3086/3252/3062
f 3087/3253/3063 3063/3227/3039 3062/3226/3038
f 3062/3226/3038 3086/3252/3062 3087/3253/3063
f 3088/3254/3064 3064/3228/3040 3063/3227/3039
f 3063/3227/3039 3087/3253/3063 3088/3254/3064
f 3089/3255/3065 3065/3229/3041 3064/3228/3040
f 3064/3228/3040 3088/3254/3064 3089/3255/3065
f 3090/3256/3066 3066/3230/3042 3065/3229/3041
f 3065/3229/3041 3089/3255/3065 3090/3256/3066
f 3091/3257/3067 3067/3231/3043 3066/3230/3042
f 3066/3230/3042 3090/3256/3066 3091/3257/3067
f 3092/3258/3068 3068/3232/3044 3067/3231/3043
f 3067/3231/3043 3091/3257/3067 3092/3258/3068
f 3093/3259/3069 3069/3233/3045 3068/3232/3044
f 3068/3232/3044 3092/3258/3068 3093/3259/3069
f 3094/3260/3070 3070/3234/3046 3069/3233/3045
f 3069/3233/3045 3093/3259/3069 3094/3260/3070
f 3095/3261/3071 3071/3235/3047 3070/3234/3046
f 3070/3234/3046 3094/3260/3070 3095/3261/3071
f 3096/3262/3072 3072/3263/3048 3071/3235/3047
f 3071/3235/3047 3095/3261/3071 3096/3262/3072
f 3097/3264/3073 3073/3238/3049 3072/3236/3048
f 3072/3236/3048 3096/3265/3072 3097/3264/3073
f 3098/3266/3074 3074/3239/3050 3073/3238/3049
f 3073/3238/3049 3097/3264/3073 3098/3266/3074
f 3099/3267/3075 3075/3240/3051 3074/3239/3050
f 3074/3239/3050 3098/3266/3074 3099/3267/3075
f 3100/3268/3076 3076/3241/3052 3075/3240/3051
f 3075/3240/3051 3099/3267/3075 3100/3268/3076
f 3101/3269/3077 3077/3242/3053 3076/3241/3052
f 3076/3241/3052 3100/3268/3076 3101/3269/3077
f 3102/3270/3078 3078/3243/3054 3077/3242/3053
f 3077/3242/3053 3101/3269/3077 3102/3270/3078
f 3103/3271/3079 3079/3244/3055 3078/3243/3054
f 3078/3243/3054 3102/3270/3078 3103/3271/3079
f 3104/3272/3080 3080/3245/3056 3079/3244/3055
f 3079/3244/3055 3103/3271/3079 3104/3272/3080
f 3105/3273/3081 3081/3246/3057 3080/3245/3056
f 3080/3245/3056 3104/3272/3080 3105/3273/3081
f 3106/3274/3082 3082/3247/3058 3081/3246/3057
f 3081/3246/3057 3105/3273/3081 3106/3274/3082
f 3107/3275/3083 3083/3248/3059 3082/3247/3058
f 3082/3247/3058 3106/3274/3082 3107/3275/3083
f 3085/3276/3061 3061/3277/3037 3083/3248/3059
f 3083/3248/3059 3107/3275/3083 3085/3276/3061
f 3108/3278/3084 3084/3250/3060 3085/3251/3061
f 3085/3251/3061 3109/3279/3085 3108/3278/3084
f 3110/3280/3086 3086/3252/3062 3084/3250/3060
f 3084/3250/3060 3108/3278/3084 3110/3280/3086
f 3111/3281/3087 3087/3253/3063 3086/3252/3062
f 3086/3252/3062 3110/3280/3086 3111/3281/3087
f 3112/3282/3088 3088/3254/3064 3087/3253/3063
f 3087/3253/3063 3111/3281/3087 3112/3282/3088
f 3113/3283/3089 3089/3255/3065 3088/3254/3064
f 3088/3254/3064 3112/3282/3088 3113/3283/3089
f 3114/3284/3090 3090/3256/3066 3089/3255/3065
f 3089/3255/3065 3113/3283/3089 3114/3284/3090
f 3115/3285/3091 3091/3257/3067 3090/3256/3066
f 3090/3256/3066 3114/3284/3090 3115/3285/3091
f 3116/3286/3092 3092/3258/3068 3091/3257/3067
f 3091/3257/3067 3115/3285/3091 3116/3286/3092
f 3117/3287/3093 3093/3259/3069 3092/3258/3068
f 3092/3258/3068 3116/3286/3092 3117/3287/3093
f 3118/3288/3094 3094/3260/3070 3093/3259/3069
f 3093/3259/3069 3117/3287/3093 3118/3288/3094
f 3119/3289/3095 3095/3261/3071 3094/3260/3070
f 3094/3260/3070 3118/3288/3094 3119/3289/3095
f 3120/3290/3096 3096/3262/3072 3095/3261/3071
f 3095/3261/3071 3119/3289/3095 3120/3290/3096
f 3121/3291/3097 3097/3264/3073 3096/3265/3072
f 3096/3265/3072 3120/3292/3096 3121/3291/3097
f 3122/3293/3098 3098/3266/3074 3097/3264/3073
f 3097/3264/3073 3121/3291/3097 3122/3293/3098
f 3123/3294/3099 3099/3267/3075 3098/3266/3074
f 3098/3266/3074 3122/3293/3098 3123/3294/3099
f 3124/3295/3100 3100/3268/3076 3099/3267/3075
f 3099/3267/3075 3123/3294/3099 3124/3295/3100
f 3125/3296/3101 3101/3269/3077 3100/3268/3076
f 3100/3268/3076 3124/3295/3100 3125/3296/3101
f 3126/3297/3102 3102/3270/3078 3101/3269/3077
f 3101/3269/3077 3125/3296/3101 3126/3297/3102
f 3127/3298/3103 3103/3271/3079 3102/3270/3078
f 3102/3270/3078 3126/3297/3102 3127/3298/3103
f 3128/3299/3104 3104/3272/3080 3103/3271/3079
f 3103/3271/3079 3127/3298/3103 3128/3299/3104
f 3129/3300/3105 3105/3273/3081 3104/3272/3080
f 3104/3272/3080 3128/3299/3104 3129/3300/3105
f 3130/3301/3106 3106/3274/3082 3105/3273/3081
f 3105/3273/3081 3129/3300/3105 3130/3301/3106
f 3131/3302/3107 3107/3275/3083 3106/3274/3082
f 3106/3274/3082 3130/3301/3106 3131/3302/3107
f 3109/3303/3085 3085/3276/3061 3107/3275/3083
f 3107/3275/3083 3131/3302/3107 3109/3303/3085
f 3132/3304/3108 3108/3278/3084 3109/3279/3085
f 3109/3279/3085 3133/3305/3109 3132/3304/3108
f 3134/3306/3110 3110/3280/3086 3108/3278/3084
f 3108/3278/3084 3132/3304/3108 3134/3306/3110
f 3135/3307/3111 3111/3281/3087 3110/3280/3086
f 3110/3280/3086 3134/3306/3110 3135/3307/3111
f 3136/3308/3112 3112/3282/3088 3111/3281/3087
f 3111/3281/3087 3135/3307/3111 3136/3308/3112
f 3137/3309/3113 3113/3283/3089 3112/3282/3088
f 3112/3282/3088 3136/3308/3112 3137/3309/3113
f 3138/3310/3114 3114/3284/3090 3113/3283/3089
f 3113/3283/3089 3137/3309/3113 3138/3310/3114
f 3139/3311/3115 3115/3285/3091 3114/3284/3090
f 3114/3284/3090 3138/3310/3114 3139/3311/3115
f 3140/3312/3116 3116/3286/3092 3115/3285/3091
f 3115/3285/3091 3139/3311/3115 3140/3312/3116
f 3141/3313/3117 3117/3287/3093 3116/3286/3092
f 3116/3286/3092 3140/3312/3116 3141/3313/3117
f 3142/3314/3118 3118/3288/3094 3117/3287/3093
f 3117/3287/3093 3141/3313/3117 3142/3314/3118
f 3143/3315/3119 3119/3289/3095 3118/3288/3094
f 3118/3288/3094 3142/3314/3118 3143/3315/3119
f 3144/3316/3120 3120/3290/3096 3119/3289/3095
f 3119/3289/3095 3143/3315/3119 3144/3316/3120
f 3145/3317/3121 3121/3291/3097 3120/3292/3096
f 3120/3292/3096 3144/3318/3120 3145/3317/3121
f 3146/3319/3122 3122/3293/3098 3121/3291/3097
f 3121/3291/3097 3145/3317/3121 3146/3319/3122
f 3147/3320/3123 3123/3294/3099 3122/3293/3098
f 3122/3293/3098 3146/3319/3122 3147/3320/3123
f 3148/3321/3124 3124/3295/3100 3123/3294/3099
f 3123/3294/3099 3147/3320/3123 3148/3321/3124
f 3149/3322/3125 3125/3296/3101 3124/3295/3100
f 3124/3295/3100 3148/3321/3124 3149/3322/3125
f 3150/3323/3126 3126/3297/3102 3125/3296/3101
f 3125/3296/3101 3149/3322/3125 3150/3323/3126
f 3151/3324/3127 3127/3298/3103 3126/3297/3102
f 3126/3297/3102 3150/3323/3126 3151/3324/3127
f 3152/3325/3128 3128/3299/3104 3127/3298/3103
f 3127/3298/3103 3151/3324/3127 3152/3325/3128
f 3153/3326/3129 3129/3300/3105 3128/3299/3104
f 3128/3299/3104 3152/3325/3128 3153/3326/3129
f 3154/3327/3130 3130/3301/3106 3129/3300/3105
f 3129/3300/3105 3153/3326/3129 3154/3327/3130
f 3155/3328/3131 3131/3302/3107 3130/3301/3106
f 3130/3301/3106 3154/3327/3130 3155/3328/3131
f 3133/3329/3109 3109/3303/3085 3131/3302/3107
f 3131/3302/3107 3155/3328/3131 3133/3329/3109
f 3156/3330/3132 3132/3304/3108 3133/3305/3109
f 3133/3305/3109 3157/3331/3133 3156/3330/3132
f 3158/3332/3134 3134/3306/3110 3132/3304/3108
f 3132/3304/3108 3156/3330/3132 3158/3332/3134
f 3159/3333/3135 3135/3307/3111 3134/3306/3110
f 3134/3306/3110 3158/3332/3134 3159/3333/3135
f 3160/3334/3136 3136/3308/3112 3135/3307/3111
f 3135/3307/3111 3159/3333/3135 3160/3334/3136
f 3161/3335/3137 3137/3309/3113 3136/3308/3112
f 3136/3308/3112 3160/3334/3136 3161/3335/3137
f 3162/3336/3138 3138/3310/3114 3137/3309/3113
f 3137/3309/3113 3161/3335/3137 3162/3336/3138
f 3163/3337/3139 3139/3311/3115 3138/3310/3114
f 3138/3310/3114 3162/3336/3138 3163/3337/3139
f 3164/3338/3140 3140/3312/3116 3139/3311/3115
f 3139/3311/3115 3163/3337/3139 3164/3338/3140
f 3165/3339/3141 3141/3313/3117 3140/3312/3116
f 3140/3312/3116 3164/3338/3140 3165/3339/3141
f 3166/3340/3142 3142/3314/3118 3141/3313/3117
f 3141/3313/3117 3165/3339/3141 3166/3340/3142
f 3167/3341/3143 3143/3315/3119 3142/3314/3118
f 3142/3314/3118 3166/3340/3142 3167/3341/3143
f 3168/3342/3144 3144/3316/3120 3143/3315/3119
f 3143/3315/3119 3167/3341/3143 3168/3342/3144
f 3169/3343/3145 3145/3317/3121 3144/3318/3120
f 3144/3318/3120 3168/3344/3144 3169/3343/3145
f 3170/3345/3146 3146/3319/3122 3145/3317/3121
f 3145/3317/3121 3169/3343/3145 3170/3345/3146
f 3171/3346/3147 3147/3320/3123 3146/3319/3122
f 3146/3319/3122 3170/3345/3146 3171/3346/3147
f 3172/3347/3148 3148/3321/3124 3147/3320/3123
f 3147/3320/3123 3171/3346/3147 3172/3347/3148
f 3173/3348/3149 3149/3322/3125 3148/3321/3124
f 3148/3321/3124 3172/3347/3148 3173/3348/3149
f 3174/3349/3150 3150/3323/3126 3149/3322/3125
f 3149/3322/3125 3173/3348/3149 3174/3349/3150
f 3175/3350/3151 3151/3324/3127 3150/3323/3126
f 3150/3323/3126 3174/3349/3150 3175/3350/3151
f 3176/3351/3152 3152/3325/3128 3151/3324/3127
f 3151/3324/3127 3175/3350/3151 3176/3351/3152
f 3177/3352/3153 3153/3326/3129 3152/3325/3128
f 3152/3325/3128 3176/3351/3152 3177/3352/3153
f 3178/3353/3154 3154/3327/3130 3153/3326/3129
f 3153/3326/3129 3177/3352/3153 3178/3353/3154
f 3179/3354/3155 3155/3328/3131 3154/3327/3130
f 3154/3327/3130 3178/3353/3154 3179/3354/3155
f 3157/3355/3133 3133/3329/3109 3155/3328/3131
f 3155/3328/3131 3179/3354/3155 3157/3355/3133
f 3180/3356/3156 3156/3330/3132 3157/3331/3133
f 3157/3331/3133 3181/3357/3157 3180/3356/3156
f 3182/3358/3158 3158/3332/3134 3156/3330/3132
f 3156/3330/3132 3180/3356/3156 3182/3358/3158
f 3183/3359/3159 3159/3333/3135 3158/3332/3134
f 3158/3332/3134 3182/3358/3158 3183/3359/3159
f 3184/3360/3160 3160/3334/3136 3159/3333/3135
f 3159/3333/3135 3183/3359/3159 3184/3360/3160
f 3185/3361/3161 3161/3335/3137 3160/3334/3136
f 3160/3334/3136 3184/3360/3160 3185/3361/3161
f 3186/3362/3162 3162/3336/3138 3161/3335/3137
f 3161/3335/3137 3185/3361/3161 3186/3362/3162
f 3187/3363/3163 3163/3337/3139 3162/3336/3138
f 3162/3336/3138 3186/3362/3162 3187/3363/3163
f 3188/3364/3164 3164/3338/3140 3163/3337/3139
f 3163/3337/3139 3187/3363/3163 3188/3364/3164
f 3189/3365/3165 3165/3339/3141 3164/3338/3140
f 3164/3338/3140 3188/3364/3164 3189/3365/3165
f 3190/3366/3166 3166/3340/3142 3165/3339/3141
f 3165/3339/3141 3189/3365/3165 3190/3366/3166
f 3191/3367/3167 3167/3341/3143 3166/3340/3142
f 3166/3340/3142 3190/3366/3166 3191/3367/3167
f 3192/3368/3168 3168/3342/3144 3167/3341/3143
f 3167/3341/3143 3191/3367/3167 3192/3368/3168
f 3193/3369/3169 3169/3343/3145 3168/3344/3144
f 3168/3344/3144 3192/3370/3168 3193/3369/3169
f 3194/3371/3170 3170/3345/3146 3169/3343/3145
f 3169/3343/3145 3193/3369/3169 3194/3371/3170
f 3195/3372/3171 3171/3346/3147 3170/3345/3146
f 3170/3345/3146 3194/3371/3170 3195/3372/3171
f 3196/3373/3172 3172/3347/3148 3171/3346/3147
f 3171/3346/3147 3195/3372/3171 3196/3373/3172
f 3197/3374/3173 3173/3348/3149 3172/3347/3148
f 3172/3347/3148 3196/3373/3172 3197/3374/3173
f 3198/3375/3174 3174/3349/3150 3173/3348/3149
f 3173/3348/3149 3197/3374/3173 3198/3375/3174
f 3199/3376/3175 3175/3350/3151 3174/3349/3150
f 3174/3349/3150 3198/3375/3174 3199/3376/3175
f 3200/3377/3176 3176/3351/3152 3175/3350/3151
f 3175/3350/3151 3199/3376/3175 3200/3377/3176
f 3201/3378/3177 3177/3352/3153 3176/3351/3152
f 3176/3351/3152 3200/3377/3176 3201/3378/3177
f 3202/3379/3178 3178/3353/3154 3177/3352/3153
f 3177/3352/3153 3201/3378/3177 3202/3379/3178
f 3203/3380/3179 3179/3354/3155 3178/3353/3154
f 3178/3353/3154 3202/3379/3178 3203/3380/3179
f 3181/3381/3157 3157/3355/3133 3179/3354/3155
f 3179/3354/3155 3203/3380/3179 3181/3381/3157
f 3204/3382/3180 3180/3356/3156 3181/3357/3157
f 3181/3357/3157 3205/3383/3181 3204/3382/3180
f 3206/3384/3182 3182/3358/3158 3180/3356/3156
f 3180/3356/3156 3204/3382/3180 3206/3384/3182
f 3207/3385/3183 3183/3359/3159 3182/3358/3158
f 3182/3358/3158 3206/3384/3182 3207/3385/3183
f 3208/3386/3184 3184/3360/3160 3183/3359/3159
f 3183/3359/3159 3207/3385/3183 3208/3386/3184
f 3209/3387/3185 3185/3361/3161 3184/3360/3160
f 3184/3360/3160 3208/3386/3184 3209/3387/3185
f 3210/3388/3186 3186/3362/3162 3185/3361/3161
f 3185/3361/3161 3209/3387/3185 3210/3388/3186
f 3211/3389/3187 3187/3363/3163 3186/3362/3162
f 3186/3362/3162 3210/3388/3186 3211/3389/3187
f 3212/3390/3188 3188/3364/3164 3187/3363/3163
f 3187/3363/3163 3211/3389/3187 3212/3390/3188
f 3213/3391/3189 3189/3365/3165 3188/3364/3164
f 3188/3364/3164 3212/3390/3188 3213/3391/3189
f 3214/3392/3190 3190/3366/3166 3189/3365/3165
f 3189/3365/3165 3213/3391/3189 3214/3392/3190
f 3215/3393/3191 3191/3367/3167 3190/3366/3166
f 3190/3366/3166 3214/3392/3190 3215/3393/3191
f 3216/3394/3192 3192/3370/3168 3191/3395/3167
f 3191/3395/3167 3215/3396/3191 3216/3394/3192
f 3217/3397/3193 3193/3369/3169 3192/3370/3168
f 3192/3370/3168 3216/3394/3192 3217/3397/3193
f 3218/3398/3194 3194/3371/3170 3193/3369/3169
f 3193/3369/3169 3217/3397/3193 3218/3398/3194
f 3219/3399/3195 3195/3372/3171 3194/3371/3170
f 3194/3371/3170 3218/3398/3194 3219/3399/3195
f 3220/3400/3196 3196/3373/3172 3195/3372/3171
f 3195/3372/3171 3219/3399/3195 3220/3400/3196
f 3221/3401/3197 3197/3374/3173 3196/3373/3172
f 3196/3373/3172 3220/3400/3196 3221/3401/3197
f 3222/3402/3198 3198/3375/3174 3197/3374/3173
f 3197/3374/3173 3221/3401/3197 3222/3402/3198
f 3223/3403/3199 3199/3376/3175 3198/3375/3174
f 3198/3375/3174 3222/3402/3198 3223/3403/3199
f 3224/3404/3200 3200/3377/3176 3199/3376/3175
f 3199/3376/3175 3223/3403/3199 3224/3404/3200
f 3225/3405/3201 3201/3378/3177 3200/3377/3176
f 3200/3377/3176 3224/3404/3200 3225/3405/3201
f 3226/3406/3202 3202/3379/3178 3201/3378/3177
f 3201/3378/3177 3225/3405/3201 3226/3406/3202
f 3227/3407/3203 3203/3380/3179 3202/3379/3178
f 3202/3379/3178 3226/3406/3202 3227/3407/3203
f 3205/3383/3181 3181/3357/3157 3203/3408/3179
f 3203/3408/3179 3227/3409/3203 3205/3383/3181
f 3228/3410/3204 3204/3382/3180 3205/3383/3181
f 3205/3383/3181 3229/3411/3205 3228/3410/3204
f 3230/3412/3206 3206/3384/3182 3204/3382/3180
f 3204/3382/3180 3228/3410/3204 3230/3412/3206
f 3231/3413/3207 3207/3385/3183 3206/3384/3182
f 3206/3384/3182 3230/3412/3206 3231/3413/3207
f 3232/3414/3208 3208/3386/3184 3207/3385/3183
f 3207/3385/3183 3231/3413/3207 3232/3414/3208
f 3233/3415/3209 3209/3387/3185 3208/3386/3184
f 3208/3386/3184 3232/3414/3208 3233/3415/3209
f 3234/3416/3210 3210/3388/3186 3209/3387/3185
f 3209/3387/3185 3233/3415/3209 3234/3416/3210
f 3235/3417/3211 3211/3389/3187 3210/3388/3186
f 3210/3388/3186 3234/3416/3210 3235/3417/3211
f 3236/3418/3212 3212/3419/3188 3211/3420/3187
f 3211/3420/3187 3235/3421/3211 3236/3418/3212
f 3237/3422/3213 3213/3423/3189 3212/3419/3188
f 3212/3419/3188 3236/3418/3212 3237/3422/3213
f 3238/3424/3214 3214/3425/3190 3213/3423/3189
f 3213/3423/3189 3237/3422/3213 3238/3424/3214
f 3239/3426/3215 3215/3396/3191 3214/3425/3190
f 3214/3425/3190 3238/3424/3214 3239/3426/3215
f 3240/3427/3216 3216/3394/3192 3215/3396/3191
f 3215/3396/3191 3239/3426/3215 3240/3427/3216
f 3241/3428/3217 3217/3397/3193 3216/3394/3192
f 3216/3394/3192 3240/3427/3216 3241/3428/3217
f 3242/3429/3218 3218/3398/3194 3217/3397/3193
f 3217/3397/3193 3241/3428/3217 3242/3429/3218
f 3243/3430/3219 3219/3399/3195 3218/3398/3194
f 3218/3398/3194 3242/3429/3218 3243/3430/3219
f 3244/3431/3220 3220/3400/3196 3219/3399/3195
f 3219/3399/3195 3243/3430/3219 3244/3431/3220
f 3245/3432/3221 3221/3401/3197 3220/3400/3196
f 3220/3400/3196 3244/3431/3220 3245/3432/3221
f 3246/3433/3222 3222/3402/3198 3221/3401/3197
f 3221/3401/3197 3245/3432/3221 3246/3433/3222
f 3247/3434/3223 3223/3403/3199 3222/3402/3198
f 3222/3402/3198 3246/3433/3222 3247/3434/3223
f 3248/3435/3224 3224/3436/3200 3223/3437/3199
f 3223/3437/3199 3247/3438/3223 3248/3435/3224
f 3249/3439/3225 3225/3440/3201 3224/3436/3200
f 3224/3436/3200 3248/3435/3224 3249/3439/3225
f 3250/3441/3226 3226/3442/3202 3225/3440/3201
f 3225/3440/3201 3249/3439/3225 3250/3441/3226
f 3251/3443/3227 3227/3409/3203 3226/3442/3202
f 3226/3442/3202 3250/3441/3226 3251/3443/3227
f 3229/3411/3205 3205/3383/3181 3227/3409/3203
f 3227/3409/3203 3251/3443/3227 3229/3411/3205
f 3252/3444/3228 3228/3410/3204 3229/3411/3205
f 3229/3411/3205 3253/3445/3229 3252/3444/3228
f 3254/3446/3230 3230/3412/3206 3228/3410/3204
f 3228/3410/3204 3252/3444/3228 3254/3446/3230
f 3255/3447/3231 3231/3413/3207 3230/3412/3206
f 3230/3412/3206 3254/3446/3230 3255/3447/3231
f 3256/3448/3232 3232/3449/3208 3231/3450/3207
f 3231/3450/3207 3255/3451/3231 3256/3448/3232
f 3257/3452/3233 3233/3453/3209 3232/3449/3208
f 3232/3449/3208 3256/3448/3232 3257/3452/3233
f 3258/3454/3234 3234/3455/3210 3233/3453/3209
f 3233/3453/3209 3257/3452/3233 3258/3454/3234
f 3259/3456/3235 3235/3421/3211 3234/3455/3210
f 3234/3455/3210 3258/3454/3234 3259/3456/3235
f 3260/3457/3236 3236/3418/3212 3235/3421/3211
f 3235/3421/3211 3259/3456/3235 3260/3457/3236
f 3261/3458/3237 3237/3422/3213 3236/3418/3212
f 3236/3418/3212 3260/3457/3236 3261/3458/3237
f 3262/3459/3238 3238/3424/3214 3237/3422/3213
f 3237/3422/3213 3261/3458/3237 3262/3459/3238
f 3263/3460/3239 3239/3426/3215 3238/3424/3214
f 3238/3424/3214 3262/3459/3238 3263/3460/3239
f 3264/3461/3240 3240/3427/3216 3239/3426/3215
f 3239/3426/3215 3263/3460/3239 3264/3461/3240
f 3265/3462/3241 3241/3428/3217 3240/3427/3216
f 3240/3427/3216 3264/3461/3240 3265/3462/3241
f 3266/3463/3242 3242/3429/3218 3241/3428/3217
f 3241/3428/3217 3265/3462/3241 3266/3463/3242
f 3267/3464/3243 3243/3430/3219 3242/3429/3218
f 3242/3429/3218 3266/3463/3242 3267/3464/3243
f 3268/3465/3244 3244/3466/3220 3243/3467/3219
f 3243/3467/3219 3267/3468/3243 3268/3465/3244
f 3269/3469/3245 3245/3470/3221 3244/3466/3220
f 3244/3466/3220 3268/3465/3244 3269/3469/3245
f 3270/3471/3246 3246/3472/3222 3245/3470/3221
f 3245/3470/3221 3269/3469/3245 3270/3471/3246
f 3271/3473/3247 3247/3438/3223 3246/3472/3222
f 3246/3472/3222 3270/3471/3246 3271/3473/3247
f 3272/3474/3248 3248/3435/3224 3247/3438/3223
f 3247/3438/3223 3271/3473/3247 3272/3474/3248
f 3273/3475/3249 3249/3439/3225 3248/3435/3224
f 3248/3435/3224 3272/3474/3248 3273/3475/3249
f 3274/3476/3250 3250/3441/3226 3249/3439/3225
f 3249/3439/3225 3273/3475/3249 3274/3476/3250
f 3275/3477/3251 3251/3443/3227 3250/3441/3226
f 3250/3441/3226 3274/3476/3250 3275/3477/3251
f 3253/3445/3229 3229/3411/3205 3251/3443/3227
f 3251/3443/3227 3275/3477/3251 3253/3445/3229
f 3276/3478/3252 3252/3444/3228 3253/3445/3229
f 3253/3445/3229 3277/3479/3253 3276/3478/3252
f 3278/3480/3254 3254/3446/3230 3252/3444/3228
f 3252/3444/3228 3276/3478/3252 3278/3480/3254
f 3279/3481/3255 3255/3451/3231 3254/3482/3230
f 3254/3482/3230 3278/3483/3254 3279/3481/3255
f 3280/3484/3256 3256/3448/3232 3255/3451/3231
f 3255/3451/3231 3279/3481/3255 3280/3484/3256
f 3281/3485/3257 3257/3452/3233 3256/3448/3232
f 3256/3448/3232 3280/3484/3256 3281/3485/3257
f 3282/3486/3258 3258/3454/3234 3257/3452/3233
f 3257/3452/3233 3281/3485/3257 3282/3486/3258
f 3283/3487/3259 3259/3456/3235 3258/3454/3234
f 3258/3454/3234 3282/3486/3258 3283/3487/3259
f 3284/3488/3260 3260/3457/3236 3259/3456/3235
f 3259/3456/3235 3283/3487/3259 3284/3488/3260
f 3285/3489/3261 3261/3458/3237 3260/3457/3236
f 3260/3457/3236 3284/3488/3260 3285/3489/3261
f 3286/3490/3262 3262/3459/3238 3261/3458/3237
f 3261/3458/3237 3285/3489/3261 3286/3490/3262
f 3287/3491/3263 3263/3460/3239 3262/3459/3238
f 3262/3459/3238 3286/3490/3262 3287/3491/3263
f 3288/3492/3264 3264/3461/3240 3263/3460/3239
f 3263/3460/3239 3287/3491/3263 3288/3492/3264
f 3289/3493/3265 3265/3462/3241 3264/3461/3240
f 3264/3461/3240 3288/3492/3264 3289/3493/3265
f 3290/3494/3266 3266/3463/3242 3265/3462/3241
f 3265/3462/3241 3289/3493/3265 3290/3494/3266
f 3291/3495/3267 3267/3468/3243 3266/3496/3242
f 3266/3496/3242 3290/3497/3266 3291/3495/3267
f 3292/3498/3268 3268/3465/3244 3267/3468/3243
f 3267/3468/3243 3291/3495/3267 3292/3498/3268
f 3293/3499/3269 3269/3469/3245 3268/3465/3244
f 3268/3465/3244 3292/3498/3268 3293/3499/3269
f 3294/3500/3270 3270/3471/3246 3269/3469/3245
f 3269/3469/3245 3293/3499/3269 3294/3500/3270
f 3295/3501/3271 3271/3473/3247 3270/3471/3246
f 3270/3471/3246 3294/3500/3270 3295/3501/3271
f 3296/3502/3272 3272/3474/3248 3271/3473/3247
f 3271/3473/3247 3295/3501/3271 3296/3502/3272
f 3297/3503/3273 3273/3475/3249 3272/3474/3248
f 3272/3474/3248 3296/3502/3272 3297/3503/3273
f 3298/3504/3274 3274/3476/3250 3273/3475/3249
f 3273/3475/3249 3297/3503/3273 3298/3504/3274
f 3299/3505/3275 3275/3477/3251 3274/3476/3250
f 3274/3476/3250 3298/3504/3274 3299/3505/3275
f 3277/3479/3253 3253/3445/3229 3275/3477/3251
f 3275/3477/3251 3299/3505/3275 3277/3479/3253
f 3300/3506/3276 3276/3478/3252 3277/3479/3253
f 3277/3479/3253 3301/3507/3277 3300/3506/3276
f 3302/3508/3278 3278/3480/3254 3276/3478/3252
f 3276/3478/3252 3300/3506/3276 3302/3508/3278
f 3303/3509/3279 3279/3481/3255 3278/3483/3254
f 3278/3483/3254 3302/3510/3278 3303/3509/3279
f 3304/3511/3280 3280/3484/3256 3279/3481/3255
f 3279/3481/3255 3303/3509/3279 3304/3511/3280
f 3305/3512/3281 3281/3485/3257 3280/3484/3256
f 3280/3484/3256 3304/3511/3280 3305/3512/3281
f 3306/3513/3282 3282/3486/3258 3281/3485/3257
f 3281/3485/3257 3305/3512/3281 3306/3513/3282
f 3307/3514/3283 3283/3487/3259 3282/3486/3258
f 3282/3486/3258 3306/3513/3282 3307/3514/3283
f 3308/3515/3284 3284/3488/3260 3283/3487/3259
f 3283/3487/3259 3307/3514/3283 3308/3515/3284
f 3309/3516/3285 3285/3489/3261 3284/3488/3260
f 3284/3488/3260 3308/3515/3284 3309/3516/3285
f 3310/3517/3286 3286/3490/3262 3285/3489/3261
f 3285/3489/3261 3309/3516/3285 3310/3517/3286
f 3311/3518/3287 3287/3491/3263 3286/3490/3262
f 3286/3490/3262 3310/3517/3286 3311/3518/3287
f 3312/3519/3288 3288/3492/3264 3287/3491/3263
f 3287/3491/3263 3311/3518/3287 3312/3519/3288
f 3313/3520/3289 3289/3493/3265 3288/3492/3264
f 3288/3492/3264 3312/3519/3288 3313/3520/3289
f 3314/3521/3290 3290/3494/3266 3289/3493/3265
f 3289/3493/3265 3313/3520/3289 3314/3521/3290
f 3315/3522/3291 3291/3495/3267 3290/3497/3266
f 3290/3497/3266 3314/3523/3290 3315/3522/3291
f 3316/3524/3292 3292/3498/3268 3291/3495/3267
f 3291/3495/3267 3315/3522/3291 3316/3524/3292
f 3317/3525/3293 3293/3499/3269 3292/3498/3268
f 3292/3498/3268 3316/3524/3292 3317/3525/3293
f 3318/3526/3294 3294/3500/3270 3293/3499/3269
f 3293/3499/3269 3317/3525/3293 3318/3526/3294
f 3319/3527/3295 3295/3501/3271 3294/3500/3270
f 3294/3500/3270 3318/3526/3294 3319/3527/3295
f 3320/3528/3296 3296/3502/3272 3295/3501/3271
f 3295/3501/3271 3319/3527/3295 3320/3528/3296
f 3321/3529/3297 3297/3503/3273 3296/3502/3272
f 3296/3502/3272 3320/3528/3296 3321/3529/3297
f 3322/3530/3298 3298/3504/3274 3297/3503/3273
f 3297/3503/3273 3321/3529/3297 3322/3530/3298
f 3323/3531/3299 3299/3505/3275 3298/3504/3274
f 3298/3504/3274 3322/3530/3298 3323/3531/3299
f 3301/3507/3277 3277/3479/3253 3299/3505/3275
f 3299/3505/3275 3323/3531/3299 3301/3507/3277
f 3324/3532/3300 3300/3506/3276 3301/3507/3277
f 3301/3507/3277 3325/3533/3301 3324/3532/3300
f 3326/3534/3302 3302/3508/3278 3300/3506/3276
f 3300/3506/3276 3324/3532/3300 3326/3534/3302
f 3327/3535/3303 3303/3509/3279 3302/3510/3278
f 3302/3510/3278 3326/3536/3302 3327/3535/3303
f 3328/3537/3304 3304/3511/3280 3303/3509/3279
f 3303/3509/3279 3327/3535/3303 3328/3537/3304
f 3329/3538/3305 3305/3512/3281 3304/3511/3280
f 3304/3511/3280 3328/3537/3304 3329/3538/3305
f 3330/3539/3306 3306/3513/3282 3305/3512/3281
f 3305/3512/3281 3329/3538/3305 3330/3539/3306
f 3331/3540/3307 3307/3514/3283 3306/3513/3282
f 3306/3513/3282 3330/3539/3306 3331/3540/3307
f 3332/3541/3308 3308/3515/3284 3307/3514/3283
f 3307/3514/3283 3331/3540/3307 3332/3541/3308
f 3333/3542/3309 3309/3516/3285 3308/3515/3284
f 3308/3515/3284 3332/3541/3308 3333/3542/3309
f 3334/3543/3310 3310/3517/3286 3309/3516/3285
f 3309/3516/3285 3333/3542/3309 3334/3543/3310
f 3335/3544/3311 3311/3518/3287 3310/3517/3286
f 3310/3517/3286 3334/3543/3310 3335/3544/3311
f 3336/3545/3312 3312/3519/3288 3311/3518/3287
f 3311/3518/3287 3335/3544/3311 3336/3545/3312
f 3337/3546/3313 3313/3520/3289 3312/3519/3288
f 3312/3519/3288 3336/3545/3312 3337/3546/3313
f 3338/3547/3314 3314/3521/3290 3313/3520/3289
f 3313/3520/3289 3337/3546/3313 3338/3547/3314
f 3339/3548/3315 3315/3522/3291 3314/3523/3290
f 3314/3523/3290 3338/3549/3314 3339/3548/3315
f 3340/3550/3316 3316/3524/3292 3315/3522/3291
f 3315/3522/3291 3339/3548/3315 3340/3550/3316
f 3341/3551/3317 3317/3525/3293 3316/3524/3292
f 3316/3524/3292 3340/3550/3316 3341/3551/3317
f 3342/3552/3318 3318/3526/3294 3317/3525/3293
f 3317/3525/3293 3341/3551/3317 3342/3552/3318
f 3343/3553/3319 3319/3527/3295 3318/3526/3294
f 3318/3526/3294 3342/3552/3318 3343/3553/3319
f 3344/3554/3320 3320/3528/3296 3319/3527/3295
f 3319/3527/3295 3343/3553/3319 3344/3554/3320
f 3345/3555/3321 3321/3529/3297 3320/3528/3296
f 3320/3528/3296 3344/3554/3320 3345/3555/3321
f 3346/3556/3322 3322/3530/3298 3321/3529/3297
f 3321/3529/3297 3345/3555/3321 3346/3556/3322
f 3347/3557/3323 3323/3531/3299 3322/3530/3298
f 3322/3530/3298 3346/3556/3322 3347/3557/3323
f 3325/3533/3301 3301/3507/3277 3323/3531/3299
f 3323/3531/3299 3347/3557/3323 3325/3533/3301
f 3348/3558/3324 3324/3532/3300 3325/3533/3301
f 3325/3533/3301 3349/3559/3325 3348/3558/3324
f 3350/3560/3326 3326/3536/3302 3324/3561/3300
f 3324/3561/3300 3348/3562/3324 3350/3560/3326
f 3351/3563/3327 3327/3535/3303 3326/3536/3302
f 3326/3536/3302 3350/3560/3326 3351/3563/3327
f 3352/3564/3328 3328/3537/3304 3327/3535/3303
f 3327/3535/3303 3351/3563/3327 3352/3564/3328
f 3353/3565/3329 3329/3538/3305 3328/3537/3304
f 3328/3537/3304 3352/3564/3328 3353/3565/3329
f 3354/3566/3330 3330/3539/3306 3329/3538/3305
f 3329/3538/3305 3353/3565/3329 3354/3566/3330
f 3355/3567/3331 3331/3540/3307 3330/3539/3306
f 3330/3539/3306 3354/3566/3330 3355/3567/3331
f 3356/3568/3332 3332/3541/3308 3331/3540/3307
f 3331/3540/3307 3355/3567/3331 3356/3568/3332
f 3357/3569/3333 3333/3542/3309 3332/3541/3308
f 3332/3541/3308 3356/3568/3332 3357/3569/3333
f 3358/3570/3334 3334/3543/3310 3333/3542/3309
f 3333/3542/3309 3357/3569/3333 3358/3570/3334
f 3359/3571/3335 3335/3544/3311 3334/3543/3310
f 3334/3543/3310 3358/3570/3334 3359/3571/3335
f 3360/3572/3336 3336/3545/3312 3335/3544/3311
f 3335/3544/3311 3359/3571/3335 3360/3572/3336
f 3361/3573/3337 3337/3546/3313 3336/3545/3312
f 3336/3545/3312 3360/3572/3336 3361/3573/3337
f 3362/3574/3338 3338/3549/3314 3337/3575/3313
f 3337/3575/3313 3361/3576/3337 3362/3574/3338
f 3363/3577/3339 3339/3548/3315 3338/3549/3314
f 3338/3549/3314 3362/3574/3338 3363/3577/3339
f 3364/3578/3340 3340/3550/3316 3339/3548/3315
f 3339/3548/3315 3363/3577/3339 3364/3578/3340
f 3365/3579/3341 3341/3551/3317 3340/3550/3316
f 3340/3550/3316 3364/3578/3340 3365/3579/3341
f 3366/3580/3342 3342/3552/3318 3341/3551/3317
f 3341/3551/3317 3365/3579/3341 3366/3580/3342
f 3367/3581/3343 3343/3553/3319 3342/3552/3318
f 3342/3552/3318 3366/3580/3342 3367/3581/3343
f 3368/3582/3344 3344/3554/3320 3343/3553/3319
f 3343/3553/3319 3367/3581/3343 3368/3582/3344
f 3369/3583/3345 3345/3555/3321 3344/3554/3320
f 3344/3554/3320 3368/3582/3344 3369/3583/3345
f 3370/3584/3346 3346/3556/3322 3345/3555/3321
f 3345/3555/3321 3369/3583/3345 3370/3584/3346
f 3371/3585/3347 3347/3557/3323 3346/3556/3322
f 3346/3556/3322 3370/3584/3346 3371/3585/3347
f 3349/3559/3325 3325/3533/3301 3347/3557/3323
f 3347/3557/3323 3371/3585/3347 3349/3559/3325
f 3372/3586/3348 3348/3562/3324 3349/3587/3325
f 3349/3587/3325 3373/3588/3349 3372/3586/3348
f 3374/3589/3350 3350/3560/3326 3348/3562/3324
f 3348/3562/3324 3372/3586/3348 3374/3589/3350
f 3375/3590/3351 3351/3563/3327 3350/3560/3326
f 3350/3560/3326 3374/3589/3350 3375/3590/3351
f 3376/3591/3352 3352/3564/3328 3351/3563/3327
f 3351/3563/3327 3375/3590/3351 3376/3591/3352
f 3377/3592/3353 3353/3565/3329 3352/3564/3328
f 3352/3564/3328 3376/3591/3352 3377/3592/3353
f 3378/3593/3354 3354/3566/3330 3353/3565/3329
f 3353/3565/3329 3377/3592/3353 3378/3593/3354
f 3379/3594/3355 3355/3567/3331 3354/3566/3330
f 3354/3566/3330 3378/3593/3354 3379/3594/3355
f 3380/3595/3356 3356/3568/3332 3355/3567/3331
f 3355/3567/3331 3379/3594/3355 3380/3595/3356
f 3381/3596/3357 3357/3569/3333 3356/3568/3332
f 3356/3568/3332 3380/3595/3356 3381/3596/3357
f 3382/3597/3358 3358/3570/3334 3357/3569/3333
f 3357/3569/3333 3381/3596/3357 3382/3597/3358
f 3383/3598/3359 3359/3571/3335 3358/3570/3334
f 3358/3570/3334 3382/3597/3358 3383/3598/3359
f 3384/3599/3360 3360/3572/3336 3359/3571/3335
f 3359/3571/3335 3383/3598/3359 3384/3599/3360
f 3385/3600/3361 3361/3576/3337 3360/3601/3336
f 3360/3601/3336 3384/3602/3360 3385/3600/3361
f 3386/3603/3362 3362/3574/3338 3361/3576/3337
f 3361/3576/3337 3385/3600/3361 3386/3603/3362
f 3387/3604/3363 3363/3577/3339 3362/3574/3338
f 3362/3574/3338 3386/3603/3362 3387/3604/3363
f 3388/3605/3364 3364/3578/3340 3363/3577/3339
f 3363/3577/3339 3387/3604/3363 3388/3605/3364
f 3389/3606/3365 3365/3579/3341 3364/3578/3340
f 3364/3578/3340 3388/3605/3364 3389/3606/3365
f 3390/3607/3366 3366/3580/3342 3365/3579/3341
f 3365/3579/3341 3389/3606/3365 3390/3607/3366
f 3391/3608/3367 3367/3581/3343 3366/3580/3342
f 3366/3580/3342 3390/3607/3366 3391/3608/3367
f 3392/3609/3368 3368/3582/3344 3367/3581/3343
f 3367/3581/3343 3391/3608/3367 3392/3609/3368
f 3393/3610/3369 3369/3583/3345 3368/3582/3344
f 3368/3582/3344 3392/3609/3368 3393/3610/3369
f 3394/3611/3370 3370/3584/3346 3369/3583/3345
f 3369/3583/3345 3393/3610/3369 3394/3611/3370
f 3395/3612/3371 3371/3585/3347 3370/3584/3346
f 3370/3584/3346 3394/3611/3370 3395/3612/3371
f 3373/3613/3349 3349/3559/3325 3371/3585/3347
f 3371/3585/3347 3395/3612/3371 3373/3613/3349
f 3396/3614/3372 3372/3586/3348 3373/3588/3349
f 3373/3588/3349 3397/3615/3373 3396/3614/3372
f 3398/3616/3374 3374/3589/3350 3372/3586/3348
f 3372/3586/3348 3396/3614/3372 3398/3616/3374
f 3399/3617/3375 3375/3590/3351 3374/3589/3350
f 3374/3589/3350 3398/3616/3374 3399/3617/3375
f 3400/3618/3376 3376/3591/3352 3375/3590/3351
f 3375/3590/3351 3399/3617/3375 3400/3618/3376
f 3401/3619/3377 3377/3592/3353 3376/3591/3352
f 3376/3591/3352 3400/3618/3376 3401/3619/3377
f 3402/3620/3378 3378/3593/3354 3377/3592/3353
f 3377/3592/3353 3401/3619/3377 3402/3620/3378
f 3403/3621/3379 3379/3594/3355 3378/3593/3354
f 3378/3593/3354 3402/3620/3378 3403/3621/3379
f 3404/3622/3380 3380/3595/3356 3379/3594/3355
f 3379/3594/3355 3403/3621/3379 3404/3622/3380
f 3405/3623/3381 3381/3596/3357 3380/3595/3356
f 3380/3595/3356 3404/3622/3380 3405/3623/3381
f 3406/3624/3382 3382/3597/3358 3381/3596/3357
f 3381/3596/3357 3405/3623/3381 3406/3624/3382
f 3407/3625/3383 3383/3598/3359 3382/3597/3358
f 3382/3597/3358 3406/3624/3382 3407/3625/3383
f 3408/3626/3384 3384/3602/3360 3383/3627/3359
f 3383/3627/3359 3407/3628/3383 3408/3626/3384
f 3409/3629/3385 3385/3600/3361 3384/3602/3360
f 3384/3602/3360 3408/3626/3384 3409/3629/3385
f 3410/3630/3386 3386/3603/3362 3385/3600/3361
f 3385/3600/3361 3409/3629/3385 3410/3630/3386
f 3411/3631/3387 3387/3604/3363 3386/3603/3362
f 3386/3603/3362 3410/3630/3386 3411/3631/3387
f 3412/3632/3388 3388/3605/3364 3387/3604/3363
f 3387/3604/3363 3411/3631/3387 3412/3632/3388
f 3413/3633/3389 3389/3606/3365 3388/3605/3364
f 3388/3605/3364 3412/3632/3388 3413/3633/3389
f 3414/3634/3390 3390/3607/3366 3389/3606/3365
f 3389/3606/3365 3413/3633/3389 3414/3634/3390
f 3415/3635/3391 3391/3608/3367 3390/3607/3366
f 3390/3607/3366 3414/3634/3390 3415/3635/3391
f 3416/3636/3392 3392/3609/3368 3391/3608/3367
f 3391/3608/3367 3415/3635/3391 3416/3636/3392
f 3417/3637/3393 3393/3610/3369 3392/3609/3368
f 3392/3609/3368 3416/3636/3392 3417/3637/3393
f 3418/3638/3394 3394/3611/3370 3393/3610/3369
f 3393/3610/3369 3417/3637/3393 3418/3638/3394
f 3419/3639/3395 3395/3612/3371 3394/3611/3370
f 3394/3611/3370 3418/3638/3394 3419/3639/3395
f 3397/3615/3373 3373/3588/3349 3395/3640/3371
f 3395/3640/3371 3419/3641/3395 3397/3615/3373
f 3396/3614/3372 3397/3615/3373 2365/2430/2341
f 2365/2430/2341 2364/2429/2340 3396/3614/3372
f 3398/3616/3374 3396/3614/3372 2364/2429/2340
f 2364/2429/2340 2366/2431/2342 3398/3616/3374
f 3399/3617/3375 3398/3616/3374 2366/2431/2342
f 2366/2431/2342 2367/2432/2343 3399/3617/3375
f 3400/3618/3376 3399/3617/3375 2367/2432/2343
f 2367/2432/2343 2368/2433/2344 3400/3618/3376
f 3401/3619/3377 3400/3618/3376 2368/2433/2344
f 2368/2433/2344 2369/2434/2345 3401/3619/3377
f 3402/3620/3378 3401/3619/3377 2369/2434/2345
f 2369/2434/2345 2370/2435/2346 3402/3620/3378
f 3402/3620/3378 2370/2435/2346 2371/2436/2347
f 2371/2436/2347 3403/3621/3379 3402/3620/3378
f 3403/3621/3379 2371/2436/2347 2372/2437/2348
f 2372/2437/2348 3404/3622/3380 3403/3621/3379
f 3404/3622/3380 2372/2437/2348 2373/2438/2349
f 2373/2438/2349 3405/3623/3381 3404/3622/3380
f 3405/3623/3381 2373/2438/2349 2374/2439/2350
f 2374/2439/2350 3406/3624/3382 3405/3623/3381
f 3406/3642/3382 2374/2442/2350 2375/2441/2351
f 2375/2441/2351 3407/3628/3383 3406/3642/3382
f 3407/3628/3383 2375/2441/2351 2376/2443/2352
f 2376/2443/2352 3408/3626/3384 3407/3628/3383
f 3408/3626/3384 2376/2443/2352 2377/2444/2353
f 2377/2444/2353 3409/3629/3385 3408/3626/3384
f 3410/3630/3386 3409/3629/3385 2377/2444/2353
f 2377/2444/2353 2378/2445/2354 3410/3630/3386
f 3411/3631/3387 3410/3630/3386 2378/2445/2354
f 2378/2445/2354 2379/2446/2355 3411/3631/3387
f 3412/3632/3388 3411/3631/3387 2379/2446/2355
f 2379/2446/2355 2380/2447/2356 3412/3632/3388
f 3413/3633/3389 3412/3632/3388 2380/2447/2356
f 2380/2447/2356 2381/2448/2357 3413/3633/3389
f 3414/3634/3390 3413/3633/3389 2381/2448/2357
f 2381/2448/2357 2382/2449/2358 3414/3634/3390
f 3415/3635/3391 3414/3634/3390 2382/2449/2358
f 2382/2449/2358 2383/2450/2359 3415/3635/3391
f 3416/3636/3392 3415/3635/3391 2383/2450/2359
f 2383/2450/2359 2384/2451/2360 3416/3636/3392
f 3417/3637/3393 3416/3636/3392 2384/2451/2360
f 2384/2451/2360 2385/2452/2361 3417/3637/3393
f 3418/3638/3394 3417/3637/3393 2385/2452/2361
f 2385/2452/2361 2386/2453/2362 3418/3638/3394
f 3419/3641/3395 3418/3643/3394 2386/2455/2362
f 2386/2455/2362 2387/2454/2363 3419/3641/3395
f 3397/3615/3373 3419/3641/3395 2387/2454/2363
f 2387/2454/2363 2365/2430/2341 3397/3615/3373
f 2891/3041/2867 2893/3043/2869 2895/3045/2871
f 2899/3644/2875 2901/3645/2877 2903/3646/2879
f 2899/3644/2875 2903/3646/2879 2905/3647/2881
f 2899/3644/2875 2905/3647/2881 2907/3648/2883
f 2899/3644/2875 2907/3648/2883 2909/3649/2885
f 2899/3644/2875 2909/3649/2885 2911/3650/2887
f 2899/3644/2875 2911/3650/2887 2913/3651/2889
f 2899/3644/2875 2913/3651/2889 2915/3652/2891
f 2899/3644/2875 2915/3652/2891 2870/3653/2846
f 2899/3644/2875 2870/3653/2846 2869/3022/2845
f 2899/3644/2875 2869/3022/2845 2873/3021/2849
f 2899/3644/2875 2873/3021/2849 2875/3025/2851
f 2899/3644/2875 2875/3025/2851 2877/3027/2853
f 2899/3644/2875 2877/3027/2853 2879/3029/2855
f 2899/3644/2875 2879/3029/2855 2881/3031/2857
f 2899/3644/2875 2881/3031/2857 2883/3033/2859
f 2899/3644/2875 2883/3033/2859 2885/3035/2861
f 2899/3644/2875 2885/3035/2861 2887/3037/2863
f 2897/3654/2873 2899/3644/2875 2887/3037/2863
f 2897/3654/2873 2887/3037/2863 2889/3039/2865
f 2895/3045/2871 2897/3654/2873 2889/3039/2865
f 2891/3041/2867 2895/3045/2871 2889/3039/2865
s 5
f 3420/3655/3396 3421/3656/3397 3422/3657/3398
f 3422/3657/3398 3423/3658/3399 3420/3655/3396
f 3424/3659/3400 3425/3660/3401 3421/3656/3397
f 3421/3656/3397 3420/3655/3396 3424/3659/3400
f 3426/3661/3402 3427/3662/3403 3425/3660/3401
f 3425/3660/3401 3424/3659/3400 3426/3661/3402
f 3428/3663/3404 3429/3664/3405 3427/3662/3403
f 3427/3662/3403 3426/3661/3402 3428/3663/3404
f 3430/3665/3406 3431/3666/3407 3429/3664/3405
f 3429/3664/3405 3428/3663/3404 3430/3665/3406
f 3432/3667/3408 3433/3668/3409 3431/3666/3407
f 3431/3666/3407 3430/3665/3406 3432/3667/3408
f 3434/3669/3410 3435/3670/3411 3433/3668/3409
f 3433/3668/3409 3432/3667/3408 3434/3669/3410
f 3436/3671/3412 3437/3672/3413 3435/3670/3411
f 3435/3670/3411 3434/3669/3410 3436/3671/3412
f 3438/3673/3414 3439/3674/3415 3437/3672/3413
f 3437/3672/3413 3436/3671/3412 3438/3673/3414
f 3440/3675/3416 3441/3676/3417 3439/3674/3415
f 3439/3674/3415 3438/3673/3414 3440/3675/3416
f 3442/3677/3418 3443/3678/3419 3441/3676/3417
f 3441/3676/3417 3440/3675/3416 3442/3677/3418
f 3444/3679/3420 3445/3680/3421 3443/3681/3419
f 3443/3681/3419 3442/3682/3418 3444/3679/3420
f 3446/3683/3422 3447/3684/3423 3445/3680/3421
f 3445/3680/3421 3444/3679/3420 3446/3683/3422
f 3448/3685/3424 3449/3686/3425 3447/3684/3423
f 3447/3684/3423 3446/3683/3422 3448/3685/3424
f 3450/3687/3426 3451/3688/3427 3449/3686/3425
f 3449/3686/3425 3448/3685/3424 3450/3687/3426
f 3452/3689/3428 3453/3690/3429 3451/3688/3427
f 3451/3688/3427 3450/3687/3426 3452/3689/3428
f 3454/3691/3430 3455/3692/3431 3453/3690/3429
f 3453/3690/3429 3452/3689/3428 3454/3691/3430
f 3456/3693/3432 3457/3694/3433 3455/3692/3431
f 3455/3692/3431 3454/3691/3430 3456/3693/3432
f 3458/3695/3434 3459/3696/3435 3457/3694/3433
f 3457/3694/3433 3456/3693/3432 3458/3695/3434
f 3460/3697/3436 3461/3698/3437 3459/3696/3435
f 3459/3696/3435 3458/3695/3434 3460/3697/3436
f 3462/3699/3438 3463/3700/3439 3461/3698/3437
f 3461/3698/3437 3460/3697/3436 3462/3699/3438
f 3464/3701/3440 3465/3702/3441 3463/3700/3439
f 3463/3700/3439 3462/3699/3438 3464/3701/3440
f 3466/3703/3442 3467/3704/3443 3465/3702/3441
f 3465/3702/3441 3464/3701/3440 3466/3703/3442
f 3423/3658/3399 3422/3657/3398 3467/3705/3443
f 3467/3705/3443 3466/3706/3442 3423/3658/3399
f 3468/3707/3444 3420/3655/3396 3423/3658/3399
f 3423/3658/3399 3469/3708/3445 3468/3707/3444
f 3470/3709/3446 3424/3659/3400 3420/3655/3396
f 3420/3655/3396 3468/3707/3444 3470/3709/3446
f 3471/3710/3447 3426/3661/3402 3424/3659/3400
f 3424/3659/3400 3470/3709/3446 3471/3710/3447
f 3472/3711/3448 3428/3663/3404 3426/3661/3402
f 3426/3661/3402 3471/3710/3447 3472/3711/3448
f 3473/3712/3449 3430/3665/3406 3428/3663/3404
f 3428/3663/3404 3472/3711/3448 3473/3712/3449
f 3474/3713/3450 3432/3667/3408 3430/3665/3406
f 3430/3665/3406 3473/3712/3449 3474/3713/3450
f 3475/3714/3451 3434/3669/3410 3432/3667/3408
f 3432/3667/3408 3474/3713/3450 3475/3714/3451
f 3476/3715/3452 3436/3671/3412 3434/3669/3410
f 3434/3669/3410 3475/3714/3451 3476/3715/3452
f 3477/3716/3453 3438/3673/3414 3436/3671/3412
f 3436/3671/3412 3476/3715/3452 3477/3716/3453
f 3478/3717/3454 3440/3675/3416 3438/3673/3414
f 3438/3673/3414 3477/3716/3453 3478/3717/3454
f 3479/3718/3455 3442/3677/3418 3440/3675/3416
f 3440/3675/3416 3478/3717/3454 3479/3718/3455
f 3480/3719/3456 3444/3679/3420 3442/3682/3418
f 3442/3682/3418 3479/3720/3455 3480/3719/3456
f 3481/3721/3457 3446/3683/3422 3444/3679/3420
f 3444/3679/3420 3480/3719/3456 3481/3721/3457
f 3482/3722/3458 3448/3685/3424 3446/3683/3422
f 3446/3683/3422 3481/3721/3457 3482/3722/3458
f 3483/3723/3459 3450/3687/3426 3448/3685/3424
f 3448/3685/3424 3482/3722/3458 3483/3723/3459
f 3484/3724/3460 3452/3689/3428 3450/3687/3426
f 3450/3687/3426 3483/3723/3459 3484/3724/3460
f 3485/3725/3461 3454/3691/3430 3452/3689/3428
f 3452/3689/3428 3484/3724/3460 3485/3725/3461
f 3486/3726/3462 3456/3693/3432 3454/3691/3430
f 3454/3691/3430 3485/3725/3461 3486/3726/3462
f 3487/3727/3463 3458/3695/3434 3456/3693/3432
f 3456/3693/3432 3486/3726/3462 3487/3727/3463
f 3488/3728/3464 3460/3697/3436 3458/3695/3434
f 3458/3695/3434 3487/3727/3463 3488/3728/3464
f 3489/3729/3465 3462/3699/3438 3460/3697/3436
f 3460/3697/3436 3488/3728/3464 3489/3729/3465
f 3490/3730/3466 3464/3701/3440 3462/3699/3438
f 3462/3699/3438 3489/3729/3465 3490/3730/3466
f 3491/3731/3467 3466/3703/3442 3464/3701/3440
f 3464/3701/3440 3490/3730/3466 3491/3731/3467
f 3469/3708/3445 3423/3658/3399 3466/3706/3442
f 3466/3706/3442 3491/3732/3467 3469/3708/3445
f 3492/3733/3468 3468/3707/3444 3469/3708/3445
f 3469/3708/3445 3493/3734/3469 3492/3733/3468
f 3494/3735/3470 3470/3709/3446 3468/3707/3444
f 3468/3707/3444 3492/3733/3468 3494/3735/3470
f 3495/3736/3471 3471/3710/3447 3470/3709/3446
f 3470/3709/3446 3494/3735/3470 3495/3736/3471
f 3496/3737/3472 3472/3711/3448 3471/3710/3447
f 3471/3710/3447 3495/3736/3471 3496/3737/3472
f 3497/3738/3473 3473/3712/3449 3472/3711/3448
f 3472/3711/3448 3496/3737/3472 3497/3738/3473
f 3498/3739/3474 3474/3713/3450 3473/3712/3449
f 3473/3712/3449 3497/3738/3473 3498/3739/3474
f 3499/3740/3475 3475/3714/3451 3474/3713/3450
f 3474/3713/3450 3498/3739/3474 3499/3740/3475
f 3500/3741/3476 3476/3715/3452 3475/3714/3451
f 3475/3714/3451 3499/3740/3475 3500/3741/3476
f 3501/3742/3477 3477/3716/3453 3476/3715/3452
f 3476/3715/3452 3500/3741/3476 3501/3742/3477
f 3502/3743/3478 3478/3717/3454 3477/3716/3453
f 3477/3716/3453 3501/3742/3477 3502/3743/3478
f 3503/3744/3479 3479/3718/3455 3478/3717/3454
f 3478/3717/3454 3502/3743/3478 3503/3744/3479
f 3504/3745/3480 3480/3719/3456 3479/3720/3455
f 3479/3720/3455 3503/3746/3479 3504/3745/3480
f 3505/3747/3481 3481/3721/3457 3480/3719/3456
f 3480/3719/3456 3504/3745/3480 3505/3747/3481
f 3506/3748/3482 3482/3722/3458 3481/3721/3457
f 3481/3721/3457 3505/3747/3481 3506/3748/3482
f 3507/3749/3483 3483/3723/3459 3482/3722/3458
f 3482/3722/3458 3506/3748/3482 3507/3749/3483
f 3508/3750/3484 3484/3724/3460 3483/3723/3459
f 3483/3723/3459 3507/3749/3483 3508/3750/3484
f 3509/3751/3485 3485/3725/3461 3484/3724/3460
f 3484/3724/3460 3508/3750/3484 3509/3751/3485
f 3510/3752/3486 3486/3726/3462 3485/3725/3461
f 3485/3725/3461 3509/3751/3485 3510/3752/3486
f 3511/3753/3487 3487/3727/3463 3486/3726/3462
f 3486/3726/3462 3510/3752/3486 3511/3753/3487
f 3512/3754/3488 3488/3728/3464 3487/3727/3463
f 3487/3727/3463 3511/3753/3487 3512/3754/3488
f 3513/3755/3489 3489/3729/3465 3488/3728/3464
f 3488/3728/3464 3512/3754/3488 3513/3755/3489
f 3514/3756/3490 3490/3730/3466 3489/3729/3465
f 3489/3729/3465 3513/3755/3489 3514/3756/3490
f 3515/3757/3491 3491/3731/3467 3490/3730/3466
f 3490/3730/3466 3514/3756/3490 3515/3757/3491
f 3493/3734/3469 3469/3708/3445 3491/3732/3467
f 3491/3732/3467 3515/3758/3491 3493/3734/3469
f 3516/3759/3492 3492/3733/3468 3493/3734/3469
f 3493/3734/3469 3517/3760/3493 3516/3759/3492
f 3518/3761/3494 3494/3735/3470 3492/3733/3468
f 3492/3733/3468 3516/3759/3492 3518/3761/3494
f 3519/3762/3495 3495/3736/3471 3494/3735/3470
f 3494/3735/3470 3518/3761/3494 3519/3762/3495
f 3520/3763/3496 3496/3737/3472 3495/3736/3471
f 3495/3736/3471 3519/3762/3495 3520/3763/3496
f 3521/3764/3497 3497/3738/3473 3496/3737/3472
f 3496/3737/3472 3520/3763/3496 3521/3764/3497
f 3522/3765/3498 3498/3739/3474 3497/3738/3473
f 3497/3738/3473 3521/3764/3497 3522/3765/3498
f 3523/3766/3499 3499/3740/3475 3498/3739/3474
f 3498/3739/3474 3522/3765/3498 3523/3766/3499
f 3524/3767/3500 3500/3741/3476 3499/3740/3475
f 3499/3740/3475 3523/3766/3499 3524/3767/3500
f 3525/3768/3501 3501/3742/3477 3500/3741/3476
f 3500/3741/3476 3524/3767/3500 3525/3768/3501
f 3526/3769/3502 3502/3743/3478 3501/3742/3477
f 3501/3742/3477 3525/3768/3501 3526/3769/3502
f 3527/3770/3503 3503/3744/3479 3502/3743/3478
f 3502/3743/3478 3526/3769/3502 3527/3770/3503
f 3528/3771/3504 3504/3745/3480 3503/3746/3479
f 3503/3746/3479 3527/3772/3503 3528/3771/3504
f 3529/3773/3505 3505/3747/3481 3504/3745/3480
f 3504/3745/3480 3528/3771/3504 3529/3773/3505
f 3530/3774/3506 3506/3748/3482 3505/3747/3481
f 3505/3747/3481 3529/3773/3505 3530/3774/3506
f 3531/3775/3507 3507/3749/3483 3506/3748/3482
f 3506/3748/3482 3530/3774/3506 3531/3775/3507
f 3532/3776/3508 3508/3750/3484 3507/3749/3483
f 3507/3749/3483 3531/3775/3507 3532/3776/3508
f 3533/3777/3509 3509/3751/3485 3508/3750/3484
f 3508/3750/3484 3532/3776/3508 3533/3777/3509
f 3534/3778/3510 3510/3752/3486 3509/3751/3485
f 3509/3751/3485 3533/3777/3509 3534/3778/3510
f 3535/3779/3511 3511/3753/3487 3510/3752/3486
f 3510/3752/3486 3534/3778/3510 3535/3779/3511
f 3536/3780/3512 3512/3754/3488 3511/3753/3487
f 3511/3753/3487 3535/3779/3511 3536/3780/3512
f 3537/3781/3513 3513/3755/3489 3512/3754/3488
f 3512/3754/3488 3536/3780/3512 3537/3781/3513
f 3538/3782/3514 3514/3756/3490 3513/3755/3489
f 3513/3755/3489 3537/3781/3513 3538/3782/3514
f 3539/3783/3515 3515/3757/3491 3514/3756/3490
f 3514/3756/3490 3538/3782/3514 3539/3783/3515
f 3517/3760/3493 3493/3734/3469 3515/3758/3491
f 3515/3758/3491 3539/3784/3515 3517/3760/3493
f 3540/3785/3516 3516/3759/3492 3517/3760/3493
f 3517/3760/3493 3541/3786/3517 3540/3785/3516
f 3542/3787/3518 3518/3761/3494 3516/3759/3492
f 3516/3759/3492 3540/3785/3516 3542/3787/3518
f 3543/3788/3519 3519/3762/3495 3518/3761/3494
f 3518/3761/3494 3542/3787/3518 3543/3788/3519
f 3544/3789/3520 3520/3763/3496 3519/3762/3495
f 3519/3762/3495 3543/3788/3519 3544/3789/3520
f 3545/3790/3521 3521/3764/3497 3520/3763/3496
f 3520/3763/3496 3544/3789/3520 3545/3790/3521
f 3546/3791/3522 3522/3765/3498 3521/3764/3497
f 3521/3764/3497 3545/3790/3521 3546/3791/3522
f 3547/3792/3523 3523/3766/3499 3522/3765/3498
f 3522/3765/3498 3546/3791/3522 3547/3792/3523
f 3548/3793/3524 3524/3767/3500 3523/3766/3499
f 3523/3766/3499 3547/3792/3523 3548/3793/3524
f 3549/3794/3525 3525/3768/3501 3524/3767/3500
f 3524/3767/3500 3548/3793/3524 3549/3794/3525
f 3550/3795/3526 3526/3769/3502 3525/3768/3501
f 3525/3768/3501 3549/3794/3525 3550/3795/3526
f 3551/3796/3527 3527/3770/3503 3526/3769/3502
f 3526/3769/3502 3550/3795/3526 3551/3796/3527
f 3552/3797/3528 3528/3771/3504 3527/3772/3503
f 3527/3772/3503 3551/3798/3527 3552/3797/3528
f 3553/3799/3529 3529/3773/3505 3528/3771/3504
f 3528/3771/3504 3552/3797/3528 3553/3799/3529
f 3554/3800/3530 3530/3774/3506 3529/3773/3505
f 3529/3773/3505 3553/3799/3529 3554/3800/3530
f 3555/3801/3531 3531/3775/3507 3530/3774/3506
f 3530/3774/3506 3554/3800/3530 3555/3801/3531
f 3556/3802/3532 3532/3776/3508 3531/3775/3507
f 3531/3775/3507 3555/3801/3531 3556/3802/3532
f 3557/3803/3533 3533/3777/3509 3532/3776/3508
f 3532/3776/3508 3556/3802/3532 3557/3803/3533
f 3558/3804/3534 3534/3778/3510 3533/3777/3509
f 3533/3777/3509 3557/3803/3533 3558/3804/3534
f 3559/3805/3535 3535/3779/3511 3534/3778/3510
f 3534/3778/3510 3558/3804/3534 3559/3805/3535
f 3560/3806/3536 3536/3780/3512 3535/3779/3511
f 3535/3779/3511 3559/3805/3535 3560/3806/3536
f 3561/3807/3537 3537/3781/3513 3536/3780/3512
f 3536/3780/3512 3560/3806/3536 3561/3807/3537
f 3562/3808/3538 3538/3782/3514 3537/3781/3513
f 3537/3781/3513 3561/3807/3537 3562/3808/3538
f 3563/3809/3539 3539/3783/3515 3538/3782/3514
f 3538/3782/3514 3562/3808/3538 3563/3809/3539
f 3541/3786/3517 3517/3760/3493 3539/3784/3515
f 3539/3784/3515 3563/3810/3539 3541/3786/3517
f 3564/3811/3540 3540/3785/3516 3541/3786/3517
f 3541/3786/3517 3565/3812/3541 3564/3811/3540
f 3566/3813/3542 3542/3787/3518 3540/3785/3516
f 3540/3785/3516 3564/3811/3540 3566/3813/3542
f 3567/3814/3543 3543/3788/3519 3542/3787/3518
f 3542/3787/3518 3566/3813/3542 3567/3814/3543
f 3568/3815/3544 3544/3789/3520 3543/3788/3519
f 3543/3788/3519 3567/3814/3543 3568/3815/3544
f 3569/3816/3545 3545/3790/3521 3544/3789/3520
f 3544/3789/3520 3568/3815/3544 3569/3816/3545
f 3570/3817/3546 3546/3791/3522 3545/3790/3521
f 3545/3790/3521 3569/3816/3545 3570/3817/3546
f 3571/3818/3547 3547/3792/3523 3546/3791/3522
f 3546/3791/3522 3570/3817/3546 3571/3818/3547
f 3572/3819/3548 3548/3793/3524 3547/3792/3523
f 3547/3792/3523 3571/3818/3547 3572/3819/3548
f 3573/3820/3549 3549/3794/3525 3548/3793/3524
f 3548/3793/3524 3572/3819/3548 3573/3820/3549
f 3574/3821/3550 3550/3795/3526 3549/3794/3525
f 3549/3794/3525 3573/3820/3549 3574/3821/3550
f 3575/3822/3551 3551/3796/3527 3550/3795/3526
f 3550/3795/3526 3574/3821/3550 3575/3822/3551
f 3576/3823/3552 3552/3797/3528 3551/3798/3527
f 3551/3798/3527 3575/3824/3551 3576/3823/3552
f 3577/3825/3553 3553/3799/3529 3552/3797/3528
f 3552/3797/3528 3576/3823/3552 3577/3825/3553
f 3578/3826/3554 3554/3800/3530 3553/3799/3529
f 3553/3799/3529 3577/3825/3553 3578/3826/3554
f 3579/3827/3555 3555/3801/3531 3554/3800/3530
f 3554/3800/3530 3578/3826/3554 3579/3827/3555
f 3580/3828/3556 3556/3802/3532 3555/3801/3531
f 3555/3801/3531 3579/3827/3555 3580/3828/3556
f 3581/3829/3557 3557/3803/3533 3556/3802/3532
f 3556/3802/3532 3580/3828/3556 3581/3829/3557
f 3582/3830/3558 3558/3804/3534 3557/3803/3533
f 3557/3803/3533 3581/3829/3557 3582/3830/3558
f 3583/3831/3559 3559/3805/3535 3558/3804/3534
f 3558/3804/3534 3582/3830/3558 3583/3831/3559
f 3584/3832/3560 3560/3806/3536 3559/3805/3535
f 3559/3805/3535 3583/3831/3559 3584/3832/3560
f 3585/3833/3561 3561/3807/3537 3560/3806/3536
f 3560/3806/3536 3584/3832/3560 3585/3833/3561
f 3586/3834/3562 3562/3808/3538 3561/3807/3537
f 3561/3807/3537 3585/3833/3561 3586/3834/3562
f 3587/3835/3563 3563/3809/3539 3562/3808/3538
f 3562/3808/3538 3586/3834/3562 3587/3835/3563
f 3565/3812/3541 3541/3786/3517 3563/3810/3539
f 3563/3810/3539 3587/3836/3563 3565/3812/3541
f 3588/3837/3564 3564/3811/3540 3565/3812/3541
f 3565/3812/3541 3589/3838/3565 3588/3837/3564
f 3590/3839/3566 3566/3813/3542 3564/3811/3540
f 3564/3811/3540 3588/3837/3564 3590/3839/3566
f 3591/3840/3567 3567/3814/3543 3566/3813/3542
f 3566/3813/3542 3590/3839/3566 3591/3840/3567
f 3592/3841/3568 3568/3815/3544 3567/3814/3543
f 3567/3814/3543 3591/3840/3567 3592/3841/3568
f 3593/3842/3569 3569/3816/3545 3568/3815/3544
f 3568/3815/3544 3592/3841/3568 3593/3842/3569
f 3594/3843/3570 3570/3817/3546 3569/3816/3545
f 3569/3816/3545 3593/3842/3569 3594/3843/3570
f 3595/3844/3571 3571/3818/3547 3570/3817/3546
f 3570/3817/3546 3594/3843/3570 3595/3844/3571
f 3596/3845/3572 3572/3819/3548 3571/3818/3547
f 3571/3818/3547 3595/3844/3571 3596/3845/3572
f 3597/3846/3573 3573/3820/3549 3572/3819/3548
f 3572/3819/3548 3596/3845/3572 3597/3846/3573
f 3598/3847/3574 3574/3821/3550 3573/3820/3549
f 3573/3820/3549 3597/3846/3573 3598/3847/3574
f 3599/3848/3575 3575/3824/3551 3574/3849/3550
f 3574/3849/3550 3598/3850/3574 3599/3848/3575
f 3600/3851/3576 3576/3823/3552 3575/3824/3551
f 3575/3824/3551 3599/3848/3575 3600/3851/3576
f 3601/3852/3577 3577/3825/3553 3576/3823/3552
f 3576/3823/3552 3600/3851/3576 3601/3852/3577
f 3602/3853/3578 3578/3826/3554 3577/3825/3553
f 3577/3825/3553 3601/3852/3577 3602/3853/3578
f 3603/3854/3579 3579/3827/3555 3578/3826/3554
f 3578/3826/3554 3602/3853/3578 3603/3854/3579
f 3604/3855/3580 3580/3828/3556 3579/3827/3555
f 3579/3827/3555 3603/3854/3579 3604/3855/3580
f 3605/3856/3581 3581/3829/3557 3580/3828/3556
f 3580/3828/3556 3604/3855/3580 3605/3856/3581
f 3606/3857/3582 3582/3830/3558 3581/3829/3557
f 3581/3829/3557 3605/3856/3581 3606/3857/3582
f 3607/3858/3583 3583/3831/3559 3582/3830/3558
f 3582/3830/3558 3606/3857/3582 3607/3858/3583
f 3608/3859/3584 3584/3832/3560 3583/3831/3559
f 3583/3831/3559 3607/3858/3583 3608/3859/3584
f 3609/3860/3585 3585/3833/3561 3584/3832/3560
f 3584/3832/3560 3608/3859/3584 3609/3860/3585
f 3610/3861/3586 3586/3834/3562 3585/3833/3561
f 3585/3833/3561 3609/3860/3585 3610/3861/3586
f 3611/3862/3587 3587/3836/3563 3586/3863/3562
f 3586/3863/3562 3610/3864/3586 3611/3862/3587
f 3589/3838/3565 3565/3812/3541 3587/3836/3563
f 3587/3836/3563 3611/3862/3587 3589/3838/3565
f 3612/3865/3588 3588/3837/3564 3589/3838/3565
f 3589/3838/3565 3613/3866/3589 3612/3865/3588
f 3614/3867/3590 3590/3839/3566 3588/3837/3564
f 3588/3837/3564 3612/3865/3588 3614/3867/3590
f 3615/3868/3591 3591/3840/3567 3590/3839/3566
f 3590/3839/3566 3614/3867/3590 3615/3868/3591
f 3616/3869/3592 3592/3841/3568 3591/3840/3567
f 3591/3840/3567 3615/3868/3591 3616/3869/3592
f 3617/3870/3593 3593/3842/3569 3592/3841/3568
f 3592/3841/3568 3616/3869/3592 3617/3870/3593
f 3618/3871/3594 3594/3843/3570 3593/3842/3569
f 3593/3842/3569 3617/3870/3593 3618/3871/3594
f 3619/3872/3595 3595/3844/3571 3594/3843/3570
f 3594/3843/3570 3618/3871/3594 3619/3872/3595
f 3620/3873/3596 3596/3845/3572 3595/3844/3571
f 3595/3844/3571 3619/3872/3595 3620/3873/3596
f 3621/3874/3597 3597/3846/3573 3596/3845/3572
f 3596/3845/3572 3620/3873/3596 3621/3874/3597
f 3622/3875/3598 3598/3847/3574 3597/3846/3573
f 3597/3846/3573 3621/3874/3597 3622/3875/3598
f 3623/3876/3599 3599/3848/3575 3598/3850/3574
f 3598/3850/3574 3622/3877/3598 3623/3876/3599
f 3624/3878/3600 3600/3851/3576 3599/3848/3575
f 3599/3848/3575 3623/3876/3599 3624/3878/3600
f 3625/3879/3601 3601/3852/3577 3600/3851/3576
f 3600/3851/3576 3624/3878/3600 3625/3879/3601
f 3626/3880/3602 3602/3853/3578 3601/3852/3577
f 3601/3852/3577 3625/3879/3601 3626/3880/3602
f 3627/3881/3603 3603/3854/3579 3602/3853/3578
f 3602/3853/3578 3626/3880/3602 3627/3881/3603
f 3628/3882/3604 3604/3855/3580 3603/3854/3579
f 3603/3854/3579 3627/3881/3603 3628/3882/3604
f 3629/3883/3605 3605/3856/3581 3604/3855/3580
f 3604/3855/3580 3628/3882/3604 3629/3883/3605
f 3630/3884/3606 3606/3857/3582 3605/3856/3581
f 3605/3856/3581 3629/3883/3605 3630/3884/3606
f 3631/3885/3607 3607/3858/3583 3606/3857/3582
f 3606/3857/3582 3630/3884/3606 3631/3885/3607
f 3632/3886/3608 3608/3859/3584 3607/3858/3583
f 3607/3858/3583 3631/3885/3607 3632/3886/3608
f 3633/3887/3609 3609/3860/3585 3608/3859/3584
f 3608/3859/3584 3632/3886/3608 3633/3887/3609
f 3634/3888/3610 3610/3861/3586 3609/3860/3585
f 3609/3860/3585 3633/3887/3609 3634/3888/3610
f 3635/3889/3611 3611/3862/3587 3610/3864/3586
f 3610/3864/3586 3634/3890/3610 3635/3889/3611
f 3613/3866/3589 3589/3838/3565 3611/3862/3587
f 3611/3862/3587 3635/3889/3611 3613/3866/3589
f 3636/3891/3612 3612/3865/3588 3613/3866/3589
f 3613/3866/3589 3637/3892/3613 3636/3891/3612
f 3638/3893/3614 3614/3867/3590 3612/3865/3588
f 3612/3865/3588 3636/3891/3612 3638/3893/3614
f 3639/3894/3615 3615/3868/3591 3614/3867/3590
f 3614/3867/3590 3638/3893/3614 3639/3894/3615
f 3640/3895/3616 3616/3869/3592 3615/3868/3591
f 3615/3868/3591 3639/3894/3615 3640/3895/3616
f 3641/3896/3617 3617/3870/3593 3616/3869/3592
f 3616/3869/3592 3640/3895/3616 3641/3896/3617
f 3642/3897/3618 3618/3871/3594 3617/3870/3593
f 3617/3870/3593 3641/3896/3617 3642/3897/3618
f 3643/3898/3619 3619/3872/3595 3618/3871/3594
f 3618/3871/3594 3642/3897/3618 3643/3898/3619
f 3644/3899/3620 3620/3873/3596 3619/3872/3595
f 3619/3872/3595 3643/3898/3619 3644/3899/3620
f 3645/3900/3621 3621/3874/3597 3620/3873/3596
f 3620/3873/3596 3644/3899/3620 3645/3900/3621
f 3646/3901/3622 3622/3875/3598 3621/3874/3597
f 3621/3874/3597 3645/3900/3621 3646/3901/3622
f 3647/3902/3623 3623/3876/3599 3622/3877/3598
f 3622/3877/3598 3646/3903/3622 3647/3902/3623
f 3648/3904/3624 3624/3878/3600 3623/3876/3599
f 3623/3876/3599 3647/3902/3623 3648/3904/3624
f 3649/3905/3625 3625/3879/3601 3624/3878/3600
f 3624/3878/3600 3648/3904/3624 3649/3905/3625
f 3650/3906/3626 3626/3880/3602 3625/3879/3601
f 3625/3879/3601 3649/3905/3625 3650/3906/3626
f 3651/3907/3627 3627/3881/3603 3626/3880/3602
f 3626/3880/3602 3650/3906/3626 3651/3907/3627
f 3652/3908/3628 3628/3882/3604 3627/3881/3603
f 3627/3881/3603 3651/3907/3627 3652/3908/3628
f 3653/3909/3629 3629/3883/3605 3628/3882/3604
f 3628/3882/3604 3652/3908/3628 3653/3909/3629
f 3654/3910/3630 3630/3884/3606 3629/3883/3605
f 3629/3883/3605 3653/3909/3629 3654/3910/3630
f 3655/3911/3631 3631/3885/3607 3630/3884/3606
f 3630/3884/3606 3654/3910/3630 3655/3911/3631
f 3656/3912/3632 3632/3886/3608 3631/3885/3607
f 3631/3885/3607 3655/3911/3631 3656/3912/3632
f 3657/3913/3633 3633/3887/3609 3632/3886/3608
f 3632/3886/3608 3656/3912/3632 3657/3913/3633
f 3658/3914/3634 3634/3888/3610 3633/3887/3609
f 3633/3887/3609 3657/3913/3633 3658/3914/3634
f 3659/3915/3635 3635/3889/3611 3634/3890/3610
f 3634/3890/3610 3658/3916/3634 3659/3915/3635
f 3637/3892/3613 3613/3866/3589 3635/3889/3611
f 3635/3889/3611 3659/3915/3635 3637/3892/3613
f 3660/3917/3636 3636/3891/3612 3637/3892/3613
f 3637/3892/3613 3661/3918/3637 3660/3917/3636
f 3662/3919/3638 3638/3893/3614 3636/3891/3612
f 3636/3891/3612 3660/3917/3636 3662/3919/3638
f 3663/3920/3639 3639/3894/3615 3638/3893/3614
f 3638/3893/3614 3662/3919/3638 3663/3920/3639
f 3664/3921/3640 3640/3895/3616 3639/3894/3615
f 3639/3894/3615 3663/3920/3639 3664/3921/3640
f 3665/3922/3641 3641/3896/3617 3640/3895/3616
f 3640/3895/3616 3664/3921/3640 3665/3922/3641
f 3666/3923/3642 3642/3897/3618 3641/3896/3617
f 3641/3896/3617 3665/3922/3641 3666/3923/3642
f 3667/3924/3643 3643/3898/3619 3642/3897/3618
f 3642/3897/3618 3666/3923/3642 3667/3924/3643
f 3668/3925/3644 3644/3899/3620 3643/3898/3619
f 3643/3898/3619 3667/3924/3643 3668/3925/3644
f 3669/3926/3645 3645/3900/3621 3644/3899/3620
f 3644/3899/3620 3668/3925/3644 3669/3926/3645
f 3670/3927/3646 3646/3901/3622 3645/3900/3621
f 3645/3900/3621 3669/3926/3645 3670/3927/3646
f 3671/3928/3647 3647/3902/3623 3646/3903/3622
f 3646/3903/3622 3670/3929/3646 3671/3928/3647
f 3672/3930/3648 3648/3904/3624 3647/3902/3623
f 3647/3902/3623 3671/3928/3647 3672/3930/3648
f 3673/3931/3649 3649/3905/3625 3648/3904/3624
f 3648/3904/3624 3672/3930/3648 3673/3931/3649
f 3674/3932/3650 3650/3906/3626 3649/3905/3625
f 3649/3905/3625 3673/3931/3649 3674/3932/3650
f 3675/3933/3651 3651/3907/3627 3650/3906/3626
f 3650/3906/3626 3674/3932/3650 3675/3933/3651
f 3676/3934/3652 3652/3908/3628 3651/3907/3627
f 3651/3907/3627 3675/3933/3651 3676/3934/3652
f 3677/3935/3653 3653/3909/3629 3652/3908/3628
f 3652/3908/3628 3676/3934/3652 3677/3935/3653
f 3678/3936/3654 3654/3910/3630 3653/3909/3629
f 3653/3909/3629 3677/3935/3653 3678/3936/3654
f 3679/3937/3655 3655/3911/3631 3654/3910/3630
f 3654/3910/3630 3678/3936/3654 3679/3937/3655
f 3680/3938/3656 3656/3912/3632 3655/3911/3631
f 3655/3911/3631 3679/3937/3655 3680/3938/3656
f 3681/3939/3657 3657/3913/3633 3656/3912/3632
f 3656/3912/3632 3680/3938/3656 3681/3939/3657
f 3682/3940/3658 3658/3914/3634 3657/3913/3633
f 3657/3913/3633 3681/3939/3657 3682/3940/3658
f 3683/3941/3659 3659/3915/3635 3658/3916/3634
f 3658/3916/3634 3682/3942/3658 3683/3941/3659
f 3661/3918/3637 3637/3892/3613 3659/3915/3635
f 3659/3915/3635 3683/3941/3659 3661/3918/3637
f 3684/3943/3660 3660/3917/3636 3661/3918/3637
f 3661/3918/3637 3685/3944/3661 3684/3943/3660
f 3686/3945/3662 3662/3919/3638 3660/3917/3636
f 3660/3917/3636 3684/3943/3660 3686/3945/3662
f 3687/3946/3663 3663/3920/3639 3662/3919/3638
f 3662/3919/3638 3686/3945/3662 3687/3946/3663
f 3688/3947/3664 3664/3921/3640 3663/3920/3639
f 3663/3920/3639 3687/3946/3663 3688/3947/3664
f 3689/3948/3665 3665/3922/3641 3664/3921/3640
f 3664/3921/3640 3688/3947/3664 3689/3948/3665
f 3690/3949/3666 3666/3923/3642 3665/3922/3641
f 3665/3922/3641 3689/3948/3665 3690/3949/3666
f 3691/3950/3667 3667/3924/3643 3666/3923/3642
f 3666/3923/3642 3690/3949/3666 3691/3950/3667
f 3692/3951/3668 3668/3925/3644 3667/3924/3643
f 3667/3924/3643 3691/3950/3667 3692/3951/3668
f 3693/3952/3669 3669/3926/3645 3668/3925/3644
f 3668/3925/3644 3692/3951/3668 3693/3952/3669
f 3694/3953/3670 3670/3927/3646 3669/3926/3645
f 3669/3926/3645 3693/3952/3669 3694/3953/3670
f 3695/3954/3671 3671/3928/3647 3670/3929/3646
f 3670/3929/3646 3694/3955/3670 3695/3954/3671
f 3696/3956/3672 3672/3930/3648 3671/3928/3647
f 3671/3928/3647 3695/3954/3671 3696/3956/3672
f 3697/3957/3673 3673/3931/3649 3672/3930/3648
f 3672/3930/3648 3696/3956/3672 3697/3957/3673
f 3698/3958/3674 3674/3932/3650 3673/3931/3649
f 3673/3931/3649 3697/3957/3673 3698/3958/3674
f 3699/3959/3675 3675/3933/3651 3674/3932/3650
f 3674/3932/3650 3698/3958/3674 3699/3959/3675
f 3700/3960/3676 3676/3934/3652 3675/3933/3651
f 3675/3933/3651 3699/3959/3675 3700/3960/3676
f 3701/3961/3677 3677/3935/3653 3676/3934/3652
f 3676/3934/3652 3700/3960/3676 3701/3961/3677
f 3702/3962/3678 3678/3936/3654 3677/3935/3653
f 3677/3935/3653 3701/3961/3677 3702/3962/3678
f 3703/3963/3679 3679/3937/3655 3678/3936/3654
f 3678/3936/3654 3702/3962/3678 3703/3963/3679
f 3704/3964/3680 3680/3938/3656 3679/3937/3655
f 3679/3937/3655 3703/3963/3679 3704/3964/3680
f 3705/3965/3681 3681/3939/3657 3680/3938/3656
f 3680/3938/3656 3704/3964/3680 3705/3965/3681
f 3706/3966/3682 3682/3940/3658 3681/3939/3657
f 3681/3939/3657 3705/3965/3681 3706/3966/3682
f 3707/3967/3683 3683/3941/3659 3682/3942/3658
f 3682/3942/3658 3706/3968/3682 3707/3967/3683
f 3685/3944/3661 3661/3918/3637 3683/3941/3659
f 3683/3941/3659 3707/3967/3683 3685/3944/3661
f 3708/3969/3684 3684/3943/3660 3685/3944/3661
f 3685/3944/3661 3709/3970/3685 3708/3969/3684
f 3710/3971/3686 3686/3945/3662 3684/3943/3660
f 3684/3943/3660 3708/3969/3684 3710/3971/3686
f 3711/3972/3687 3687/3946/3663 3686/3945/3662
f 3686/3945/3662 3710/3971/3686 3711/3972/3687
f 3712/3973/3688 3688/3947/3664 3687/3946/3663
f 3687/3946/3663 3711/3972/3687 3712/3973/3688
f 3713/3974/3689 3689/3948/3665 3688/3947/3664
f 3688/3947/3664 3712/3973/3688 3713/3974/3689
f 3714/3975/3690 3690/3949/3666 3689/3948/3665
f 3689/3948/3665 3713/3974/3689 3714/3975/3690
f 3715/3976/3691 3691/3950/3667 3690/3949/3666
f 3690/3949/3666 3714/3975/3690 3715/3976/3691
f 3716/3977/3692 3692/3951/3668 3691/3950/3667
f 3691/3950/3667 3715/3976/3691 3716/3977/3692
f 3717/3978/3693 3693/3952/3669 3692/3951/3668
f 3692/3951/3668 3716/3977/3692 3717/3978/3693
f 3718/3979/3694 3694/3953/3670 3693/3952/3669
f 3693/3952/3669 3717/3978/3693 3718/3979/3694
f 3719/3980/3695 3695/3954/3671 3694/3955/3670
f 3694/3955/3670 3718/3981/3694 3719/3980/3695
f 3720/3982/3696 3696/3956/3672 3695/3954/3671
f 3695/3954/3671 3719/3980/3695 3720/3982/3696
f 3721/3983/3697 3697/3957/3673 3696/3956/3672
f 3696/3956/3672 3720/3982/3696 3721/3983/3697
f 3722/3984/3698 3698/3958/3674 3697/3957/3673
f 3697/3957/3673 3721/3983/3697 3722/3984/3698
f 3723/3985/3699 3699/3959/3675 3698/3958/3674
f 3698/3958/3674 3722/3984/3698 3723/3985/3699
f 3724/3986/3700 3700/3960/3676 3699/3959/3675
f 3699/3959/3675 3723/3985/3699 3724/3986/3700
f 3725/3987/3701 3701/3961/3677 3700/3960/3676
f 3700/3960/3676 3724/3986/3700 3725/3987/3701
f 3726/3988/3702 3702/3962/3678 3701/3961/3677
f 3701/3961/3677 3725/3987/3701 3726/3988/3702
f 3727/3989/3703 3703/3963/3679 3702/3962/3678
f 3702/3962/3678 3726/3988/3702 3727/3989/3703
f 3728/3990/3704 3704/3964/3680 3703/3963/3679
f 3703/3963/3679 3727/3989/3703 3728/3990/3704
f 3729/3991/3705 3705/3965/3681 3704/3964/3680
f 3704/3964/3680 3728/3990/3704 3729/3991/3705
f 3730/3992/3706 3706/3966/3682 3705/3965/3681
f 3705/3965/3681 3729/3991/3705 3730/3992/3706
f 3731/3993/3707 3707/3967/3683 3706/3968/3682
f 3706/3968/3682 3730/3994/3706 3731/3993/3707
f 3709/3970/3685 3685/3944/3661 3707/3967/3683
f 3707/3967/3683 3731/3993/3707 3709/3970/3685
f 3732/3995/3708 3708/3969/3684 3709/3970/3685
f 3709/3970/3685 3733/3996/3709 3732/3995/3708
f 3734/3997/3710 3710/3971/3686 3708/3969/3684
f 3708/3969/3684 3732/3995/3708 3734/3997/3710
f 3735/3998/3711 3711/3972/3687 3710/3971/3686
f 3710/3971/3686 3734/3997/3710 3735/3998/3711
f 3736/3999/3712 3712/3973/3688 3711/3972/3687
f 3711/3972/3687 3735/3998/3711 3736/3999/3712
f 3737/4000/3713 3713/3974/3689 3712/3973/3688
f 3712/3973/3688 3736/3999/3712 3737/4000/3713
f 3738/4001/3714 3714/3975/3690 3713/3974/3689
f 3713/3974/3689 3737/4000/3713 3738/4001/3714
f 3739/4002/3715 3715/3976/3691 3714/3975/3690
f 3714/3975/3690 3738/4001/3714 3739/4002/3715
f 3740/4003/3716 3716/3977/3692 3715/3976/3691
f 3715/3976/3691 3739/4002/3715 3740/4003/3716
f 3741/4004/3717 3717/3978/3693 3716/3977/3692
f 3716/3977/3692 3740/4003/3716 3741/4004/3717
f 3742/4005/3718 3718/3979/3694 3717/3978/3693
f 3717/3978/3693 3741/4004/3717 3742/4005/3718
f 3743/4006/3719 3719/3980/3695 3718/3981/3694
f 3718/3981/3694 3742/4007/3718 3743/4006/3719
f 3744/4008/3720 3720/3982/3696 3719/3980/3695
f 3719/3980/3695 3743/4006/3719 3744/4008/3720
f 3745/4009/3721 3721/3983/3697 3720/3982/3696
f 3720/3982/3696 3744/4008/3720 3745/4009/3721
f 3746/4010/3722 3722/3984/3698 3721/3983/3697
f 3721/3983/3697 3745/4009/3721 3746/4010/3722
f 3747/4011/3723 3723/3985/3699 3722/3984/3698
f 3722/3984/3698 3746/4010/3722 3747/4011/3723
f 3748/4012/3724 3724/3986/3700 3723/3985/3699
f 3723/3985/3699 3747/4011/3723 3748/4012/3724
f 3749/4013/3725 3725/3987/3701 3724/3986/3700
f 3724/3986/3700 3748/4012/3724 3749/4013/3725
f 3750/4014/3726 3726/3988/3702 3725/3987/3701
f 3725/3987/3701 3749/4013/3725 3750/4014/3726
f 3751/4015/3727 3727/3989/3703 3726/3988/3702
f 3726/3988/3702 3750/4014/3726 3751/4015/3727
f 3752/4016/3728 3728/3990/3704 3727/3989/3703
f 3727/3989/3703 3751/4015/3727 3752/4016/3728
f 3753/4017/3729 3729/3991/3705 3728/3990/3704
f 3728/3990/3704 3752/4016/3728 3753/4017/3729
f 3754/4018/3730 3730/3992/3706 3729/3991/3705
f 3729/3991/3705 3753/4017/3729 3754/4018/3730
f 3755/4019/3731 3731/3993/3707 3730/3994/3706
f 3730/3994/3706 3754/4020/3730 3755/4019/3731
f 3733/3996/3709 3709/3970/3685 3731/3993/3707
f 3731/3993/3707 3755/4019/3731 3733/3996/3709
f 3756/4021/3732 3732/3995/3708 3733/3996/3709
f 3733/3996/3709 3757/4022/3733 3756/4021/3732
f 3758/4023/3734 3734/3997/3710 3732/3995/3708
f 3732/3995/3708 3756/4021/3732 3758/4023/3734
f 3759/4024/3735 3735/3998/3711 3734/3997/3710
f 3734/3997/3710 3758/4023/3734 3759/4024/3735
f 3760/4025/3736 3736/3999/3712 3735/3998/3711
f 3735/3998/3711 3759/4024/3735 3760/4025/3736
f 3761/4026/3737 3737/4000/3713 3736/3999/3712
f 3736/3999/3712 3760/4025/3736 3761/4026/3737
f 3762/4027/3738 3738/4001/3714 3737/4000/3713
f 3737/4000/3713 3761/4026/3737 3762/4027/3738
f 3763/4028/3739 3739/4002/3715 3738/4001/3714
f 3738/4001/3714 3762/4027/3738 3763/4028/3739
f 3764/4029/3740 3740/4003/3716 3739/4002/3715
f 3739/4002/3715 3763/4028/3739 3764/4029/3740
f 3765/4030/3741 3741/4004/3717 3740/4003/3716
f 3740/4003/3716 3764/4029/3740 3765/4030/3741
f 3766/4031/3742 3742/4005/3718 3741/4004/3717
f 3741/4004/3717 3765/4030/3741 3766/4031/3742
f 3767/4032/3743 3743/4006/3719 3742/4007/3718
f 3742/4007/3718 3766/4033/3742 3767/4032/3743
f 3768/4034/3744 3744/4008/3720 3743/4006/3719
f 3743/4006/3719 3767/4032/3743 3768/4034/3744
f 3769/4035/3745 3745/4009/3721 3744/4008/3720
f 3744/4008/3720 3768/4034/3744 3769/4035/3745
f 3770/4036/3746 3746/4010/3722 3745/4009/3721
f 3745/4009/3721 3769/4035/3745 3770/4036/3746
f 3771/4037/3747 3747/4011/3723 3746/4010/3722
f 3746/4010/3722 3770/4036/3746 3771/4037/3747
f 3772/4038/3748 3748/4012/3724 3747/4011/3723
f 3747/4011/3723 3771/4037/3747 3772/4038/3748
f 3773/4039/3749 3749/4013/3725 3748/4012/3724
f 3748/4012/3724 3772/4038/3748 3773/4039/3749
f 3774/4040/3750 3750/4014/3726 3749/4013/3725
f 3749/4013/3725 3773/4039/3749 3774/4040/3750
f 3775/4041/3751 3751/4015/3727 3750/4014/3726
f 3750/4014/3726 3774/4040/3750 3775/4041/3751
f 3776/4042/3752 3752/4016/3728 3751/4015/3727
f 3751/4015/3727 3775/4041/3751 3776/4042/3752
f 3777/4043/3753 3753/4017/3729 3752/4016/3728
f 3752/4016/3728 3776/4042/3752 3777/4043/3753
f 3778/4044/3754 3754/4018/3730 3753/4017/3729
f 3753/4017/3729 3777/4043/3753 3778/4044/3754
f 3779/4045/3755 3755/4019/3731 3754/4020/3730
f 3754/4020/3730 3778/4046/3754 3779/4045/3755
f 3757/4022/3733 3733/3996/3709 3755/4019/3731
f 3755/4019/3731 3779/4045/3755 3757/4022/3733
f 3780/4047/3756 3756/4021/3732 3757/4022/3733
f 3757/4022/3733 3781/4048/3757 3780/4047/3756
f 3782/4049/3758 3758/4023/3734 3756/4021/3732
f 3756/4021/3732 3780/4047/3756 3782/4049/3758
f 3783/4050/3759 3759/4024/3735 3758/4023/3734
f 3758/4023/3734 3782/4049/3758 3783/4050/3759
f 3784/4051/3760 3760/4025/3736 3759/4024/3735
f 3759/4024/3735 3783/4050/3759 3784/4051/3760
f 3785/4052/3761 3761/4026/3737 3760/4025/3736
f 3760/4025/3736 3784/4051/3760 3785/4052/3761
f 3786/4053/3762 3762/4027/3738 3761/4026/3737
f 3761/4026/3737 3785/4052/3761 3786/4053/3762
f 3787/4054/3763 3763/4028/3739 3762/4027/3738
f 3762/4027/3738 3786/4053/3762 3787/4054/3763
f 3788/4055/3764 3764/4029/3740 3763/4028/3739
f 3763/4028/3739 3787/4054/3763 3788/4055/3764
f 3789/4056/3765 3765/4030/3741 3764/4029/3740
f 3764/4029/3740 3788/4055/3764 3789/4056/3765
f 3790/4057/3766 3766/4031/3742 3765/4030/3741
f 3765/4030/3741 3789/4056/3765 3790/4057/3766
f 3791/4058/3767 3767/4032/3743 3766/4033/3742
f 3766/4033/3742 3790/4059/3766 3791/4058/3767
f 3792/4060/3768 3768/4034/3744 3767/4032/3743
f 3767/4032/3743 3791/4058/3767 3792/4060/3768
f 3793/4061/3769 3769/4035/3745 3768/4034/3744
f 3768/4034/3744 3792/4060/3768 3793/4061/3769
f 3794/4062/3770 3770/4036/3746 3769/4035/3745
f 3769/4035/3745 3793/4061/3769 3794/4062/3770
f 3795/4063/3771 3771/4037/3747 3770/4036/3746
f 3770/4036/3746 3794/4062/3770 3795/4063/3771
f 3796/4064/3772 3772/4038/3748 3771/4037/3747
f 3771/4037/3747 3795/4063/3771 3796/4064/3772
f 3797/4065/3773 3773/4039/3749 3772/4038/3748
f 3772/4038/3748 3796/4064/3772 3797/4065/3773
f 3798/4066/3774 3774/4040/3750 3773/4039/3749
f 3773/4039/3749 3797/4065/3773 3798/4066/3774
f 3799/4067/3775 3775/4041/3751 3774/4040/3750
f 3774/4040/3750 3798/4066/3774 3799/4067/3775
f 3800/4068/3776 3776/4042/3752 3775/4041/3751
f 3775/4041/3751 3799/4067/3775 3800/4068/3776
f 3801/4069/3777 3777/4043/3753 3776/4042/3752
f 3776/4042/3752 3800/4068/3776 3801/4069/3777
f 3802/4070/3778 3778/4044/3754 3777/4043/3753
f 3777/4043/3753 3801/4069/3777 3802/4070/3778
f 3803/4071/3779 3779/4045/3755 3778/4046/3754
f 3778/4046/3754 3802/4072/3778 3803/4071/3779
f 3781/4048/3757 3757/4022/3733 3779/4045/3755
f 3779/4045/3755 3803/4071/3779 3781/4048/3757
f 3804/4073/3780 3780/4047/3756 3781/4048/3757
f 3781/4048/3757 3805/4074/3781 3804/4073/3780
f 3806/4075/3782 3782/4049/3758 3780/4047/3756
f 3780/4047/3756 3804/4073/3780 3806/4075/3782
f 3807/4076/3783 3783/4050/3759 3782/4049/3758
f 3782/4049/3758 3806/4075/3782 3807/4076/3783
f 3808/4077/3784 3784/4051/3760 3783/4050/3759
f 3783/4050/3759 3807/4076/3783 3808/4077/3784
f 3809/4078/3785 3785/4052/3761 3784/4051/3760
f 3784/4051/3760 3808/4077/3784 3809/4078/3785
f 3810/4079/3786 3786/4053/3762 3785/4052/3761
f 3785/4052/3761 3809/4078/3785 3810/4079/3786
f 3811/4080/3787 3787/4054/3763 3786/4053/3762
f 3786/4053/3762 3810/4079/3786 3811/4080/3787
f 3812/4081/3788 3788/4055/3764 3787/4054/3763
f 3787/4054/3763 3811/4080/3787 3812/4081/3788
f 3813/4082/3789 3789/4056/3765 3788/4055/3764
f 3788/4055/3764 3812/4081/3788 3813/4082/3789
f 3814/4083/3790 3790/4057/3766 3789/4056/3765
f 3789/4056/3765 3813/4082/3789 3814/4083/3790
f 3815/4084/3791 3791/4085/3767 3790/4057/3766
f 3790/4057/3766 3814/4083/3790 3815/4084/3791
f 3816/4086/3792 3792/4060/3768 3791/4058/3767
f 3791/4058/3767 3815/4087/3791 3816/4086/3792
f 3817/4088/3793 3793/4061/3769 3792/4060/3768
f 3792/4060/3768 3816/4086/3792 3817/4088/3793
f 3818/4089/3794 3794/4062/3770 3793/4061/3769
f 3793/4061/3769 3817/4088/3793 3818/4089/3794
f 3819/4090/3795 3795/4063/3771 3794/4062/3770
f 3794/4062/3770 3818/4089/3794 3819/4090/3795
f 3820/4091/3796 3796/4064/3772 3795/4063/3771
f 3795/4063/3771 3819/4090/3795 3820/4091/3796
f 3821/4092/3797 3797/4065/3773 3796/4064/3772
f 3796/4064/3772 3820/4091/3796 3821/4092/3797
f 3822/4093/3798 3798/4066/3774 3797/4065/3773
f 3797/4065/3773 3821/4092/3797 3822/4093/3798
f 3823/4094/3799 3799/4067/3775 3798/4066/3774
f 3798/4066/3774 3822/4093/3798 3823/4094/3799
f 3824/4095/3800 3800/4068/3776 3799/4067/3775
f 3799/4067/3775 3823/4094/3799 3824/4095/3800
f 3825/4096/3801 3801/4069/3777 3800/4068/3776
f 3800/4068/3776 3824/4095/3800 3825/4096/3801
f 3826/4097/3802 3802/4070/3778 3801/4069/3777
f 3801/4069/3777 3825/4096/3801 3826/4097/3802
f 3827/4098/3803 3803/4099/3779 3802/4070/3778
f 3802/4070/3778 3826/4097/3802 3827/4098/3803
f 3805/4074/3781 3781/4048/3757 3803/4071/3779
f 3803/4071/3779 3827/4100/3803 3805/4074/3781
f 3828/4101/3804 3804/4073/3780 3805/4074/3781
f 3805/4074/3781 3829/4102/3805 3828/4101/3804
f 3830/4103/3806 3806/4075/3782 3804/4073/3780
f 3804/4073/3780 3828/4101/3804 3830/4103/3806
f 3831/4104/3807 3807/4076/3783 3806/4075/3782
f 3806/4075/3782 3830/4103/3806 3831/4104/3807
f 3832/4105/3808 3808/4077/3784 3807/4076/3783
f 3807/4076/3783 3831/4104/3807 3832/4105/3808
f 3833/4106/3809 3809/4078/3785 3808/4077/3784
f 3808/4077/3784 3832/4105/3808 3833/4106/3809
f 3834/4107/3810 3810/4079/3786 3809/4078/3785
f 3809/4078/3785 3833/4106/3809 3834/4107/3810
f 3835/4108/3811 3811/4080/3787 3810/4079/3786
f 3810/4079/3786 3834/4107/3810 3835/4108/3811
f 3836/4109/3812 3812/4081/3788 3811/4080/3787
f 3811/4080/3787 3835/4108/3811 3836/4109/3812
f 3837/4110/3813 3813/4082/3789 3812/4081/3788
f 3812/4081/3788 3836/4109/3812 3837/4110/3813
f 3838/4111/3814 3814/4083/3790 3813/4082/3789
f 3813/4082/3789 3837/4110/3813 3838/4111/3814
f 3839/4112/3815 3815/4084/3791 3814/4083/3790
f 3814/4083/3790 3838/4111/3814 3839/4112/3815
f 3840/4113/3816 3816/4086/3792 3815/4087/3791
f 3815/4087/3791 3839/4114/3815 3840/4113/3816
f 3841/4115/3817 3817/4088/3793 3816/4086/3792
f 3816/4086/3792 3840/4113/3816 3841/4115/3817
f 3842/4116/3818 3818/4089/3794 3817/4088/3793
f 3817/4088/3793 3841/4115/3817 3842/4116/3818
f 3843/4117/3819 3819/4090/3795 3818/4089/3794
f 3818/4089/3794 3842/4116/3818 3843/4117/3819
f 3844/4118/3820 3820/4091/3796 3819/4090/3795
f 3819/4090/3795 3843/4117/3819 3844/4118/3820
f 3845/4119/3821 3821/4092/3797 3820/4091/3796
f 3820/4091/3796 3844/4118/3820 3845/4119/3821
f 3846/4120/3822 3822/4093/3798 3821/4092/3797
f 3821/4092/3797 3845/4119/3821 3846/4120/3822
f 3847/4121/3823 3823/4094/3799 3822/4093/3798
f 3822/4093/3798 3846/4120/3822 3847/4121/3823
f 3848/4122/3824 3824/4095/3800 3823/4094/3799
f 3823/4094/3799 3847/4121/3823 3848/4122/3824
f 3849/4123/3825 3825/4096/3801 3824/4095/3800
f 3824/4095/3800 3848/4122/3824 3849/4123/3825
f 3850/4124/3826 3826/4097/3802 3825/4096/3801
f 3825/4096/3801 3849/4123/3825 3850/4124/3826
f 3851/4125/3827 3827/4098/3803 3826/4097/3802
f 3826/4097/3802 3850/4124/3826 3851/4125/3827
f 3829/4102/3805 3805/4074/3781 3827/4100/3803
f 3827/4100/3803 3851/4126/3827 3829/4102/3805
f 3852/4127/3828 3828/4101/3804 3829/4102/3805
f 3829/4102/3805 3853/4128/3829 3852/4127/3828
f 3854/4129/3830 3830/4103/3806 3828/4101/3804
f 3828/4101/3804 3852/4127/3828 3854/4129/3830
f 3855/4130/3831 3831/4104/3807 3830/4103/3806
f 3830/4103/3806 3854/4129/3830 3855/4130/3831
f 3856/4131/3832 3832/4105/3808 3831/4104/3807
f 3831/4104/3807 3855/4130/3831 3856/4131/3832
f 3857/4132/3833 3833/4106/3809 3832/4105/3808
f 3832/4105/3808 3856/4131/3832 3857/4132/3833
f 3858/4133/3834 3834/4107/3810 3833/4106/3809
f 3833/4106/3809 3857/4132/3833 3858/4133/3834
f 3859/4134/3835 3835/4108/3811 3834/4107/3810
f 3834/4107/3810 3858/4133/3834 3859/4134/3835
f 3860/4135/3836 3836/4109/3812 3835/4108/3811
f 3835/4108/3811 3859/4134/3835 3860/4135/3836
f 3861/4136/3837 3837/4110/3813 3836/4109/3812
f 3836/4109/3812 3860/4135/3836 3861/4136/3837
f 3862/4137/3838 3838/4111/3814 3837/4110/3813
f 3837/4110/3813 3861/4136/3837 3862/4137/3838
f 3863/4138/3839 3839/4112/3815 3838/4111/3814
f 3838/4111/3814 3862/4137/3838 3863/4138/3839
f 3864/4139/3840 3840/4113/3816 3839/4114/3815
f 3839/4114/3815 3863/4140/3839 3864/4139/3840
f 3865/4141/3841 3841/4115/3817 3840/4113/3816
f 3840/4113/3816 3864/4139/3840 3865/4141/3841
f 3866/4142/3842 3842/4116/3818 3841/4115/3817
f 3841/4115/3817 3865/4141/3841 3866/4142/3842
f 3867/4143/3843 3843/4117/3819 3842/4116/3818
f 3842/4116/3818 3866/4142/3842 3867/4143/3843
f 3868/4144/3844 3844/4118/3820 3843/4117/3819
f 3843/4117/3819 3867/4143/3843 3868/4144/3844
f 3869/4145/3845 3845/4119/3821 3844/4118/3820
f 3844/4118/3820 3868/4144/3844 3869/4145/3845
f 3870/4146/3846 3846/4120/3822 3845/4119/3821
f 3845/4119/3821 3869/4145/3845 3870/4146/3846
f 3871/4147/3847 3847/4121/3823 3846/4120/3822
f 3846/4120/3822 3870/4146/3846 3871/4147/3847
f 3872/4148/3848 3848/4122/3824 3847/4121/3823
f 3847/4121/3823 3871/4147/3847 3872/4148/3848
f 3873/4149/3849 3849/4123/3825 3848/4122/3824
f 3848/4122/3824 3872/4148/3848 3873/4149/3849
f 3874/4150/3850 3850/4124/3826 3849/4123/3825
f 3849/4123/3825 3873/4149/3849 3874/4150/3850
f 3875/4151/3851 3851/4125/3827 3850/4124/3826
f 3850/4124/3826 3874/4150/3850 3875/4151/3851
f 3853/4128/3829 3829/4102/3805 3851/4126/3827
f 3851/4126/3827 3875/4152/3851 3853/4128/3829
f 3443/3681/3419 3445/3680/3421 3447/3684/3423
f 3451/3688/3427 3453/3690/3429 3455/3692/3431
f 3451/3688/3427 3455/3692/3431 3457/3694/3433
f 3451/3688/3427 3457/3694/3433 3459/3696/3435
f 3451/3688/3427 3459/3696/3435 3461/3698/3437
f 3451/3688/3427 3461/3698/3437 3463/3700/3439
f 3451/3688/3427 3463/3700/3439 3465/3702/3441
f 3451/3688/3427 3465/3702/3441 3467/3704/3443
f 3451/3688/3427 3467/3704/3443 3422/4153/3398
f 3451/3688/3427 3422/4153/3398 3421/4154/3397
f 3451/3688/3427 3421/4154/3397 3425/4155/3401
f 3451/3688/3427 3425/4155/3401 3427/4156/3403
f 3451/3688/3427 3427/4156/3403 3429/4157/3405
f 3451/3688/3427 3429/4157/3405 3431/4158/3407
f 3451/3688/3427 3431/4158/3407 3433/4159/3409
f 3451/3688/3427 3433/4159/3409 3435/4160/3411
f 3451/3688/3427 3435/4160/3411 3437/4161/3413
f 3451/3688/3427 3437/4161/3413 3439/4162/3415
f 3449/3686/3425 3451/3688/3427 3439/4162/3415
f 3449/3686/3425 3439/4162/3415 3441/4163/3417
f 3447/3684/3423 3449/3686/3425 3441/4163/3417
f 3443/3681/3419 3447/3684/3423 3441/4163/3417
f 3869/4164/3845 3868/4165/3844 3867/4166/3843
f 3870/4167/3846 3869/4164/3845 3867/4166/3843
f 3871/4168/3847 3870/4167/3846 3867/4166/3843
f 3872/4169/3848 3871/4168/3847 3867/4166/3843
f 3873/4170/3849 3872/4169/3848 3867/4166/3843
f 3874/4171/3850 3873/4170/3849 3867/4166/3843
f 3875/4152/3851 3874/4171/3850 3867/4166/3843
f 3853/4128/3829 3875/4152/3851 3867/4166/3843
f 3852/4127/3828 3853/4128/3829 3867/4166/3843
f 3854/4129/3830 3852/4127/3828 3867/4166/3843
f 3855/4130/3831 3854/4129/3830 3867/4166/3843
f 3856/4131/3832 3855/4130/3831 3867/4166/3843
f 3857/4132/3833 3856/4131/3832 3867/4166/3843
f 3858/4133/3834 3857/4132/3833 3867/4166/3843
f 3859/4134/3835 3858/4133/3834 3867/4166/3843
f 3860/4135/3836 3859/4134/3835 3867/4166/3843
f 3861/4136/3837 3860/4135/3836 3867/4166/3843
f 3861/4136/3837 3867/4166/3843 3866/4172/3842
f 3862/4137/3838 3861/4136/3837 3866/4172/3842
f 3862/4137/3838 3866/4172/3842 3865/4173/3841
f 3863/4138/3839 3862/4137/3838 3865/4173/3841
f 3863/4138/3839 3865/4173/3841 3864/4174/3840
s 3
f 2967/3124/2943 2966/3122/2942 3876/4175/3852
f 3876/4175/3852 3877/4176/3853 2967/3124/2943
f 2968/3125/2944 2967/3124/2943 3877/4176/3853
f 3877/4176/3853 3878/4177/3854 2968/3125/2944
f 2969/3126/2945 2968/3125/2944 3878/4177/3854
f 3878/4177/3854 3879/4178/3855 2969/3126/2945
f 2970/3127/2946 2969/3126/2945 3879/4178/3855
f 3879/4178/3855 3880/4179/3856 2970/3127/2946
f 2971/3128/2947 2970/3127/2946 3880/4179/3856
f 3880/4179/3856 3881/4180/3857 2971/3128/2947
f 2972/3129/2948 2971/3128/2947 3881/4180/3857
f 3881/4180/3857 3882/4181/3858 2972/3129/2948
f 2973/3130/2949 2972/3129/2948 3882/4181/3858
f 3882/4181/3858 3883/4182/3859 2973/3130/2949
f 2974/3131/2950 2973/3130/2949 3883/4182/3859
f 3883/4182/3859 3884/4183/3860 2974/3131/2950
f 2975/3132/2951 2974/3131/2950 3884/4183/3860
f 3884/4183/3860 3885/4184/3861 2975/3132/2951
f 2976/3133/2952 2975/3132/2951 3885/4184/3861
f 3885/4184/3861 3886/4185/3862 2976/3133/2952
f 2977/3134/2953 2976/3133/2952 3886/4185/3862
f 3886/4185/3862 3887/4186/3863 2977/3134/2953
f 2978/3135/2954 2977/3136/2953 3887/4187/3863
f 3887/4187/3863 3888/4188/3864 2978/3135/2954
f 2979/3137/2955 2978/3135/2954 3888/4188/3864
f 3888/4188/3864 3889/4189/3865 2979/3137/2955
f 2980/3138/2956 2979/3137/2955 3889/4189/3865
f 3889/4189/3865 3890/4190/3866 2980/3138/2956
f 2981/3139/2957 2980/3138/2956 3890/4190/3866
f 3890/4190/3866 3891/4191/3867 2981/3139/2957
f 2982/3140/2958 2981/3139/2957 3891/4191/3867
f 3891/4191/3867 3892/4192/3868 2982/3140/2958
f 2983/3141/2959 2982/3140/2958 3892/4192/3868
f 3892/4192/3868 3893/4193/3869 2983/3141/2959
f 2984/3142/2960 2983/3141/2959 3893/4193/3869
f 3893/4193/3869 3894/4194/3870 2984/3142/2960
f 2985/3143/2961 2984/3142/2960 3894/4194/3870
f 3894/4194/3870 3895/4195/3871 2985/3143/2961
f 2986/3144/2962 2985/3143/2961 3895/4195/3871
f 3895/4195/3871 3896/4196/3872 2986/3144/2962
f 2987/3145/2963 2986/3144/2962 3896/4196/3872
f 3896/4196/3872 3897/4197/3873 2987/3145/2963
f 2965/3121/2941 2987/3145/2963 3897/4197/3873
f 3897/4197/3873 3898/4198/3874 2965/3121/2941
f 2964/3120/2940 2965/3121/2941 3898/4198/3874
f 3898/4198/3874 3899/4199/3875 2964/3120/2940
f 2966/3122/2942 2964/3123/2940 3899/4200/3875
f 3899/4200/3875 3876/4175/3852 2966/3122/2942
f 3877/4176/3853 3876/4175/3852 2989/3147/2965
f 2989/3147/2965 2993/3151/2969 3877/4176/3853
f 3878/4177/3854 3877/4176/3853 2993/3151/2969
f 2993/3151/2969 2995/3153/2971 3878/4177/3854
f 3879/4178/3855 3878/4177/3854 2995/3153/2971
f 2995/3153/2971 2997/3155/2973 3879/4178/3855
f 3880/4179/3856 3879/4178/3855 2997/3155/2973
f 2997/3155/2973 2999/3157/2975 3880/4179/3856
f 3881/4180/3857 3880/4179/3856 2999/3157/2975
f 2999/3157/2975 3001/3159/2977 3881/4180/3857
f 3882/4181/3858 3881/4180/3857 3001/3159/2977
f 3001/3159/2977 3003/3161/2979 3882/4181/3858
f 3883/4182/3859 3882/4181/3858 3003/3161/2979
f 3003/3161/2979 3005/3163/2981 3883/4182/3859
f 3884/4183/3860 3883/4182/3859 3005/3163/2981
f 3005/3163/2981 3007/3165/2983 3884/4183/3860
f 3885/4184/3861 3884/4183/3860 3007/3165/2983
f 3007/3165/2983 3009/3167/2985 3885/4184/3861
f 3886/4185/3862 3885/4184/3861 3009/3167/2985
f 3009/3167/2985 3011/3169/2987 3886/4185/3862
f 3887/4186/3863 3886/4185/3862 3011/3169/2987
f 3011/3169/2987 3013/4201/2989 3887/4186/3863
f 3015/3175/2991 3888/4188/3864 3887/4187/3863
f 3887/4187/3863 3013/3171/2989 3015/3175/2991
f 3017/3177/2993 3889/4189/3865 3888/4188/3864
f 3888/4188/3864 3015/3175/2991 3017/3177/2993
f 3019/3179/2995 3890/4190/3866 3889/4189/3865
f 3889/4189/3865 3017/3177/2993 3019/3179/2995
f 3021/3181/2997 3891/4191/3867 3890/4190/3866
f 3890/4190/3866 3019/3179/2995 3021/3181/2997
f 3023/3183/2999 3892/4192/3868 3891/4191/3867
f 3891/4191/3867 3021/3181/2997 3023/3183/2999
f 3025/3185/3001 3893/4193/3869 3892/4192/3868
f 3892/4192/3868 3023/3183/2999 3025/3185/3001
f 3894/4194/3870 3893/4193/3869 3025/3185/3001
f 3025/3185/3001 3027/3187/3003 3894/4194/3870
f 3895/4195/3871 3894/4194/3870 3027/3187/3003
f 3027/3187/3003 3029/3189/3005 3895/4195/3871
f 3896/4196/3872 3895/4195/3871 3029/3189/3005
f 3029/3189/3005 3031/3191/3007 3896/4196/3872
f 3897/4197/3873 3896/4196/3872 3031/3191/3007
f 3031/3191/3007 3033/3193/3009 3897/4197/3873
f 3898/4198/3874 3897/4197/3873 3033/3193/3009
f 3033/3193/3009 3035/3195/3011 3898/4198/3874
f 3899/4199/3875 3898/4198/3874 3035/3195/3011
f 3035/3195/3011 2990/4202/2966 3899/4199/3875
f 3876/4175/3852 3899/4200/3875 2990/3148/2966
f 2990/3148/2966 2989/3147/2965 3876/4175/3852
